source_row,query_text
2,내가 원하는 무드는 차분하고 댄디한 느낌을 원함. 이런 내 스타일에 맞춰서 향수를 추천해줘. 향이 오래갔으면 좋겠음
3,시트러스 향처럼 시원하고 깔끔한 향
4,"향이 별로 안강했으면 좋겠어. 향에 민감해서 다른 향수 냄새를 맡으면 두통이 와.
그리고 자연스러운 향이 났으면 좋겠어. 너무 꾸민 티가 안나게. 그리고 가격대도 취준생 입장에서 부담스럽지 않아야해. "
5,나에게 어울리는 향수를 추천해줘 나는 자연 스럽고 산뜻한 느낌을 원해
6,운동하고 뿌리면 좋은 비싸지 않은 남자 향수 추천해줘.
7,남성이 쓸만한 여름에 어울리면서도 시트러스 향이 강한 향수를 추천해주세요. 은은한 향이면서도 지속력이 6시간 이상이었으면 좋겠어요.
8,"계절별로 향수를 추천해주세요.
여름에는 시트러스 계열의 향수 제품을 추천해주고,
봄, 가을에는 화이트 머스크 계열의 향수 제품,
겨울에는 우디 계열의 향수 제품을 추천해주세요."
9,여름에 사용할건데 시트러스 계열인데 지속성이 발향력이 좋은 녀석을 찾고있어. 내 성별은 남성이고 남성 스킨향이 조금 덜 났으면 좋겠어. 그리고 가격대는 30만원 이하로 추천해줘.
10,진한 꽃 냄새가 아닌 달달하고 은은한 향 / 편안하고 생기 넘치는 향
11,바디워시느낌이 나는 향수를 추천해주세요
12,너무 비싸지 않지만 남들이 쓰는 흔한 향수 말고 힙하면서 노트는 단순하거나 리니어하지 않고 복잡하면서도 탑에서 오는 존재감이 뚜렷하고 베이스는 바닐라나 럼 같은 쪽 말고 우드나 그나마 앰버 정도로 가되 너무 싼티나는 인공적인 향은 아니었으면 좋겠네
13,샤워하고 나온듯한 따뜻하고 포근한 느낌의 향기를 추천해줘
14,"음,, 클린웜코튼과 같은 샤워하고 나온 향기로운 냄새를 좋아하기도 하고, 포맨트 블랙처럼 무난한 향을 좋아하기도 해."
15,꽃냄새와 우드의 중간 계열이고 가볍지 않은 조금 무거운 향이 났으면 해. 무거운 향이지만 달달한 냄새로
16,여름 향수 추천해줘
17,"달달한 플로럴한 계열이 좋은데 남자가 사용할 거라 너무 여성스러운 느낌이 안 났으면 좋겠고, 또 너무 과한 시트러스 때문에 세제 냄새는 안 났으면 좋겠어."
18,싸가지 없어 보이지만 능력이 좋아서 재수없는 와중에 내사람이 되면 따뜻하고 유머있게 변하는 사람이 쓸만한 향수 추천해줘
19,"중성적인 향, 너무 강하지 않게, 산뜻하고 가벼운 느낌의 향수를 추천해줘. "
20,"상큼한 향 그리고, 맡으면 시원해지는 향수 추천해줘"
21,아로마티카 같이 허브 향이 나는 향수를 추천해줘.
22,꽃향기가 나면서도 시원한 느낌을 원해. 여자에게 이 남자 조금 신경 쓰는 남자라는 인상을 주고 싶어!
23,"나 향수를 잘 모르는데, 깔끔한 스타일의 향을 필요로 해. 최대 15만원 안팎"
24,"나 비누향 엄청 좋아하는데 은은하면서 포근한, 부담스럽지 않은 향수를 추천해줘. 나는 20대 후반의 남자이고, 과한 향은 어지러워 하는 편이야. 특히 목욕탕 스킨 냄새는 진짜 싫어해."
25,"이 편지는 영국에서 최초로 시작되어 일년에 한바퀴를 돌면서 받는 사람에게 행운을 주었고 지금은 당신에게로 옮겨진 이 편지는 4일 안에 당신 곁을 떠나야 합니다. 이 편지를 포함해서 7통을 행운이 필요한 사람에게 보내 주셔야 합니다. 복사를 해도 좋습니다. 혹 미신이라 하실지 모르지만 사실입니다.

영국에서 HGXWCH이라는 사람은 1930년에 이 편지를 받았습니다. 그는 비서에게 복사해서 보내라고 했습니다. 며칠 뒤에 복권이 당첨되어 20억을 받았습니다. 어떤 이는 이 편지를 받았으나 96시간 이내 자신의 손에서 떠나야 한다는 사실을 잊었습니다. 그는 곧 사직되었습니다. 나중에야 이 사실을 알고 7통의 편지를 보냈는데 다시 좋은 직장을 얻었습니다. 미국의 케네디 대통령은 이 편지를 받았지만 그냥 버렸습니다. 결국 9일 후 그는 암살당했습니다. 기억해 주세요. 이 편지를 보내면 7년의 행운이 있을 것이고 그렇지 않으면 3년의 불행이 있을 것입니다. 그리고 이 편지를 버리거나 낙서를 해서는 절대로 안됩니다. 7통입니다. 이 편지를 받은 사람은 행운이 깃들 것입니다. 힘들겠지만 좋은 게 좋다고 생각하세요. 7년의 행운을 빌면서... 가 연상되는 향수가 뭐가 있을까?"
26,내가 쓰는 향수랑 비슷한 향이 나는 다른 향수가 궁금하다
27,플로럴? 꽃 냄새는 별로고 좀 포근하고 딱 맡았을 때 와 진짜 어른 여자<< 같은 느낌이 되고싶은데 어떤 향수가 좋을까요?
28,직장에서 매일 쓸거고 신중하게 결정한 다음에 변경하지 않을것임. 남자 향수 추천 해봐라. 취향은 딱히 없고 무난하면 됨. 
29,난 평소 클로에 EDP를 좋아하는데 비슷한 향수 추천해줘
30,꽃향은 좋은데 로즈는 싫어 
31,"나는 가벼우면서도 중성적인 향을 원해. 너무 달달하지 않고, 시원하면서도 너무 남성적이지 않은 향이 좋다. 참고로 기존에 사용하는 향수로는 조르지오 아르마니의 프리베 테 울롱 , 조말론 와일드 블루벨을 사용한다. 가격은 신경쓰지 말고 다양한 가격대 별로 추천해줘."
32,나는 쎈 향은 안 좋아하는데 향수 추천해줘
33,여름에 어울리는 숲 속에 온 듯한 향을 추천해줘
34,라이트한 시트러스향이 있으면 좋겠고 너무 달달한 향이 안나면 좋겠어. 잔향은 조오금 오래가는 편이 좋을거같아
35,우디향이나 코튼 향 좋아합니다
36,전체적으로는 달달한 향이면 좋겠고 캐주얼룩에도 어울리면 좋겠어. 여름에 쓸 거니까 너무 과하게 달지 않은 향으로 추천해줘. 여름을 중심으로 4계절 내내 쓸 수 있으면 좋겠어. 우디향과 레이어드 할 거니까 조합까지 생각해서.
37,넵!
38,여름이니까 가벼운 향을 추천받고 싶어. 약간 비누향도 좋고. 여성스러운 느낌이면좋겠어. 가격은 5만원 아래로. 향이 오래 가면 좋겠다.
39,"자연계열 향수 좋아하고 특히 우디계열 좋아해. 바닐라처럼 달거나 파우더리한 향은 선호하지 않아.
좋아하는 향은 톰포드 오우드, 조말론 씨 솔트 앤 베르가못 좋아하는데, 이런 느낌으로 봄/여름에 뿌리기 좋은 향수 추천해줘"
40,우디향 나는 20대 남자 향수 추천해줘
41,"너는 향수 전문가야. 나에게 향수를 추천해줘. 내가 원하는 향수의 향은 다음과 같아.
[향수 정보]
- 너무 진하지 않은 향
- 적당히 달콤하고 적당히 시원한 향
- [봄/여름/가을/겨울]에 어울리는 향
검색된 향수의 리뷰도 같이 검색해서 테이블 형태로 보여줘"
42,산뜻하면서 바람이 불고 푸른색의 느낌이 나며 자유로운 향을 찾고있어 추천해줘
43,"머스크향이 베이스에 깔렸으면 좋겠고, 플로럴 향도 조금 섞였으면 좋겠어. 너무 스파이시한거는 불호이고 잔향이 은은했으면 좋겠어. 너무 빨리 발향 되는건 싫으니 지속력이 좋은거로 브랜드랑 향 추천 종류별로 부탁해."
44,"데일리로 가볍게 쓸 수 있는 향수를 찾고 싶어. 나는 학생이라 가격대가 그렇게 높은 것은 부담스럽고, 10만원대 안팎으로 추천해줘.

향수를 많이 써본 적이 없어서 향에 대해서 설명하는 메세지를 잘 몰라. 실제 향이랑 향에 대한 설명이 매치되지 않아.

일단 좋아하는 냄새는 비누향, 코튼향인것 같고
특히 싫어했던 냄새는 장미향인 것 같아.

향수를 뿌렸을 때, 깨끗하고 여성스러운 이미지로 보였으면 좋겠어.
그리고 밀폐된 강의실에서도 사용해도 주변 사람에게 부담스럽지 않을 정도면 좋겠어.

여름이랑 겨울에 각각 사용할만한 향수를 추천해줘."
45,너무 달지 않고 피코디아말피는 여름 느낌인데 겨울 느낌 나는 향 추천해줘.
46,"나 바카라루쥬, 어벤투스, 포비앤바알리 좋아하는데 내가 좋아하는 향이 무엇인지 정리해주고 내가 좋아할만한 향 추천해줘."
47,"꽃 향기가 나면 좋겠는데, 달달한 정도를 1~5점으로 표현했을 때, 3정도였으면 좋겠고 알싸한 정도는 거의 없으면 좋겠어. 장미향 같은 향도 좋고 대부분의 꽃향기면 다 좋아. 이와 유사한 향을 가진 향수의 종류가 무엇이 있을까?"
48,"여름에 쓰기 좋은 가벼우면서 시원한 느낌의 비누향, 머스크향, 약간의 우드향이 들어간 향수를 추천해줘."
49,여름에 레이어링할 가볍고 상쾌한 향의 향수를 추천해줘
50,랄프로렌 스타일과 어울리는 향수는?
51,"상큼하고 밝은 향을 원해, 무게감이 가벼운 향을 선호하고 이끼, 물비린내는 안좋아해
가장 선호하는 향 종류는 시트러스, 우디, 레몬 계열이고 달달한 느낌은 선호하지 않아"
52,"너는 최고급 니치 향수 전문 컨설턴트야.
내가 좋아하는 향을 설명해 줄테니까, 이 향의 핵심 포인트를 정확히 이해하고 나와 어울리는 향수를 추천해줘.
[내가 좋아하는 향수 포인트]
- 톡 쏘는 듯한 청량함과 방금 막 세탁된 코튼 향처럼 깨끗한 공기향
- 과하지 않은 은은한 복숭아 향
- 단순한 비누향이 아닌, 니치 향수 특유의 깊고 크리미한 잔향
위의 포인트와 결이 비슷한 향수 3가지를 추천해 줘. 각 향수마다 왜 이 향수를 골랐는지, 그리고 어떤 매력이 있는지 자세히 설명해 줬으면 좋겠어."
53,"나는 우디향을 좋아하는데, 남성적인 향은 싫어. 중성적인 향도 별로야. 너무 향이 빨리 날아가지 않았으면 좋겠는데 잔향도 좋았으면 좋겠어. 그렇다고 너무 흔한 향수는 싫고, 너무 비싼 향수는 내가 아직 부담스러워. 어떤 향수가 나에게 좋을까? 우디, 머스크 이런 쪽을 좋아하는 것 같아. 딥티크의 도손 써본적있어"
54,"자연의 향을 좋아해. 우디, 시트러스, 베르가못 계열같은 향들. 달콤한 냄새는 별로 좋아하지 않고 우디, 시트러스 향이 나면서 자연스러운 향이 좋아. 그리고 머스크향 같은 것도 좋아해. 너무 향이 쎄지 않았으면 좋겠어."
55,네
56,여름에 쓰려고 하는데 시트러스하지만 머스크한 느낌을 품고 있으면서 그렇다고 너무 무겁지 않은 향을 추천받고싶어 그리고 달달한 느낌보다는 화이트플로럴계열이 더 나은것같아 
57,데일리로 쓰고 싶고 너무 남자 향수 같은 느낌이 들지 않았으면 좋겠어요. 그리고 플로럴 계열이나 프룻티한 느낌이 좋아요. 그런데 시트러스한 느낌은 좀 적었으면 좋겠어요
58,"나는 묵직한 우드향을 좋아하고 향수 용량이 큰 걸 찾고 있어.
전체적으로 디자인이 깔끔하고 퓨어한 이미지면 좋을 것 같아. 
가격대는 10만원대로 찾고 있고 하루동안 향이 나왔으면 좋겠어."
59,"여름 바다가 생각나는 시원한 향으로 향수 추천해줘. 가격이 10만원 미만이고 지속력이 은은하게 긴 향수면 좋겠어. 여자고 너무 진한향이나 우드, 머스크는 좋아하지않으니까 제외하고 추천해줘."
60,은은하면서 달달하고 그렇게 역하지 않은 향수 추천 부탁해
61,여름에 뿌릴만한 남성용 향수 추천해줘 예산은 20만원 이하로 부탁해
62,비 온 뒤의 숲의 냄새
63,"내가 주로 사용했던 향수는 베르사체 딜런퍼플, 아쿠아 디파르마, 르라보 모하비고스트, 티파니앤코 러브포힘,딥디크 플레르드뽀 인데 비슷한 향을 가진 향수 추천해줘."
64,넵
65,로즈마리 녹차 레몬 사과같은 가볍고 청량한 향에 살짝 우디한 향이 가미되서 무게감이 있으면 좋겠고 파우더리한 향이나 머스크향은 없으면 좋겠어
66,내 최애캐를 이미지화한 향수를 만들어줘. 
67,"너는 향수 매장에서 향수를 판매하고 있는 셀러야.
모든 종류의 향수를 판매하고있어서 어울리는 향수를 찾아서 추천할 수 있어. 

나는 향수를 뿌려본 적 없어서 관련 지식이 없는 사람이야.
그런 사람이 이해할 수 있게 설명을 곁들여서 향수를 세가지 추천해줘
다양한 향과 가격대로 추천할 것

나는 20대 중반 남성이고, 교육을 수강하러 다녀. 
향수를 뿌림으로써 다음 효과를 기대해
주변 동료들이 느끼기에 깔끔한 이미지 얻음
너무 강하지 않아 은은한 향으로 상대방에게 불쾌감을 주지 않음"
68,데이트갈때 우드향나고 은은하게 났으면 좋겠어.
69,"아래 조건에 부합하는 향수 3가지 추천해. 향수의 향과 가격 등 상세 정보와 추천하는 이유 작성해서 제출하도록.
좋아하는 향: 달다구리, 시트러스 계열도 괜찮음 
싫어하는 향: 담배냄새
지속력: 한 번 뿌렸을 때 잔향이 좀 오래 갔으면 함
가격: 20만원 이내"
70,"향수1, 향수2, 향수3 쓰고 있는데 비슷한 느낌의 향수 추천해줘 계절감 고려해서 알려줘"
71,"나는 향에 예민해서 계속 맡아도 머리 아프지 않은 자연스러운 향수가 필요해.
우디나 금속, 가죽 느낌은 싫고 너무 화장품 느낌도 싫어. 자연에서 유래된 향이었으면 좋겠어. 너무 달콤한 것도 별로야.
우디가 섞이더라도 메인 노트가 아니면 괜찮아. 그리고 너무 흔해서 남들이 엄청 많이 쓰는 향은 아니었으면 좋겠어. 워터 베이스면 더 좋아."
72,겨울 아침에 딱~ 일어나서 창문을 열었는데 느껴지는 차갑고 상쾌한 향(탑노트). 점심에 느껴지는 밸런스가 느껴지는 머스크 계열의 향(미들노트) .저녁에 느껴지는 해가지는 느낌의 우디한 무거운 향(베이스노트)
73,"내가 원하는 향수는 데일리로 가볍게 사용할 수 있는 향수야. 탑노트는 조금 가벼운 느낌이었으면 좋겠고, 미들노트는 머스크 향이 가볍지만 깔끔하게 깔렸으면 좋겠어."
74,"나는 깨끗하고 시원한 향을 좋아하고, 편백나무, 산내음처럼 자연스러운 향을 좋아해. 그래서 주로 우디나 플로럴한 계열을 좋아하는데, 대신 스파이시한 계열은 좋아하지 않아. 이런 나한테 향수를 추천해줄래?"
75,"진한 향수는 싫어, 가벼운 향수를 원하고 너무 우디하지 않은 풀냄새 계열의 향수를 추천해줘. 근데 또 너무 진한건 싫어. 플로럴 향은 제외해줘. 다시 한번 말하는데 향이 진하면 안돼. 여름 제외하고 사용할 거야. 가격대별로 한국에서 구매할 수 있는 향수 리스트를 알려줘."
76,넵 알겠습니다.
77,"행복하게 해주는 허브 향 (로즈마리가 메인이면서, 조화롭게 어우러지는 다른 허브 들)"
78,"이번에 데이트를 하게 됬는데 지금은 여름이고 난 겨울용 향수밖에 없어. 현재 메인으로 쓰고있는 향수는 러쉬의 트와일라잇 향수고, 최애향수야. 은은한 머스크향도 좋아하고 플로럴향도 포함되어있는 여름용 향수 몇개 추천해줘."
79,"친구한테 향수를 선물해주고싶어, 탑, 미들 노트는 각각 프룻, 헤비 플로럴이고 잔향은 은은한 바닐라였으면 좋겠어. 가을이 다와가지만 여름에 대한 미련이 살짝 남은듯한 그런 느낌인 향수 추천해줘"
80,"약간 달달하지만, 인공적인 향이 나지 않고, 또 너무 강하진 않은 타인이 맡았을 때 부담스럽지 않은 향이 났으면 좋겠어요 또 지속력은 오래가면 좋을 것 같아 아 그리고 러쉬에서 맡은 20만원 정도 하는 향수 되게 향 좋았는데 이름이 기억 안 나 그거도 되게 달달했던거 같은데 좋은 향이었어 "
81,예
82,"향은 달달하고 프루티한데 은은하게 오래가는 향수 추천해줘,"
83,여름에 잘 어울리는 상쾌하고 리프레싱한 향수 추천해줘. 과일향이 나면 좋을 것 같아. 가격대는 30만원대까지 괜찮아.
84,다른사람이 향을 맡았을 때 거슬리지 않고 푸근하고 상큼한 향의 향수
85,"너는 조향사야. 나는 평소에 머스크, 시트러스를 선호하는 편인데, 여름에 사용할 무겁지 않은 향수 추천해줘. "
86,"바닐라, 코코넛 향이 나는 향수를 추천해 줘. 백화점에서 직접 살 수 있는 브랜드 향수면 좋겠어. 향수 노트와 연상되는 이미지, 브랜드, 가격을 정리해서 최대한 많이 나열해 줘."
87,"남성용 향수 추천해줘
나는 20살 남성이고 땀이 많은 편이야 땀나는데 향수냄새까지 하면 더 불쾌한 냄새가 난다고 해서 잘 알아보고 사려고해 

가능한 모든 웹페이지를 찾아보고 후기, 특성 을 잘 알아보고 추천해줘"
88,"3만원에서 10만원 사이 가격대의 향수를 추천해줘.
데이트할 때 상대방에게 나의 향을 각인시키기 위해 일상적으로 뿌려도 거부감 없고, 부담스럽지 않은 향이었으면 좋겠어.
또한 서점과 어울리는 차분하면서 안정되는 향이 좋아.
그리고 너무 여성스러운 이미지의 향보다는 중성적이거나 남성적인 향에 가까운 것이 좋아"
89,너무 인위적이지않은 코튼향 추천좀여
90,여름에 쓸 시원한 향이나 시트러스 계열의 향수를 찾고 있어. 10만원 이하의 인터넷 구매 가능한 시원한 향이나 시트러스 계열의 향수를 추천해줄래?
91,"내가 자주 사용하는 모스키노 토이2 EDP 향수가 있는데, 조금 더 저렴한 브랜드 중 이 향이랑 가장 비슷한 향 추천해줘"
92,플로럴과 시트러스 향을 위주로 여름에 잘 쓸 수 있는 향수를 추천해줘. 차분하고 성숙한 분위기가 나면 좋겠어. 근데 향이 너무 세서 머리가 아프지 않아야 해. 지속력은 길고 가격은 15만원 안으로 추천해줘.
93,"여름 장마가 올 때, 상쾌한 향기가 나는 향수를 찾고 싶어"
94,시트러스 계열의 약간 워터리한 노트를 가진 향수 추천해줄래?
95,난 꽃향이랑 약간 상큼한거 좋아해 가격 상관없이 대중적으로 인기 있는 향수 5개 추천해줘 깨끗하고 부드러운 이미지로 찾아도 돼
96,달콤한데 너무 어리거나 무겁지 않고 상큼한 과일느낌나는 향수 추천해줘. 약간 플로럴한 느낌도 있었으면 좋겠어
97,가을에 맞는 코튼향인데 남자가 사용해도 괜찮을법한 코튼 향수 추천해줘
98,지속력이 좋지만 향이 너무 진하지 않고 플로럴 계열이면서 인공적이지 않고 산뜻한 느낌을 주는 향수를 추천해줘
99,"프롬프트 : 27세 한국인 남성이 사용할 예정이고, 이 사람은 키가 크고 체격이 큰 편이라서 부드러운 인상은 아니야. 또한 여름에 주로 사용할 예정이여서 시원한 분위기가 좋을 것 같아. 리뷰들을 고려해서 적합하고 대중적인 향수 3가지를 추천해."
100,우디향이나 머스크향 같은 묵직한 향을 좋아해. 가격대는 10만원 대의 냄새 지속시간이 긴 향수들 5가지 추천해줘.
101,"은은하고 깨끗한 냄새. 독하지 않아야 함. 자연물 냄새(풀, 꽃, 과즙)가 좋아용"
102,네
103,"데일리하게 뿌릴 수 있는 향수
근데 아침에 뿌리고 나가도 하루종일 유지되는거
계속 뿌리기 귀찮음"
104,음 나는 머스크는 싫어 그리고 장미향도 싫어 그리구 나는 데일리로 사계절 내내 쓰고 싶어 무난하게 호불호 없는 향수 추천해줘
105,"코코넛 향 나는거 추천해줘. 막 달달한 느낌도 아니고 무거운 느낌도 아닌거 같은데, 한번 뿌리면 8시간 이상은 유지되었으면 좋겠어. 바닐라나 막 패션 후르츠같은 완전 단 느낌도 아니야. 그냥 샴푸나 바디워시에서 코코넛 향 되어있는 그런 느낌의 향수를 원해."
106,주말 오후에 따뜻한 햇살을 받으며 침대 위에 누워있는 듯한 느낌의 향수 추천해줘
107,우디 머스크향인데 플로럴 살짝 들어가서 중성적이면서도 여성적인 향수 근데 또 다른 사람들이 흔하게 쓰는 향수가 아니어야 함 잔향도 길게 나야하고 향수 지속성이 길어야함 
108,"마냥 나이들어보이지 않지만 너무 대학생같지 않았으면 좋겠는데, 강한 플로럴 계열은 싫고, 차분한데 숲같은 느낌이 좋아. 근데 담백한 과일계열도 좀 들어갔으면 좋겠어. 중성적인 느낌이 좋아."
109,내 이미지와 내가 좋아하는 향이 매치가 안 될 때는 어떻게 원만하게 합의볼 수 있을까?
110,내 스타일과 어울리는 향수를 추천해줘
111,향수에 대해 아무것도 모르는 향수 초보자가 사용할만한 향수 뭐가 있을까? 추천해줘. 참고로 난 너무 쌘 향은 싫어해
112,섬유유연제 같은 인공적인 향이안나면서 뿌렸을때 어느정도 향이 느껴지는 허브계열 향이 나는 향수를 추천해줘
113,가을에 어울리는 우디 계열 향수 추천해줘
114,"시트러스, 우디, 프레시, 머스크"
115,나한테 어울리는 향수 찾아줘
116,"향수를 하나 사고 싶은데 추천해줘. 평소에 사용할 수 있는 데일리 향수를 원하기 때문에 향은 많이 강하지 않은, 일상에서 사용할 수 있는 코튼향 또는 플로럴 향이었으면 좋겠어. 그렇지만 지속력은 최소 1시간은 되었으면 좋겠고, 가격도 10만원은 넘기지 않았으면 하고, 작은 용량 패키지가 있는 상품을 원해."
117,여름에 잘 어울리는 향수는?
118,"최근에 공연장에서 나랑 비슷한 어떤 또래 사람이 지나갔는데, 향수 향이 무척 좋았어. 그래서 물어봤더니 크리드 - 어벤투스 향수를 사용한다고 했는데, 가격이 좀 많이 비싸. 혹시 이와 비슷한 계열의 향을 가지면서 동시에 가격이 상대적으로 저렴한 향수가 있는지 궁금해."
119,"너무 진하지 않으면서, 흔하지 않으면서, 유니크한 향수. "
120,네
121,"20~30대 남성이 일상용으로 사용하기 좋은 향수를 찾고 있어. 화이트머스크 및 비누 향이 나는 향수를 찾고 있는데, 향이 너무 강하거나 자극적이지 않았으면 좋겠어."
122,"플로럴 계열의 향을 좋아하고, 향이 너무 강하거나 무겁지 않았으면 좋겠어요. 은은하게 퍼지면서도 잔향이 오래 남아 금방 사라지지 않는 향을 원해요. 너무 흔하거나 뻔한 향보다는 은근히 분위기 있고 호감 가는 느낌이면 좋겠고, 무엇보다 지속력이 좋은 향수를 추천받고 싶어요."
123,향수 살건데 여름에 어울리는 시원한 느낌이지만 너무 가볍지는 않았으면 좋겠고 꽃향이나 코를 찌르는 향 대신 부드럽고 잔향 좋은 향수 3개 추천해줘
124,나랑 가장 잘 어울리는 향수가 궁금해
125,"내가 향수는 좋아하지만 코가 예민해서 인공적인 향이나 과한 향수 냄새를 싫어해. 그래서 지속력은 좋으면서 잔잔하고 청량하면서 달달한 향이 나는 향수를 추천해줘 꽃향도 좋아. 단, 우드,장미,머스크,복숭아 향은 싫어"
126,네
127,약간 나의 분위기랑 맞은 향은 뭘까
128,흔하지 않으면서도 여성스러운 향. 달달한 느낌보다는 우디한 계열. 성숙하면서도 20대 중반의 밝은 느낌을 담았으면 좋겠음. 지속력이 강하기를 바람.
129,묵직한데 아저씨같지는 않은 향수
130,"시원한 향, 남성용, 땀 흘려도 괜찮은 향수가 필요합니다. 어떤 종류가 있나요?"
131,산뜻하고 숲속에 온 거 같은 피톤치드 가득한 느낌이 나는 향을 원해. 향수 추천해줘
132,"첫 향은 달콤한데, 성숙하면서 좀 묵직한 꽃향의 향수"
133,"나는 머스크 계열 향을 좋아하고 무겁지 않고 가벼운데 잔향은 오래 남는 포근한 느낌이 좋아. 상큼한 향도 괜찮아. 
내 취향에 맞춰서 향수 추천해줘"
134,가볍고 향 맡으면 머리 안아픈 향을 추천해줘
135,냄새 좋은거
136,네.
137,내가 원하는 향수는 향이 너무 강하지 않았으면 좋겠어. 향이 강해서 머리가 아픈적이 있었거든. 그리고 빨래향 같이 자연스러운 향이 좋아서 그런 계열의 향이었으면 좋겠어. 
138,은은하게 나는 향수. 깔끔하고 정갈한 냄새가 났으면 좋겠음. 레몬향이나 과일향에 가까운 향.
139,예
140,"나는 딥티크 롬브르단로와 비슷하게 장미 향수가 좋은데, 롬브르단로의 물향과 흙 냄새가 나는게 좋아. 근데 이렇게 플로럴 + 물 의 향조를 가진 향수들은 너무 여리거나 플로럴에 치중되어 있어서 마음에 들지 않아. 내가 좋아할만한 향수가 있을까? 파우더리하거나 머스크 향은 좋아하지 않아. 또 마음에 들었던 비슷한 향조의 향수로는 아쿠아디파르마 매그놀리아와 로에베 수틸레사가 있어."
141,머스크를 베이스로 하는 대중적인 향수 3개 추천해줘
142,중성적인 향수면서 가볍지 않은 향수 추천해줘.
143,무화과 향이 나는 여성스러운향 추천해줘
144,"중성적인 향을 좋아하는데, 너무 플로럴한 향이 아닌 시원한 향. 조말론 씨솔트 향도 좋은데 조금 다른 향이면 좋겠어 아쿠아 디파르마 미르토도 있어"
145,숲향 나는 향수 추천좀
146,향이 강하지 않으면서 고급스럽고 오래 지속되는 향
147,"최근 내가 어른스러워보이고싶어서, 커리어우먼에게 날 것 같은 멋진 느낌으로 너무 달달하지 않은 향수 추천해줘. 근데 남자 전용으로 for men이라고 나온 향수는 제외해줘. 만약 확인 가능하다면 잔향이오래 남을 수 있는 바텀 노트로 구성된 제품은 별도로 체크해줘"
148,넴
149,은은하게 시원한 자연의 향이 느껴지면 좋겠어
150,여자가 되는 향수를 추천해줘.
151,"무화과처럼 달달한 향이 나지만, 너무 달달하기만 하진 않고 인위적이지 않은 은은한 향이 나는 향수 추천해줘."
152,"인위적이지 않고, 자연 베이스 향이었으면 좋겠음 .플로헐 계열을 좋아하고 너무 풀 냄새가 강하지 않았으면 함. 호불호가 크게 없되 흔하지는 않은 향."
153,넵
154,향긋하고 약간 달콤 그리고 시원한느낌 은은한 향
155,"가벼운 우디향과 머스크 향을 좋아해. 너무 무겁지 않고 산뜻한 느낌이면 좋을 것 같아. 가벼운 풀냄새도 괜찮고, 달달한 쪽은 바닐라 쪽도 좋아해"
156,평소에 은은하게 좋은향을 좋아해. 꽃 냄새인데 은은하게 좋은 냄새를 원해. 
