expression,representative_expression,expression_type,query_count,query_ids,example_query_text,source_relation,source_term,source_families,source_sections,evidence_note
남자,남자,CONTEXT,22,UQ0007|UQ0023|UQ0041|UQ0047|UQ0085|UQ0089|UQ0106|UQ0109|UQ0110|UQ0111|UQ0121|UQ0123|UQ0126|UQ0127|UQ0129|UQ0132|UQ0135|UQ0136|UQ0138|UQ0139|UQ0141|UQ0178,30대 초반 남자가 쓰기 좋은 향수 추천해줘,NOT_FOUND,,,,원천 문서 명시 어휘에서 보수적 문자열/굴절 근거를 찾지 못함
우디,우디,DIRECT_SCENT,5,UQ0087|UQ0114|UQ0131|UQ0150|UQ0196,가을에 잘 어울리는 우디 향수 추천해줘,MATCHED,우디,Woods,0. 분류 기준 / Family 명칭|원천 문서 table line 1610,원천 문서 명시 표현/표기 변형과 정규화 일치
여름,여름,CONTEXT,5,UQ0015|UQ0016|UQ0042|UQ0085|UQ0132,여름에 뿌릴 향수 추천 좀.,NOT_FOUND,,,,원천 문서 명시 어휘에서 보수적 문자열/굴절 근거를 찾지 못함
중성적인,중성적인,IMAGE,4,UQ0009|UQ0067|UQ0071|UQ0140,"중성적인 향수 뿌리고 싶어. 너무 여성스럽지 않되, 너무 남자 향수도 아니었으면 좋겠다.",MATCHED,중성적인,,원천 문서 line 1685|원천 문서 table line 1613,원천 문서 명시 표현/표기 변형과 정규화 일치
여자,여자,CONTEXT,4,UQ0018|UQ0083|UQ0124|UQ0143,여자친구가 생겼는데 여친한테 점수 딸만한 향기 없나...?,NOT_FOUND,,,,원천 문서 명시 어휘에서 보수적 문자열/굴절 근거를 찾지 못함
은은한,은은한,PERFORMANCE,4,UQ0030|UQ0056|UQ0091|UQ0139,사람 많은 곳에서도 너무 강하게 느껴지지 않는 은은한 향수를 추천해줘.,MATCHED,은은한,Floral|Soft Floral,원천 문서 line 1668|원천 문서 line 1683|핵심 형용사,원천 문서 명시 표현/표기 변형과 정규화 일치
파우더리,파우더리한,DIRECT_SCENT,3,UQ0111|UQ0177|UQ0190,남자가 쓰기 좋은 파우더리 향수 추천해줘,RELATED,파우더리한,Floral Amber|Soft Amber|Soft Floral,바닐라/통카 쪽으로 갈 때|원천 문서 line 1107|핵심 형용사,원천 표현과 부분 문자열 또는 굴절 어간 일치; 의미 동일성은 주장하지 않음
깔끔한,깔끔한,SENSORY,3,UQ0002|UQ0023|UQ0028,시트러스 계열의 깔끔한 향의 향수가 있어?,MATCHED,깔끔한,Aromatic Fougère|Citrus|Woods,모던 푸제르 쪽|베르가못/자몽 계열|핵심 형용사,원천 문서 명시 표현/표기 변형과 정규화 일치
부드러운,부드러운,SENSORY,3,UQ0067|UQ0078|UQ0114,중성적인 향수 원해. 약간 담백하고 부드러운데 엣지있는거?,MATCHED,부드러운,Citrus|Floral|Floral Amber|Fruity|Soft Amber|Soft Floral|Woods,과육 표현|복숭아/살구 계열|샌달우드 쪽|오렌지/만다린 계열|핵심 형용사|화이트 플로럴 쪽에서 자주 붙는 표현,원천 문서 명시 표현/표기 변형과 정규화 일치
회사,회사,CONTEXT,3,UQ0028|UQ0075|UQ0091,회사에서 매일 사용해도 부담 없는 깔끔한 향수 추천해줘.,NOT_FOUND,,,,원천 문서 명시 어휘에서 보수적 문자열/굴절 근거를 찾지 못함
시트러스,시트러스,DIRECT_SCENT,2,UQ0061|UQ0117,흰 꽃에서만 나는 맑은 향에 시트러스 향 섞인 거 갖고싶어.,MATCHED,시트러스,Aromatic Fougère|Citrus,0. 분류 기준 / Family 명칭|원천 문서 table line 1610|핵심 이미지,원천 문서 명시 표현/표기 변형과 정규화 일치
깨끗하고,깨끗한 물,SENSORY,2,UQ0112|UQ0193,깨끗하고 포근한 느낌의 향수 추천해줘,RELATED,깨끗한 물,Water,한국 후기식 생활 비유,원천 표현과 부분 문자열 또는 굴절 어간 일치; 의미 동일성은 주장하지 않음
좋은 냄새,좋은 냄새,SENSORY,2,UQ0027|UQ0031,지나갈 때 은은하게 좋은 냄새가 나는 정도의 향수를 찾고 있어.,NOT_FOUND,,,,원천 문서 명시 어휘에서 보수적 문자열/굴절 근거를 찾지 못함
비누향,비누향,SOURCE,2,UQ0048|UQ0190,비누향이나 섬유유연제 향이 강하게 나는 향수 추천해줘,MATCHED,비누향,,원천 문서 table line 1611,원천 문서 명시 표현/표기 변형과 정규화 일치
20대 후반,20대,CONTEXT,2,UQ0033|UQ0121,내가 20대 후반인데 너무 어려 보이지 않으면서 세련된 향수를 찾고 있어.,RELATED,20대,,원천 문서 line 1692,원천 표현과 부분 문자열 또는 굴절 어간 일치; 의미 동일성은 주장하지 않음
30대,30대,CONTEXT,2,UQ0074|UQ0178,비 오는 날에 뿌릴 만한 30대 여성 향수 추천해줘,NOT_FOUND,,,,원천 문서 명시 어휘에서 보수적 문자열/굴절 근거를 찾지 못함
겨울,겨울,CONTEXT,2,UQ0136|UQ0182,겨울용 남자 향수가 필요한데 남들이 잘 안쓰는 독특한걸 찾고 싶어,NOT_FOUND,,,,원천 문서 명시 어휘에서 보수적 문자열/굴절 근거를 찾지 못함
봄,봄,CONTEXT,2,UQ0086|UQ0101,봄에 데일리로 쓰기 좋은 향수 추천해줘,NOT_FOUND,,,,원천 문서 명시 어휘에서 보수적 문자열/굴절 근거를 찾지 못함
소개팅,소개팅,CONTEXT,2,UQ0025|UQ0089,소개팅할 때 부담스럽지 않으면서 좋은 인상을 줄 수 있는 향수 추천해줘.,NOT_FOUND,,,,원천 문서 명시 어휘에서 보수적 문자열/굴절 근거를 찾지 못함
향수 입문자,향수 입문자,CONTEXT,2,UQ0043|UQ0050,향수 입문자한테 괜찮은 향수 추천해줘,NOT_FOUND,,,,원천 문서 명시 어휘에서 보수적 문자열/굴절 근거를 찾지 못함
지속력 좋은,지속력·강도,PERFORMANCE,2,UQ0106|UQ0178,지속력 좋은 남자 향수 추천해줘,RELATED,지속력·강도,,원천 문서 line 1687,원천 표현과 부분 문자열 또는 굴절 어간 일치; 의미 동일성은 주장하지 않음
절 냄새,절 냄새,AVOID,2,UQ0011|UQ0153,나무 냄새 나는데 너무 절 냄새만 나면 안됨,MATCHED,절 냄새,Woods,호불호·부정 표현,원천 문서 명시 표현/표기 변형과 정규화 일치
괜찮은 향수,괜찮은 향수,OTHER,2,UQ0043|UQ0050,향수 입문자한테 괜찮은 향수 추천해줘,NOT_FOUND,,,,원천 문서 명시 어휘에서 보수적 문자열/굴절 근거를 찾지 못함
반응 좋은,반응 좋은,OTHER,2,UQ0045|UQ0090,헬스장에서 반응 좋은 향수 추천해줘,NOT_FOUND,,,,동형 표현의 문맥 오탐을 제외한 뒤 원천 근거를 찾지 못함
저렴한,저렴한,OTHER,2,UQ0070|UQ0198,10만원 이내에서 살 수 있는 저렴한 시원한 향기 나는 향수,NOT_FOUND,,,,동형 표현의 문맥 오탐을 제외한 뒤 원천 근거를 찾지 못함
가죽 향,가죽 같은,DIRECT_SCENT,1,UQ0139,은은한 스모키함이나 가죽 향이 감도는 시크한 느낌의 남자 향수 찾아줘,RELATED,가죽 같은,Dry Woods,핵심 형용사,원천 표현과 부분 문자열 또는 굴절 어간 일치; 의미 동일성은 주장하지 않음
과일 향수,과일 사탕,DIRECT_SCENT,1,UQ0154,"과일 향수 추천하는데 복숭아, 체리는 빼고 해줘. 그거 싫어.",RELATED,과일 사탕|과일 샴푸,Fruity,한국 후기식 생활 비유,원천 표현과 부분 문자열 또는 굴절 어간 일치; 의미 동일성은 주장하지 않음
그린 계열,그린 계열,DIRECT_SCENT,1,UQ0168,바질 냄새 싫어. 바질 냄새 안나는 그린 계열 향수 추천 해줘.,NOT_FOUND,,,,원천 문서 명시 어휘에서 보수적 문자열/굴절 근거를 찾지 못함
그린 노트,그린 노트의 느낌,DIRECT_SCENT,1,UQ0137,그린 노트나 허브 향 나는 향수 추천해 줄래?,RELATED,그린 노트의 느낌,,원천 문서 table line 1526,원천 표현과 부분 문자열 또는 굴절 어간 일치; 의미 동일성은 주장하지 않음
머스크,머스크,DIRECT_SCENT,1,UQ0110,남자가 쓰기 좋은 머스크 향수 추천해줘,MATCHED,머스크,Soft Floral,원천 문서 table line 1610|핵심 이미지,원천 문서 명시 표현/표기 변형과 정규화 일치
무화과 노트,무화과,DIRECT_SCENT,1,UQ0189,무화과 노트 좋아하는데 그중에 제일 유명한 거 뭐야,RELATED,무화과,Fruity,핵심 이미지,원천 표현과 부분 문자열 또는 굴절 어간 일치; 의미 동일성은 주장하지 않음
베티버,베티버,DIRECT_SCENT,1,UQ0191,베티버가 뭔지 궁금한데 베티버 들어간 향수 추천해줘,MATCHED,베티버,Woods,핵심 이미지,원천 문서 명시 표현/표기 변형과 정규화 일치
스모키함,스모키한,DIRECT_SCENT,1,UQ0139,은은한 스모키함이나 가죽 향이 감도는 시크한 느낌의 남자 향수 찾아줘,RELATED,스모키한,Dry Woods|Woody Amber,불/연기 표현|원천 문서 line 1107|핵심 형용사,원천 표현과 부분 문자열 또는 굴절 어간 일치; 의미 동일성은 주장하지 않음
시트러스 계열,시트러스,DIRECT_SCENT,1,UQ0002,시트러스 계열의 깔끔한 향의 향수가 있어?,RELATED,시트러스,Aromatic Fougère|Citrus,0. 분류 기준 / Family 명칭|원천 문서 table line 1610|핵심 이미지,원천 표현과 부분 문자열 또는 굴절 어간 일치; 의미 동일성은 주장하지 않음
시프레 계열,시프레,DIRECT_SCENT,1,UQ0184,시프레 계열이 뭔지 모르겠는데 대표적인 거 몇 개만 알려주겠니?,RELATED,시프레,Mossy Woods,0. 분류 기준 / Family 명칭,원천 표현과 부분 문자열 또는 굴절 어간 일치; 의미 동일성은 주장하지 않음
아로마 계열,아로마 계열,DIRECT_SCENT,1,UQ0056,아로마 계열이면 다 좋은데 너무 진한 향 아니고 은은한 게 좋아,NOT_FOUND,,,,원천 문서 명시 어휘에서 보수적 문자열/굴절 근거를 찾지 못함
아이리스,아이리스,DIRECT_SCENT,1,UQ0187,아이리스가 세련됐다던데 입문용으로 괜찮은 거 있어?,NOT_FOUND,,,,원천 문서 명시 어휘에서 보수적 문자열/굴절 근거를 찾지 못함
약간 민트계열,약간 민트계열,DIRECT_SCENT,1,UQ0059,무조건 달콤한 향이 좋아 달콤한데 약간 민트계열도 있었으면 좋겠어,NOT_FOUND,,,,원천 문서 명시 어휘에서 보수적 문자열/굴절 근거를 찾지 못함
오렌지 블로썸,오렌지,DIRECT_SCENT,1,UQ0199,오렌지 블로썸 위주인 향수는 어떤게 있을까?,RELATED,오렌지,Citrus,핵심 이미지,원천 표현과 부분 문자열 또는 굴절 어간 일치; 의미 동일성은 주장하지 않음
커피 노트,커피 노트,DIRECT_SCENT,1,UQ0181,커피 노트가 들어간 향수 추천해줘,NOT_FOUND,,,,원천 문서 명시 어휘에서 보수적 문자열/굴절 근거를 찾지 못함
플로럴,플로럴,DIRECT_SCENT,1,UQ0180,플로럴인데 파우더리하지 않고 잔향 오래가는 거 추천해줘,MATCHED,플로럴,Floral,0. 분류 기준 / Family 명칭|원천 문서 table line 1610,원천 문서 명시 표현/표기 변형과 정규화 일치
플로럴 계열,플로럴,DIRECT_SCENT,1,UQ0055,플로럴 계열인데 톡 쏘는 거 추천 받고싶음,RELATED,플로럴,Floral,0. 분류 기준 / Family 명칭|원천 문서 table line 1610,원천 표현과 부분 문자열 또는 굴절 어간 일치; 의미 동일성은 주장하지 않음
허브 향,허브 같은,DIRECT_SCENT,1,UQ0137,그린 노트나 허브 향 나는 향수 추천해 줄래?,RELATED,허브 같은|허브 화분,Aromatic Fougère|Green,한국 후기식 생활 비유|핵심 형용사,원천 표현과 부분 문자열 또는 굴절 어간 일치; 의미 동일성은 주장하지 않음
화이트 머스크,머스크,DIRECT_SCENT,1,UQ0167,머스크말고 화이트 머스크 향이 나는 향수로 추천해줘.,RELATED,머스크,Soft Floral,원천 문서 table line 1610|핵심 이미지,원천 표현과 부분 문자열 또는 굴절 어간 일치; 의미 동일성은 주장하지 않음
가볍고,가벼운,SENSORY,1,UQ0078,가볍고 부드러운 느낌의 향수,RELATED,가벼운,Aromatic Fougère|Citrus|Floral|Water,깨끗한 워터 계열|네롤리/쁘띠그레인/오렌지블라섬 계열 — 신설|맑은 플로럴/뮤게/프리지아 쪽|모던 푸제르 쪽|핵심 형용사|확장 형용사·감각어,원천 표현과 부분 문자열 또는 굴절 어간 일치; 의미 동일성은 주장하지 않음
깨끗한,깨끗한,SENSORY,1,UQ0129,비누 향이나 세탁 건조기처럼 포근하고 깨끗한 향 나는 남자 향수 찾고 있어요,MATCHED,깨끗한,Aromatic Fougère|Floral|Fruity|Soft Floral|Water,깨끗한 워터 계열|맑은 플로럴/뮤게/프리지아 쪽|모던 푸제르 쪽|사과/배 계열|핵심 형용사,원천 문서 명시 표현/표기 변형과 정규화 일치
깨끗한 냄새,깨끗한,SENSORY,1,UQ0012,깨끗한 냄새 없나?,RELATED,깨끗한,Aromatic Fougère|Floral|Fruity|Soft Floral|Water,깨끗한 워터 계열|맑은 플로럴/뮤게/프리지아 쪽|모던 푸제르 쪽|사과/배 계열|핵심 형용사,원천 표현과 부분 문자열 또는 굴절 어간 일치; 의미 동일성은 주장하지 않음
깨끗함,깨끗한,SENSORY,1,UQ0162,호텔 침구 같은 깨끗함! 근데 세제 냄새처럼 인위적이면 싫어.,RELATED,깨끗한,Aromatic Fougère|Floral|Fruity|Soft Floral|Water,깨끗한 워터 계열|맑은 플로럴/뮤게/프리지아 쪽|모던 푸제르 쪽|사과/배 계열|핵심 형용사,원천 표현과 부분 문자열 또는 굴절 어간 일치; 의미 동일성은 주장하지 않음
달달하지만,너무 달달한,SENSORY,1,UQ0116,달달하지만 너무 느끼하지 않은 향수 추천해줘,RELATED,너무 달달한,Floral Amber,호불호·부정 표현,원천 표현과 부분 문자열 또는 굴절 어간 일치; 의미 동일성은 주장하지 않음
달달한 꽃,달달한,SENSORY,1,UQ0101,봄에 쓰기 좋은 달달한 꽃 향수 사고싶어,RELATED,달달한,Amber|Fruity|Soft Amber,바닐라/통카 쪽으로 갈 때|베리 계열|원천 문서 line 1316|원천 문서 line 1320|원천 문서 line 1326|원천 문서 line 1330|원천 문서 line 1453|원천 문서 line 1457|원천 문서 line 1460|핵심 형용사,원천 표현과 부분 문자열 또는 굴절 어간 일치; 의미 동일성은 주장하지 않음
달콤한 향,달콤한,SENSORY,1,UQ0148,"향추 추천해줘. 달콤한 향은 좋은데, 바닐라는 싫어.",RELATED,달콤한,Amber|Floral Amber|Fruity,당도 표현|원천 문서 line 1325|핵심 형용사,원천 표현과 부분 문자열 또는 굴절 어간 일치; 의미 동일성은 주장하지 않음
맑고 산뜻,산뜻한,SENSORY,1,UQ0053,맑고 산뜻한거 갖고싶은데,RELATED,산뜻한,Citrus|Floral|Fruity|Green|Woods,맑은 플로럴/뮤게/프리지아 쪽|사과/배 계열|핵심 형용사,원천 표현과 부분 문자열 또는 굴절 어간 일치; 의미 동일성은 주장하지 않음
무거운 향,무거운,SENSORY,1,UQ0182,겨울용 무거운 향인데 사무실에서도 부담없이 사용할 수 있는 향수 알려줘,RELATED,무거운,Amber|Floral Amber,무게·밀도 표현|호불호·부정 표현,원천 표현과 부분 문자열 또는 굴절 어간 일치; 의미 동일성은 주장하지 않음
무조건 달콤한 향,은근히 달콤한,SENSORY,1,UQ0059,무조건 달콤한 향이 좋아 달콤한데 약간 민트계열도 있었으면 좋겠어,RELATED,은근히 달콤한,Floral,확장 형용사·감각어,원천 표현과 부분 문자열 또는 굴절 어간 일치; 의미 동일성은 주장하지 않음
부드럽,부드럽게 감기는,SENSORY,1,UQ0032,향수 냄새가 강하면 머리가 아파서 최대한 부드럽고 편안한 향을 찾고 있어.,RELATED,부드럽게 감기는,Soft Floral,질감 표현,원천 표현과 부분 문자열 또는 굴절 어간 일치; 의미 동일성은 주장하지 않음
산뜻,산뜻한,SENSORY,1,UQ0076,산뜻하면서 과일냄새 나는 향수 사고싶어,RELATED,산뜻한,Citrus|Floral|Fruity|Green|Woods,맑은 플로럴/뮤게/프리지아 쪽|사과/배 계열|핵심 형용사,원천 표현과 부분 문자열 또는 굴절 어간 일치; 의미 동일성은 주장하지 않음
산뜻한,산뜻한,SENSORY,1,UQ0083,귀엽고 산뜻한 20대 여자가 뿌리면 잘어울릴 향수 알려줘,MATCHED,산뜻한,Citrus|Floral|Fruity|Green|Woods,맑은 플로럴/뮤게/프리지아 쪽|사과/배 계열|핵심 형용사,원천 문서 명시 표현/표기 변형과 정규화 일치
세탁 건조기처럼 포근,포근한,SENSORY,1,UQ0129,비누 향이나 세탁 건조기처럼 포근하고 깨끗한 향 나는 남자 향수 찾고 있어요,RELATED,포근한,Amber|Floral Amber|Fruity|Soft Amber|Soft Floral|Woods,바닐라/통카 쪽으로 갈 때|복숭아/살구 계열|샌달우드 쪽|온도·무게 표현|원천 문서 line 1305|원천 문서 line 1325|원천 문서 table line 1612|핵심 형용사,원천 표현과 부분 문자열 또는 굴절 어간 일치; 의미 동일성은 주장하지 않음
시간이 지나면 포근,포근한,SENSORY,1,UQ0171,처음에는 상쾌한데 시간이 지나면 포근하게 남는 향수 추천해줘.,RELATED,포근한,Amber|Floral Amber|Fruity|Soft Amber|Soft Floral|Woods,바닐라/통카 쪽으로 갈 때|복숭아/살구 계열|샌달우드 쪽|온도·무게 표현|원천 문서 line 1305|원천 문서 line 1325|원천 문서 table line 1612|핵심 형용사,원천 표현과 부분 문자열 또는 굴절 어간 일치; 의미 동일성은 주장하지 않음
시원한,시원한,SENSORY,1,UQ0070,10만원 이내에서 살 수 있는 저렴한 시원한 향기 나는 향수,MATCHED,시원한,Aromatic Fougère|Citrus|Floral|Green|Water,깨끗한 워터 계열|맑은 플로럴/뮤게/프리지아 쪽|바다/마린 계열|핵심 형용사,원천 문서 명시 표현/표기 변형과 정규화 일치
시원한 향,시원한,SENSORY,1,UQ0149,"시원한 향은 좋은데, 남자 스킨 냄새는 진짜 별로야. 안 그런 거 있어?",RELATED,시원한,Aromatic Fougère|Citrus|Floral|Green|Water,깨끗한 워터 계열|맑은 플로럴/뮤게/프리지아 쪽|바다/마린 계열|핵심 형용사,원천 표현과 부분 문자열 또는 굴절 어간 일치; 의미 동일성은 주장하지 않음
시원한 향수,시원한,SENSORY,1,UQ0085,여름에 남자가 쓰기 좋은 시원한 향수 추천해줘,RELATED,시원한,Aromatic Fougère|Citrus|Floral|Green|Water,깨끗한 워터 계열|맑은 플로럴/뮤게/프리지아 쪽|바다/마린 계열|핵심 형용사,원천 표현과 부분 문자열 또는 굴절 어간 일치; 의미 동일성은 주장하지 않음
쨍한,쨍한,SENSORY,1,UQ0064,차가운데 쨍한 향수 추천,MATCHED,쨍한,Citrus,껍질 표현|레몬/라임 계열|핵심 형용사,원천 문서 명시 표현/표기 변형과 정규화 일치
차가운 금속같은 이미지,차가운,SENSORY,1,UQ0160,차가운 금속같은 이미지인데 향 자체는 너무 날카롭지 않았으면 좋겠어.,RELATED,차가운,Citrus|Water,깨끗한 워터 계열|레몬/라임 계열|핵심 형용사,원천 표현과 부분 문자열 또는 굴절 어간 일치; 의미 동일성은 주장하지 않음
차가운데,차가운,SENSORY,1,UQ0064,차가운데 쨍한 향수 추천,RELATED,차가운,Citrus|Water,깨끗한 워터 계열|레몬/라임 계열|핵심 형용사,원천 표현과 부분 문자열 또는 굴절 어간 일치; 의미 동일성은 주장하지 않음
처음에는 상쾌,상쾌한,SENSORY,1,UQ0171,처음에는 상쾌한데 시간이 지나면 포근하게 남는 향수 추천해줘.,RELATED,상쾌한,Citrus|Water,핵심 형용사,원천 표현과 부분 문자열 또는 굴절 어간 일치; 의미 동일성은 주장하지 않음
첫 인상이 포근,포근한,SENSORY,1,UQ0073,첫 인상이 포근하고 릴랙싱한 향수를 가지고 싶어,RELATED,포근한,Amber|Floral Amber|Fruity|Soft Amber|Soft Floral|Woods,바닐라/통카 쪽으로 갈 때|복숭아/살구 계열|샌달우드 쪽|온도·무게 표현|원천 문서 line 1305|원천 문서 line 1325|원천 문서 table line 1612|핵심 형용사,원천 표현과 부분 문자열 또는 굴절 어간 일치; 의미 동일성은 주장하지 않음
청량,청량한,SENSORY,1,UQ0170,청량한데 남자 향수 냄새는 안났으면 좋겠음. 뭔말인지 알지?,RELATED,청량한,Aromatic Fougère|Citrus|Fruity|Green|Water,라벤더·허브 표현|레몬/라임 계열|베르가못/자몽 계열|사과/배 계열|핵심 형용사,원천 표현과 부분 문자열 또는 굴절 어간 일치; 의미 동일성은 주장하지 않음
톡 쏘는 거,톡 쏘는,SENSORY,1,UQ0055,플로럴 계열인데 톡 쏘는 거 추천 받고싶음,RELATED,톡 쏘는,Citrus|Fruity,껍질 표현|레몬/라임 계열|베리 계열|핵심 형용사,원천 표현과 부분 문자열 또는 굴절 어간 일치; 의미 동일성은 주장하지 않음
편안한 향,편안한,SENSORY,1,UQ0032,향수 냄새가 강하면 머리가 아파서 최대한 부드럽고 편안한 향을 찾고 있어.,RELATED,편안한,Woods,핵심 형용사,원천 표현과 부분 문자열 또는 굴절 어간 일치; 의미 동일성은 주장하지 않음
포근한,포근한,SENSORY,1,UQ0112,깨끗하고 포근한 느낌의 향수 추천해줘,MATCHED,포근한,Amber|Floral Amber|Fruity|Soft Amber|Soft Floral|Woods,바닐라/통카 쪽으로 갈 때|복숭아/살구 계열|샌달우드 쪽|온도·무게 표현|원천 문서 line 1305|원천 문서 line 1325|원천 문서 table line 1612|핵심 형용사,원천 문서 명시 표현/표기 변형과 정규화 일치
폭닥,폭닥한,SENSORY,1,UQ0062,풍성한 복숭아!!! 나는 복숭아 밭한다!!! 할 정도로 복숭아 향나는 폭닥한거,RELATED,폭닥한,Soft Amber|Soft Floral,원천 문서 line 1305|원천 문서 line 1318|원천 문서 line 1326|원천 문서 line 1455|원천 문서 table line 1518|핵심 형용사,원천 표현과 부분 문자열 또는 굴절 어간 일치; 의미 동일성은 주장하지 않음
풍성한 복숭아,복숭아,SENSORY,1,UQ0062,풍성한 복숭아!!! 나는 복숭아 밭한다!!! 할 정도로 복숭아 향나는 폭닥한거,RELATED,복숭아|풍성한,Amber|Floral|Floral Amber|Fruity,무게·밀도 표현|핵심 이미지|핵심 형용사,원천 표현과 부분 문자열 또는 굴절 어간 일치; 의미 동일성은 주장하지 않음
화한거,화한거,SENSORY,1,UQ0052,향수 사보려고 하는데 난 달콤한 향기는 별로 안 좋아하거든 좀 화한거 사고싶어,NOT_FOUND,,,,원천 문서 명시 어휘에서 보수적 문자열/굴절 근거를 찾지 못함
흰 꽃에서만 나는 맑은 향,흰 꽃에서만 나는 맑은 향,SENSORY,1,UQ0061,흰 꽃에서만 나는 맑은 향에 시트러스 향 섞인 거 갖고싶어.,NOT_FOUND,,,,원천 문서 명시 어휘에서 보수적 문자열/굴절 근거를 찾지 못함
갓 깎은 잔디밭에 누워 있는,갓 깎은 잔디밭에 누워 있는,SCENE,1,UQ0183,갓 깎은 잔디밭에 누워 있는 느낌이 날 수 있는 향수가 있을까?,NOT_FOUND,,,,원천 문서 명시 어휘에서 보수적 문자열/굴절 근거를 찾지 못함
갓 세탁한 포근한 이불,포근한 이불,SCENE,1,UQ0099,갓 세탁한 포근한 이불 같은 느낌의 향수 가지고싶어,RELATED,포근한 이불,Soft Amber,한국 후기식 생활 비유,원천 표현과 부분 문자열 또는 굴절 어간 일치; 의미 동일성은 주장하지 않음
따뜻한 차 한 잔,따뜻한,SCENE,1,UQ0195,따뜻한 차 한 잔 마시면서 창밖에 비 오는 걸 보는 느낌의 향수 추천해줘.,RELATED,따뜻한,Amber|Floral|Floral Amber|Soft Amber|Woods|Woody Amber,바닐라/통카 쪽으로 갈 때|샌달우드 쪽|핵심 형용사|화이트 플로럴 쪽에서 자주 붙는 표현,원천 표현과 부분 문자열 또는 굴절 어간 일치; 의미 동일성은 주장하지 않음
마사지숍,마사지숍,SCENE,1,UQ0097,마사지숍에서 날 것 같은 향수,NOT_FOUND,,,,원천 문서 명시 어휘에서 보수적 문자열/굴절 근거를 찾지 못함
물 대신 과즙을 마시고 자란 꽃,물 대신 과즙을 마시고 자란 꽃,SCENE,1,UQ0079,물 대신 과즙을 마시고 자란 꽃 같은 느낌과 최대한 비슷한 느낌의 향수,NOT_FOUND,,,,원천 문서 명시 어휘에서 보수적 문자열/굴절 근거를 찾지 못함
바다가 떠오르는,바다 냄새 나는,SCENE,1,UQ0132,바다가 떠오르는 여름용 남자 향수가 필요해,RELATED,바다 냄새 나는,Water,바다/마린 계열,원천 표현과 부분 문자열 또는 굴절 어간 일치; 의미 동일성은 주장하지 않음
바다에 누워서,바다 냄새 나는,SCENE,1,UQ0080,바다에 누워서 가만히 하늘을 올려다보고있는 듯한 느낌의 향수,RELATED,바다 냄새 나는,Water,바다/마린 계열,원천 표현과 부분 문자열 또는 굴절 어간 일치; 의미 동일성은 주장하지 않음
비 오는 숲,비 오는 숲,SCENE,1,UQ0159,비 오는 숲 같은데 흙냄새보다는 젖은 나무 냄새가 강했으면 좋겠어.,NOT_FOUND,,,,원천 문서 명시 어휘에서 보수적 문자열/굴절 근거를 찾지 못함
비가 온 뒤,비가 온 뒤,SCENE,1,UQ0001,비가 온 뒤의 숲같은 향을 찾고 있어,NOT_FOUND,,,,원천 문서 명시 어휘에서 보수적 문자열/굴절 근거를 찾지 못함
새벽 바닷가,새벽 바닷가,SCENE,1,UQ0158,새벽 바닷가 같은 느낌인데 소금 냄새가 너무 강하진 않았으면 좋겠어.,NOT_FOUND,,,,원천 문서 명시 어휘에서 보수적 문자열/굴절 근거를 찾지 못함
샤워하고 나온 것 같은,샤워하고 나온 것 같은,SCENE,1,UQ0113,샤워하고 나온 것 같은 향수 추천해줘,NOT_FOUND,,,,원천 문서 명시 어휘에서 보수적 문자열/굴절 근거를 찾지 못함
숲,숲,SCENE,1,UQ0001,비가 온 뒤의 숲같은 향을 찾고 있어,NOT_FOUND,,,,원천 문서 명시 어휘에서 보수적 문자열/굴절 근거를 찾지 못함
오래된 목조 도서관,오래된 냄새,SCENE,1,UQ0172,오래된 목조 도서관에 들어갔을 때 나는 냄새 같은 향수가 있을까?,RELATED,오래된 냄새,Mossy Woods,호불호·부정 표현,원천 표현과 부분 문자열 또는 굴절 어간 일치; 의미 동일성은 주장하지 않음
오래된 헌책방 냄새,오래된 냄새,SCENE,1,UQ0186,오래된 헌책방 냄새 같은 향수 있어?,RELATED,오래된 냄새,Mossy Woods,호불호·부정 표현,원천 표현과 부분 문자열 또는 굴절 어간 일치; 의미 동일성은 주장하지 않음
이슬을 머금은 장미,이슬을 머금은 장미,SCENE,1,UQ0072,이슬을 머금은 장미같은 향수 추천해줘,NOT_FOUND,,,,원천 문서 명시 어휘에서 보수적 문자열/굴절 근거를 찾지 못함
장마철,장마철,SCENE,1,UQ0068,장마철 호수에 떠있는 연꽃같은 느낌 원해,NOT_FOUND,,,,원천 문서 명시 어휘에서 보수적 문자열/굴절 근거를 찾지 못함
창밖에 비 오는 걸 보는,창밖에 비 오는 걸 보는,SCENE,1,UQ0195,따뜻한 차 한 잔 마시면서 창밖에 비 오는 걸 보는 느낌의 향수 추천해줘.,NOT_FOUND,,,,원천 문서 명시 어휘에서 보수적 문자열/굴절 근거를 찾지 못함
포근한 니트,포근한,SCENE,1,UQ0194,포근한 니트 같은 느낌인데 달달하지 않은 향수 있을까?,RELATED,포근한,Amber|Floral Amber|Fruity|Soft Amber|Soft Floral|Woods,바닐라/통카 쪽으로 갈 때|복숭아/살구 계열|샌달우드 쪽|온도·무게 표현|원천 문서 line 1305|원천 문서 line 1325|원천 문서 table line 1612|핵심 형용사,원천 표현과 부분 문자열 또는 굴절 어간 일치; 의미 동일성은 주장하지 않음
하늘을 올려다보고있는 듯,하늘을 올려다보고있는 듯,SCENE,1,UQ0080,바다에 누워서 가만히 하늘을 올려다보고있는 듯한 느낌의 향수,NOT_FOUND,,,,원천 문서 명시 어휘에서 보수적 문자열/굴절 근거를 찾지 못함
햇빛 받은 흰 셔츠,햇빛 받은 흰 셔츠,SCENE,1,UQ0161,햇빛 받은 흰 셔츠 같은 느낌하고 싶은데 시트러스는 싫어.,NOT_FOUND,,,,원천 문서 명시 어휘에서 보수적 문자열/굴절 근거를 찾지 못함
햇살 내리쬐는 일본 여름,햇살 내리쬐는 일본 여름,SCENE,1,UQ0095,햇살 내리쬐는 일본 여름같은 향수,NOT_FOUND,,,,원천 문서 명시 어휘에서 보수적 문자열/굴절 근거를 찾지 못함
호수에 떠있는 연꽃,호수에 떠있는 연꽃,SCENE,1,UQ0068,장마철 호수에 떠있는 연꽃같은 느낌 원해,NOT_FOUND,,,,원천 문서 명시 어휘에서 보수적 문자열/굴절 근거를 찾지 못함
호텔 로비 같은,호텔 바,SCENE,1,UQ0115,호텔 로비 같은 고급스러운 향수 추천해줘,RELATED,호텔 바,Amber,한국 후기식 생활 비유,원천 표현과 부분 문자열 또는 굴절 어간 일치; 의미 동일성은 주장하지 않음
호텔 침구,깨끗한 침구,SCENE,1,UQ0162,호텔 침구 같은 깨끗함! 근데 세제 냄새처럼 인위적이면 싫어.,RELATED,깨끗한 침구,Soft Floral,한국 후기식 생활 비유,원천 표현과 명시 명사구 일부가 일치; 의미 동일성은 주장하지 않음
휴양지에 놀러갔을 때,휴양지에 놀러갔을 때,SCENE,1,UQ0081,휴양지에 놀러갔을 때 어울릴만한 향수 추천해줘,NOT_FOUND,,,,원천 문서 명시 어휘에서 보수적 문자열/굴절 근거를 찾지 못함
과일냄새,과일냄새,SOURCE,1,UQ0076,산뜻하면서 과일냄새 나는 향수 사고싶어,NOT_FOUND,,,,원천 문서 명시 어휘에서 보수적 문자열/굴절 근거를 찾지 못함
꽃향,달콤한 꽃향,SOURCE,1,UQ0151,"꽃향은 좋은데, 화장품 냄새 같은 꽃향은 싫음.",RELATED,달콤한 꽃향|성숙한 꽃향,Floral Amber,꽃 쪽이 앞설 때,원천 표현과 부분 문자열 또는 굴절 어간 일치; 의미 동일성은 주장하지 않음
꿀 같은 향,꿀 같은,SOURCE,1,UQ0163,"나 꿀 같은 향은 좋아하는데, 너무 냄새가 강하지는 않았으면 좋겠어. 그런 향수 있을까?",RELATED,꿀 같은,Amber,당도 표현,원천 표현과 부분 문자열 또는 굴절 어간 일치; 의미 동일성은 주장하지 않음
꿀 향,꿀 향,SOURCE,1,UQ0096,중성적이면서 살짝 꿀 향이 나는 향수 찾고있어,NOT_FOUND,,,,원천 문서 명시 어휘에서 보수적 문자열/굴절 근거를 찾지 못함
나무 냄새,나무 같은,SOURCE,1,UQ0011,나무 냄새 나는데 너무 절 냄새만 나면 안됨,RELATED,나무 같은|나무 책상,Woods,한국 후기식 생활 비유|핵심 형용사,원천 표현과 부분 문자열 또는 굴절 어간 일치; 의미 동일성은 주장하지 않음
딸기 향기,딸기 향기,SOURCE,1,UQ0169,"딸기 향기가 났으면 좋겠어. 달달한 거 말고, 진짜 싱싱한 딸기 향기 나는 향수 추천해줘.",NOT_FOUND,,,,원천 문서 명시 어휘에서 보수적 문자열/굴절 근거를 찾지 못함
레몬 껍질 냄새,레몬 껍질,SOURCE,1,UQ0008,레몬 말고. 레몬 껍질 냄새나는 향수 있음?,RELATED,레몬 껍질,Citrus,한국 후기식 생활 비유,원천 표현과 부분 문자열 또는 굴절 어간 일치; 의미 동일성은 주장하지 않음
바닐라 향기,바닐라,SOURCE,1,UQ0005,난 바닐라 향기가 좋은데. 너무 단 건 싫어.,RELATED,바닐라,Amber,핵심 이미지,원천 표현과 부분 문자열 또는 굴절 어간 일치; 의미 동일성은 주장하지 않음
바다 냄새,바다 냄새 나는,SOURCE,1,UQ0006,바다 냄새 나는 향수가 있나? 가능함?,RELATED,바다 냄새 나는,Water,바다/마린 계열,원천 표현과 부분 문자열 또는 굴절 어간 일치; 의미 동일성은 주장하지 않음
바디스프레이,바디스프레이,SOURCE,1,UQ0069,땀 냄새랑 섞여도 안 이상한 거. 바디스프레이처럼 쓸 수 있는 거 필요함,NOT_FOUND,,,,원천 문서 명시 어휘에서 보수적 문자열/굴절 근거를 찾지 못함
바질,바질,SOURCE,1,UQ0168,바질 냄새 싫어. 바질 냄새 안나는 그린 계열 향수 추천 해줘.,NOT_FOUND,,,,원천 문서 명시 어휘에서 보수적 문자열/굴절 근거를 찾지 못함
베이비 파우더,베이비파우더,SOURCE,1,UQ0060,살같에서 날 것 같은 베이비 파우더 같은 거 가지고 싶어,MATCHED,베이비파우더,Soft Floral,한국 후기식 생활 비유,원천 문서 명시 표현/표기 변형과 정규화 일치
복숭아,복숭아,SOURCE,1,UQ0062,풍성한 복숭아!!! 나는 복숭아 밭한다!!! 할 정도로 복숭아 향나는 폭닥한거,MATCHED,복숭아,Fruity,핵심 이미지,원천 문서 명시 표현/표기 변형과 정규화 일치
비누 향,비누향,SOURCE,1,UQ0129,비누 향이나 세탁 건조기처럼 포근하고 깨끗한 향 나는 남자 향수 찾고 있어요,MATCHED,비누향,,원천 문서 table line 1611,원천 문서 명시 표현/표기 변형과 정규화 일치
사과,사과,SOURCE,1,UQ0165,사과랑 자스민 냄새 같이 나는 향수 없나? 있으면 좋겠는데.,MATCHED,사과,Fruity,핵심 이미지,원천 문서 명시 표현/표기 변형과 정규화 일치
살같에서 날 것 같은,살같에서 날 것 같은,SOURCE,1,UQ0060,살같에서 날 것 같은 베이비 파우더 같은 거 가지고 싶어,NOT_FOUND,,,,원천 문서 명시 어휘에서 보수적 문자열/굴절 근거를 찾지 못함
섬유유연제 향,섬유유연제,SOURCE,1,UQ0048,비누향이나 섬유유연제 향이 강하게 나는 향수 추천해줘,RELATED,섬유유연제,Soft Floral,한국 후기식 생활 비유,원천 표현과 부분 문자열 또는 굴절 어간 일치; 의미 동일성은 주장하지 않음
세제 잔뜩,세제 같은,SOURCE,1,UQ0063,쨍한 허브 비누향에 세제 잔뜩 쓴 것 같은 향 갖고 싶어,RELATED,세제 같은,Soft Floral,호불호·부정 표현,원천 표현과 부분 문자열 또는 굴절 어간 일치; 의미 동일성은 주장하지 않음
싱싱한 딸기 향기,싱싱한 딸기 향기,SOURCE,1,UQ0169,"딸기 향기가 났으면 좋겠어. 달달한 거 말고, 진짜 싱싱한 딸기 향기 나는 향수 추천해줘.",NOT_FOUND,,,,원천 문서 명시 어휘에서 보수적 문자열/굴절 근거를 찾지 못함
은은한 살냄새,은은한,SOURCE,1,UQ0066,자연스러운 향수 갖고싶음 은은한 살냄새 같은 걸로,RELATED,은은한,Floral|Soft Floral,원천 문서 line 1668|원천 문서 line 1683|핵심 형용사,원천 표현과 부분 문자열 또는 굴절 어간 일치; 의미 동일성은 주장하지 않음
자스민 냄새,자스민,SOURCE,1,UQ0165,사과랑 자스민 냄새 같이 나는 향수 없나? 있으면 좋겠는데.,RELATED,자스민,Floral,핵심 이미지,원천 표현과 부분 문자열 또는 굴절 어간 일치; 의미 동일성은 주장하지 않음
장미,장미,SOURCE,1,UQ0177,파우더리하고 장미느낌이 나는 옛날 향수는 어떤 있어?,MATCHED,장미,Floral,핵심 이미지,원천 문서 명시 표현/표기 변형과 정규화 일치
장미 꽃 향기,장미 꽃 향기,SOURCE,1,UQ0164,장미 꽃 향기는 좋은데 인위적인 향기는 아니었으면 좋겠음. 추천 좀,NOT_FOUND,,,,원천 문서 명시 어휘에서 보수적 문자열/굴절 근거를 찾지 못함
쨍한 허브 비누향,너무 쨍한,SOURCE,1,UQ0063,쨍한 허브 비누향에 세제 잔뜩 쓴 것 같은 향 갖고 싶어,RELATED,너무 쨍한|허브 같은,Aromatic Fougère|Citrus,핵심 형용사|호불호·부정 표현,원천 표현과 부분 문자열 또는 굴절 어간 일치; 의미 동일성은 주장하지 않음
천연 향신료,천연 향신료,SOURCE,1,UQ0145,천연 향신료 사용하는 성분 좋은 향수 추천해줘,NOT_FOUND,,,,원천 문서 명시 어휘에서 보수적 문자열/굴절 근거를 찾지 못함
카라멜 향기,카라멜 향기,SOURCE,1,UQ0166,카라멜 향기 달달하게 났으면 좋겠어. 초코 향이면 안돼!!,NOT_FOUND,,,,원천 문서 명시 어휘에서 보수적 문자열/굴절 근거를 찾지 못함
코코넛 향기,코코넛 향기,SOURCE,1,UQ0013,코코넛 향기 나는데 머리 너무 안 아팠으면 좋겠음,NOT_FOUND,,,,원천 문서 명시 어휘에서 보수적 문자열/굴절 근거를 찾지 못함
홍차향,홍차향,SOURCE,1,UQ0054,홍차향 같은 향수도 있나? 근데 너무 음식같은 느낌 안 났으면 좋곘음,NOT_FOUND,,,,원천 문서 명시 어휘에서 보수적 문자열/굴절 근거를 찾지 못함
겨울 느낌,겨울 느낌,IMAGE,1,UQ0058,내 추구미 겨울 느낌나는 서늘한 여자임 추천해줘,NOT_FOUND,,,,원천 문서 명시 어휘에서 보수적 문자열/굴절 근거를 찾지 못함
고급스러운,고급스러운,IMAGE,1,UQ0115,호텔 로비 같은 고급스러운 향수 추천해줘,MATCHED,고급스러운,Amber|Floral|Woody Amber,이미지·분위기 표현|핵심 형용사|확장 형용사·감각어,원천 문서 명시 표현/표기 변형과 정규화 일치
공주,공주,IMAGE,1,UQ0010,"케이크 같으면서도, 너무 느끼하지 않고, 딱 맡았을 때 공주처럼 느껴지는 향수 그런 거 없음?",NOT_FOUND,,,,원천 문서 명시 어휘에서 보수적 문자열/굴절 근거를 찾지 못함
귀엽고,귀엽고,IMAGE,1,UQ0083,귀엽고 산뜻한 20대 여자가 뿌리면 잘어울릴 향수 알려줘,NOT_FOUND,,,,원천 문서 명시 어휘에서 보수적 문자열/굴절 근거를 찾지 못함
담백,담백한,IMAGE,1,UQ0067,중성적인 향수 원해. 약간 담백하고 부드러운데 엣지있는거?,RELATED,담백한,Woods,베티버/시더 쪽|핵심 형용사,원천 표현과 부분 문자열 또는 굴절 어간 일치; 의미 동일성은 주장하지 않음
담백한 향수,담백한,IMAGE,1,UQ0175,미니멀하게 옷 입는 사람한테 어울리는 담백한 향수 추천해줘.,RELATED,담백한,Woods,베티버/시더 쪽|핵심 형용사,원천 표현과 부분 문자열 또는 굴절 어간 일치; 의미 동일성은 주장하지 않음
딱딱한,딱딱한,IMAGE,1,UQ0143,카리스마 있어보이는 딱딱한 향수 근데 여자걸로 추천해줘,NOT_FOUND,,,,원천 문서 명시 어휘에서 보수적 문자열/굴절 근거를 찾지 못함
릴랙싱,릴랙싱,IMAGE,1,UQ0073,첫 인상이 포근하고 릴랙싱한 향수를 가지고 싶어,NOT_FOUND,,,,원천 문서 명시 어휘에서 보수적 문자열/굴절 근거를 찾지 못함
서늘한 여자,서늘한,IMAGE,1,UQ0058,내 추구미 겨울 느낌나는 서늘한 여자임 추천해줘,RELATED,서늘한,Aromatic Fougère|Green|Mossy Woods|Water|Woods,모던 푸제르 쪽|베티버/시더 쪽|핵심 형용사,원천 표현과 부분 문자열 또는 굴절 어간 일치; 의미 동일성은 주장하지 않음
세련된,세련된,IMAGE,1,UQ0193,뭔가 깨끗하고 세련된 느낌이면 좋겠는데 정확히 어떤 향인지는 모르겠어.,MATCHED,세련된,Aromatic Fougère|Citrus|Mossy Woods,모던 푸제르 쪽|베르가못/자몽 계열|시프레 쪽 표현,원천 문서 명시 표현/표기 변형과 정규화 일치
세련된 향수,세련된,IMAGE,1,UQ0033,내가 20대 후반인데 너무 어려 보이지 않으면서 세련된 향수를 찾고 있어.,RELATED,세련된,Aromatic Fougère|Citrus|Mossy Woods,모던 푸제르 쪽|베르가못/자몽 계열|시프레 쪽 표현,원천 표현과 부분 문자열 또는 굴절 어간 일치; 의미 동일성은 주장하지 않음
섹시한,섹시한,IMAGE,1,UQ0094,너무 흔하지 않으면서 섹시한 느낌의 향수 추천해줘,MATCHED,섹시한,Amber|Floral Amber,앰버 쪽이 앞설 때|이미지·분위기 표현,원천 문서 명시 표현/표기 변형과 정규화 일치
시크한,시크한,IMAGE,1,UQ0139,은은한 스모키함이나 가죽 향이 감도는 시크한 느낌의 남자 향수 찾아줘,NOT_FOUND,,,,원천 문서 명시 어휘에서 보수적 문자열/굴절 근거를 찾지 못함
어른스러운,어른스러운,IMAGE,1,UQ0057,대학교 들어가는데 좀 어른스러운 느낌의 향수 추천해줘,NOT_FOUND,,,,원천 문서 명시 어휘에서 보수적 문자열/굴절 근거를 찾지 못함
어른스러운 느낌,어른스러운 느낌,IMAGE,1,UQ0017,어른스러운 느낌 나는 향수 가지고 싶다. 나는 34살 금융맨임.,NOT_FOUND,,,,원천 문서 명시 어휘에서 보수적 문자열/굴절 근거를 찾지 못함
엄청 섹시한 느낌,섹시한,IMAGE,1,UQ0047,남자가 쓰기 좋은 엄청 섹시한 느낌의 향수 추천해줘,RELATED,섹시한,Amber|Floral Amber,앰버 쪽이 앞설 때|이미지·분위기 표현,원천 표현과 부분 문자열 또는 굴절 어간 일치; 의미 동일성은 주장하지 않음
엣지있는,엣지있는,IMAGE,1,UQ0067,중성적인 향수 원해. 약간 담백하고 부드러운데 엣지있는거?,NOT_FOUND,,,,원천 문서 명시 어휘에서 보수적 문자열/굴절 근거를 찾지 못함
여성스러운,여성스러운,IMAGE,1,UQ0004,"여성스러운 향을 사고 싶은데, 너무 달콤한 건 싫어. 그런 향기가 있을까?",MATCHED,여성스러운,Floral|Fruity,복숭아/살구 계열|핵심 형용사,원천 문서 명시 표현/표기 변형과 정규화 일치
은근히 개성 있어 보이는 사람,은근히 개성 있어 보이는 사람,IMAGE,1,UQ0173,평소에는 조용한데 은근히 개성 있어 보이는 사람이 쓸 것 같은 향수 추천해줘.,NOT_FOUND,,,,원천 문서 명시 어휘에서 보수적 문자열/굴절 근거를 찾지 못함
자연스러운,자연스러운,IMAGE,1,UQ0066,자연스러운 향수 갖고싶음 은은한 살냄새 같은 걸로,MATCHED,자연스러운,Green|Woods,핵심 형용사,원천 문서 명시 표현/표기 변형과 정규화 일치
젊은 느낌,젊은 느낌,IMAGE,1,UQ0185,산타마리아노벨라 시향했는데 너무 올드하더라. 젊은 느낌으로 추천해줄래?,NOT_FOUND,,,,원천 문서 명시 어휘에서 보수적 문자열/굴절 근거를 찾지 못함
조용,조용,IMAGE,1,UQ0026,조용하고 차분한 사람에게 잘 어울릴 것 같은 향수를 추천해줘.,NOT_FOUND,,,,원천 문서 명시 어휘에서 보수적 문자열/굴절 근거를 찾지 못함
좋은 인상,인상·성별,IMAGE,1,UQ0025,소개팅할 때 부담스럽지 않으면서 좋은 인상을 줄 수 있는 향수 추천해줘.,RELATED,인상·성별,,원천 문서 line 1685,원천 표현과 부분 문자열 또는 굴절 어간 일치; 의미 동일성은 주장하지 않음
중성적,중성적인,IMAGE,1,UQ0096,중성적이면서 살짝 꿀 향이 나는 향수 찾고있어,RELATED,중성적인,,원천 문서 line 1685|원천 문서 table line 1613,원천 표현과 부분 문자열 또는 굴절 어간 일치; 의미 동일성은 주장하지 않음
차분한,차분한,IMAGE,1,UQ0026,조용하고 차분한 사람에게 잘 어울릴 것 같은 향수를 추천해줘.,MATCHED,차분한,Soft Amber|Woods,핵심 형용사|향조가 인센스 쪽으로 갈 때,원천 문서 명시 표현/표기 변형과 정규화 일치
카리스마,카리스마,IMAGE,1,UQ0143,카리스마 있어보이는 딱딱한 향수 근데 여자걸로 추천해줘,NOT_FOUND,,,,원천 문서 명시 어휘에서 보수적 문자열/굴절 근거를 찾지 못함
평소에는 조용한데,평소에는 조용한데,IMAGE,1,UQ0173,평소에는 조용한데 은근히 개성 있어 보이는 사람이 쓸 것 같은 향수 추천해줘.,NOT_FOUND,,,,원천 문서 명시 어휘에서 보수적 문자열/굴절 근거를 찾지 못함
향이 너무 좋아서 사람들이 다 돌아볼 것 같은,향이 너무 좋아서 사람들이 다 돌아볼 것 같은,IMAGE,1,UQ0082,뿌리고 슥 지나갔을 때 향이 너무 좋아서 사람들이 다 돌아볼 것 같은 향수 추천해줘,NOT_FOUND,,,,원천 문서 명시 어휘에서 보수적 문자열/굴절 근거를 찾지 못함
20대,20대,CONTEXT,1,UQ0083,귀엽고 산뜻한 20대 여자가 뿌리면 잘어울릴 향수 알려줘,MATCHED,20대,,원천 문서 line 1692,원천 문서 명시 표현/표기 변형과 정규화 일치
25살,25살,CONTEXT,1,UQ0024,나 25살 여잔데 이번에 회사 취직해서 나한테 선물할 겸 하나 사고 싶음! 어떤 게 좋을까???,NOT_FOUND,,,,원천 문서 명시 어휘에서 보수적 문자열/굴절 근거를 찾지 못함
30대 초반,30대 초반,CONTEXT,1,UQ0007,30대 초반 남자가 쓰기 좋은 향수 추천해줘,NOT_FOUND,,,,원천 문서 명시 어휘에서 보수적 문자열/굴절 근거를 찾지 못함
34살,34살,CONTEXT,1,UQ0017,어른스러운 느낌 나는 향수 가지고 싶다. 나는 34살 금융맨임.,NOT_FOUND,,,,원천 문서 명시 어휘에서 보수적 문자열/굴절 근거를 찾지 못함
40대,40대,CONTEXT,1,UQ0084,40대 남성 데일리 향수 추천,NOT_FOUND,,,,원천 문서 명시 어휘에서 보수적 문자열/굴절 근거를 찾지 못함
가을,가을,CONTEXT,1,UQ0087,가을에 잘 어울리는 우디 향수 추천해줘,NOT_FOUND,,,,원천 문서 명시 어휘에서 보수적 문자열/굴절 근거를 찾지 못함
강의실,강의실,CONTEXT,1,UQ0197,강의실에서 뿌려도 민폐 아닌 강도의 가벼운 향수 추천해줘.,NOT_FOUND,,,,원천 문서 명시 어휘에서 보수적 문자열/굴절 근거를 찾지 못함
금융맨,금융맨,CONTEXT,1,UQ0017,어른스러운 느낌 나는 향수 가지고 싶다. 나는 34살 금융맨임.,NOT_FOUND,,,,원천 문서 명시 어휘에서 보수적 문자열/굴절 근거를 찾지 못함
나한테 선물,나한테 선물,CONTEXT,1,UQ0024,나 25살 여잔데 이번에 회사 취직해서 나한테 선물할 겸 하나 사고 싶음! 어떤 게 좋을까???,NOT_FOUND,,,,원천 문서 명시 어휘에서 보수적 문자열/굴절 근거를 찾지 못함
남성,남성,CONTEXT,1,UQ0084,40대 남성 데일리 향수 추천,NOT_FOUND,,,,원천 문서 명시 어휘에서 보수적 문자열/굴절 근거를 찾지 못함
남자친구,남자친구,CONTEXT,1,UQ0037,남자친구한테서 났으면 하는 향 찾아줘,NOT_FOUND,,,,원천 문서 명시 어휘에서 보수적 문자열/굴절 근거를 찾지 못함
남친한테 향수 선물,남친한테 향수 선물,CONTEXT,1,UQ0141,"남친한테 향수 선물할 건데, 제일 유명한 남자 향수로 5개 정도 추천해줘",NOT_FOUND,,,,원천 문서 명시 어휘에서 보수적 문자열/굴절 근거를 찾지 못함
니치 향수 입문용,입문용,CONTEXT,1,UQ0118,니치 향수 입문용으로 추천해줄 만한 거 있어?,RELATED,입문용,,원천 문서 line 1691,원천 표현과 부분 문자열 또는 굴절 어간 일치; 의미 동일성은 주장하지 않음
대학교 들어가는데,대학교 들어가는데,CONTEXT,1,UQ0057,대학교 들어가는데 좀 어른스러운 느낌의 향수 추천해줘,NOT_FOUND,,,,원천 문서 명시 어휘에서 보수적 문자열/굴절 근거를 찾지 못함
데이트,데이트 중인 여자친구,CONTEXT,1,UQ0090,데이트할 때 반응 좋은 향수 추천해줘,RELATED,데이트 중인 여자친구,Floral,한국 후기식 생활 비유,원천 표현과 부분 문자열 또는 굴절 어간 일치; 의미 동일성은 주장하지 않음
데일리 향수,데일리,CONTEXT,1,UQ0084,40대 남성 데일리 향수 추천,RELATED,데일리,,원천 문서 line 1692|원천 문서 table line 1623,원천 표현과 부분 문자열 또는 굴절 어간 일치; 의미 동일성은 주장하지 않음
데일리로 쓰기 좋은,데일리한,CONTEXT,1,UQ0086,봄에 데일리로 쓰기 좋은 향수 추천해줘,RELATED,데일리한,,원천 문서 line 1683,원천 표현과 부분 문자열 또는 굴절 어간 일치; 의미 동일성은 주장하지 않음
매일,매일,CONTEXT,1,UQ0039,출근할때 매일 막 뿌릴 수 있는거,NOT_FOUND,,,,원천 문서 명시 어휘에서 보수적 문자열/굴절 근거를 찾지 못함
매일 사용,매일 사용,CONTEXT,1,UQ0028,회사에서 매일 사용해도 부담 없는 깔끔한 향수 추천해줘.,NOT_FOUND,,,,원천 문서 명시 어휘에서 보수적 문자열/굴절 근거를 찾지 못함
면세점에서 사기 좋은,면세점에서 사기 좋은,CONTEXT,1,UQ0044,면세점에서 사기 좋은 향수 추천해줘,NOT_FOUND,,,,원천 문서 명시 어휘에서 보수적 문자열/굴절 근거를 찾지 못함
면접,면접,CONTEXT,1,UQ0036,면접 갈 때 향수 뿌려도 됨? 뿌린다면 뭐가 좋아,NOT_FOUND,,,,원천 문서 명시 어휘에서 보수적 문자열/굴절 근거를 찾지 못함
미니멀하게 옷 입는 사람,미니멀하게 옷 입는 사람,CONTEXT,1,UQ0175,미니멀하게 옷 입는 사람한테 어울리는 담백한 향수 추천해줘.,NOT_FOUND,,,,원천 문서 명시 어휘에서 보수적 문자열/굴절 근거를 찾지 못함
밀폐된 공간,밀폐된 공간,CONTEXT,1,UQ0142,밀폐된 공간에서 써도 안 어지러울만한 거 추천해줘,NOT_FOUND,,,,원천 문서 명시 어휘에서 보수적 문자열/굴절 근거를 찾지 못함
사계절,사계절,CONTEXT,1,UQ0038,향수 하나만 사서 사계절 내내 쓰고 싶은데 가능?,MATCHED,사계절,,원천 문서 line 1692|원천 문서 table line 1623,원천 문서 명시 표현/표기 변형과 정규화 일치
사계절용,사계절,CONTEXT,1,UQ0104,향수 하나만 산다면 사계절용으로 뭐가 좋아?,RELATED,사계절,,원천 문서 line 1692|원천 문서 table line 1623,원천 표현과 부분 문자열 또는 굴절 어간 일치; 의미 동일성은 주장하지 않음
사람 많은 곳,사람 많은 곳,CONTEXT,1,UQ0030,사람 많은 곳에서도 너무 강하게 느껴지지 않는 은은한 향수를 추천해줘.,NOT_FOUND,,,,동형 표현의 문맥 오탐을 제외한 뒤 원천 근거를 찾지 못함
사무실,사무실,CONTEXT,1,UQ0182,겨울용 무거운 향인데 사무실에서도 부담없이 사용할 수 있는 향수 알려줘,NOT_FOUND,,,,원천 문서 명시 어휘에서 보수적 문자열/굴절 근거를 찾지 못함
선물,선물,CONTEXT,1,UQ0122,결혼하는 사람한테 선물해줄 향수는 뭐가 있을까?,NOT_FOUND,,,,원천 문서 명시 어휘에서 보수적 문자열/굴절 근거를 찾지 못함
선물하기 실패 확률 낮은 향수,선물하기 실패 확률 낮은 향수,CONTEXT,1,UQ0174,상대방 취향을 전혀 모르는데 선물하기 실패 확률 낮은 향수 추천해줘.,NOT_FOUND,,,,원천 문서 명시 어휘에서 보수적 문자열/굴절 근거를 찾지 못함
스트릿룩이랑 어울리는,스트릿룩이랑 어울리는,CONTEXT,1,UQ0103,평소에 스트릿룩 많이 입는데 스트릿룩이랑 어울리는 향수 추천해줘,NOT_FOUND,,,,원천 문서 명시 어휘에서 보수적 문자열/굴절 근거를 찾지 못함
실내에서만 있는 직업,실내에서만 있는 직업,CONTEXT,1,UQ0176,실내에서만 있는 직업인데 답답하지 않은 향 추천해줘.,NOT_FOUND,,,,원천 문서 명시 어휘에서 보수적 문자열/굴절 근거를 찾지 못함
아빠 선물용,아빠 선물용,CONTEXT,1,UQ0102,아빠 선물용으로 실패 확률 낮은 향수 추천해줘,NOT_FOUND,,,,원천 문서 명시 어휘에서 보수적 문자열/굴절 근거를 찾지 못함
여성,여성,CONTEXT,1,UQ0074,비 오는 날에 뿌릴 만한 30대 여성 향수 추천해줘,NOT_FOUND,,,,원천 문서 명시 어휘에서 보수적 문자열/굴절 근거를 찾지 못함
여자친구 선물,여자친구 선물,CONTEXT,1,UQ0128,호불호 안 갈리는 여자친구 선물용 향수 추천,NOT_FOUND,,,,원천 문서 명시 어휘에서 보수적 문자열/굴절 근거를 찾지 못함
여친한테 점수 딸만한,여친한테 점수 딸만한,CONTEXT,1,UQ0018,여자친구가 생겼는데 여친한테 점수 딸만한 향기 없나...?,NOT_FOUND,,,,원천 문서 명시 어휘에서 보수적 문자열/굴절 근거를 찾지 못함
오늘,오늘,CONTEXT,1,UQ0046,오늘 뿌리기 좋은 향수 추천해줘,NOT_FOUND,,,,원천 문서 명시 어휘에서 보수적 문자열/굴절 근거를 찾지 못함
올리브영이나 백화점,백화점 향수 냄새 같은,CONTEXT,1,UQ0124,요즘 올리브영이나 백화점에서 가장 핫하고 인기 많은 여자 향수 알려줘.,RELATED,백화점 향수 냄새 같은,Floral,호불호·부정 표현,원천 표현과 부분 문자열 또는 굴절 어간 일치; 의미 동일성은 주장하지 않음
옷에 향수,옷에 뿌리는 게 나은,CONTEXT,1,UQ0019,옷에 향수 뿌리고 싶어. 아무거나 추천 해줘.,RELATED,옷에 뿌리는 게 나은,,원천 문서 line 1689,원천 표현과 부분 문자열 또는 굴절 어간 일치; 의미 동일성은 주장하지 않음
운동하고 뿌리면 좋을,운동하고 뿌리면 좋을,CONTEXT,1,UQ0123,운동하고 뿌리면 좋을 남자 향수가 필요해,NOT_FOUND,,,,원천 문서 명시 어휘에서 보수적 문자열/굴절 근거를 찾지 못함
입문용,입문용,CONTEXT,1,UQ0187,아이리스가 세련됐다던데 입문용으로 괜찮은 거 있어?,MATCHED,입문용,,원천 문서 line 1691,원천 문서 명시 표현/표기 변형과 정규화 일치
정장차림,정장차림,CONTEXT,1,UQ0178,30대 남자의 정장차림에 어울리는 지속력 좋은 향수 추천해줘,NOT_FOUND,,,,원천 문서 명시 어휘에서 보수적 문자열/굴절 근거를 찾지 못함
중요한 공식석상,중요한 공식석상,CONTEXT,1,UQ0075,회사나 중요한 공식석상에서 뿌리기 적합한 향수 추천해줘,NOT_FOUND,,,,원천 문서 명시 어휘에서 보수적 문자열/굴절 근거를 찾지 못함
출근,출근,CONTEXT,1,UQ0088,출근할 때 부담 없이 뿌릴 수 있는 향수 추천해줘,NOT_FOUND,,,,원천 문서 명시 어휘에서 보수적 문자열/굴절 근거를 찾지 못함
출근할때,출근할때,CONTEXT,1,UQ0039,출근할때 매일 막 뿌릴 수 있는거,NOT_FOUND,,,,원천 문서 명시 어휘에서 보수적 문자열/굴절 근거를 찾지 못함
향수 입문용,입문용,CONTEXT,1,UQ0051,향수 입문용으로 조말론이나 메종 마르지엘라는 어때?,RELATED,입문용,,원천 문서 line 1691,원천 표현과 부분 문자열 또는 굴절 어간 일치; 의미 동일성은 주장하지 않음
헬스장,헬스장,CONTEXT,1,UQ0045,헬스장에서 반응 좋은 향수 추천해줘,NOT_FOUND,,,,원천 문서 명시 어휘에서 보수적 문자열/굴절 근거를 찾지 못함
헬스장용,헬스장용,CONTEXT,1,UQ0198,헬스장용인데 땀이랑 안 겹치고 저렴한 향수를 추천받고 싶어.,NOT_FOUND,,,,원천 문서 명시 어휘에서 보수적 문자열/굴절 근거를 찾지 못함
회사 취직,회사 취직,CONTEXT,1,UQ0024,나 25살 여잔데 이번에 회사 취직해서 나한테 선물할 겸 하나 사고 싶음! 어떤 게 좋을까???,NOT_FOUND,,,,원천 문서 명시 어휘에서 보수적 문자열/굴절 근거를 찾지 못함
가벼운,가벼운,PERFORMANCE,1,UQ0197,강의실에서 뿌려도 민폐 아닌 강도의 가벼운 향수 추천해줘.,MATCHED,가벼운,Aromatic Fougère|Citrus|Floral|Water,깨끗한 워터 계열|네롤리/쁘띠그레인/오렌지블라섬 계열 — 신설|맑은 플로럴/뮤게/프리지아 쪽|모던 푸제르 쪽|핵심 형용사|확장 형용사·감각어,원천 문서 명시 표현/표기 변형과 정규화 일치
강하게 나는,강하게 나는,PERFORMANCE,1,UQ0048,비누향이나 섬유유연제 향이 강하게 나는 향수 추천해줘,NOT_FOUND,,,,원천 문서 명시 어휘에서 보수적 문자열/굴절 근거를 찾지 못함
담배냄새랑 섞여도 이상하지 않은,담배냄새랑 섞여도 이상하지 않은,PERFORMANCE,1,UQ0040,담배 피우는데 담배냄새랑 섞여도 이상하지 않은 향수 있을까,NOT_FOUND,,,,원천 문서 명시 어휘에서 보수적 문자열/굴절 근거를 찾지 못함
땀 냄새랑 섞여도 안 이상한 거,땀 냄새랑 섞여도 안 이상한 거,PERFORMANCE,1,UQ0069,땀 냄새랑 섞여도 안 이상한 거. 바디스프레이처럼 쓸 수 있는 거 필요함,NOT_FOUND,,,,원천 문서 명시 어휘에서 보수적 문자열/굴절 근거를 찾지 못함
땀냄새랑 섞여서 이상해지지 않는,땀냄새랑 섞여서 이상해지지 않는,PERFORMANCE,1,UQ0042,여름에 땀 많이 나는데 땀냄새랑 섞여서 이상해지지 않는거,NOT_FOUND,,,,원천 문서 명시 어휘에서 보수적 문자열/굴절 근거를 찾지 못함
땀이랑 안 겹치고,땀이랑 안 겹치고,PERFORMANCE,1,UQ0198,헬스장용인데 땀이랑 안 겹치고 저렴한 향수를 추천받고 싶어.,NOT_FOUND,,,,원천 문서 명시 어휘에서 보수적 문자열/굴절 근거를 찾지 못함
무난하게 사용,무난한,PERFORMANCE,1,UQ0029,처음 향수를 사는 사람도 무난하게 사용할 수 있는 향수를 추천해줘.,RELATED,무난한,,원천 문서 line 1668|원천 문서 line 1683|원천 문서 table line 1612,원천 표현과 부분 문자열 또는 굴절 어간 일치; 의미 동일성은 주장하지 않음
민폐 아닌 강도의,민폐 아닌 강도의,PERFORMANCE,1,UQ0197,강의실에서 뿌려도 민폐 아닌 강도의 가벼운 향수 추천해줘.,NOT_FOUND,,,,원천 문서 명시 어휘에서 보수적 문자열/굴절 근거를 찾지 못함
부담 없는,부담없는,PERFORMANCE,1,UQ0028,회사에서 매일 사용해도 부담 없는 깔끔한 향수 추천해줘.,MATCHED,부담없는,,원천 문서 line 1683,원천 문서 명시 표현/표기 변형과 정규화 일치
부담 없이,부담 없이,PERFORMANCE,1,UQ0088,출근할 때 부담 없이 뿌릴 수 있는 향수 추천해줘,NOT_FOUND,,,,원천 문서 명시 어휘에서 보수적 문자열/굴절 근거를 찾지 못함
부담없이 사용,부담없는,PERFORMANCE,1,UQ0182,겨울용 무거운 향인데 사무실에서도 부담없이 사용할 수 있는 향수 알려줘,RELATED,부담없는,,원천 문서 line 1683,원천 표현과 부분 문자열 또는 굴절 어간 일치; 의미 동일성은 주장하지 않음
슥 지나갔을 때,슥 지나갔을 때,PERFORMANCE,1,UQ0082,뿌리고 슥 지나갔을 때 향이 너무 좋아서 사람들이 다 돌아볼 것 같은 향수 추천해줘,NOT_FOUND,,,,원천 문서 명시 어휘에서 보수적 문자열/굴절 근거를 찾지 못함
오래가는,오래가는,PERFORMANCE,1,UQ0117,시트러스 향이 오래가는 향수 추천해줘,MATCHED,오래가는,,원천 문서 line 1687,원천 문서 명시 표현/표기 변형과 정규화 일치
은은하게,은은하게 스모키한,PERFORMANCE,1,UQ0065,은은하게 잔향 좋은 거. 향은 딱히 선호 없음 모름 잘,RELATED,은은하게 스모키한,Soft Amber,향조가 인센스 쪽으로 갈 때,원천 표현과 부분 문자열 또는 굴절 어간 일치; 의미 동일성은 주장하지 않음
잔향 오래가는,오래가는,PERFORMANCE,1,UQ0180,플로럴인데 파우더리하지 않고 잔향 오래가는 거 추천해줘,RELATED,오래가는,,원천 문서 line 1687,원천 표현과 부분 문자열 또는 굴절 어간 일치; 의미 동일성은 주장하지 않음
잔향 좋은 거,잔향 오래감,PERFORMANCE,1,UQ0065,은은하게 잔향 좋은 거. 향은 딱히 선호 없음 모름 잘,RELATED,"잔향 오래감|잔향이 좋은|향수명"" 잔향",,원천 문서 line 1485|원천 문서 line 1687|원천 문서 table line 1625,원천 표현과 부분 문자열 또는 굴절 어간 일치; 의미 동일성은 주장하지 않음
잔향이 좋은,잔향이 좋은,PERFORMANCE,1,UQ0107,잔향이 좋은 향수 추천해줘,MATCHED,잔향이 좋은,,원천 문서 line 1687,원천 문서 명시 표현/표기 변형과 정규화 일치
지나갈 때 은은,은은한,PERFORMANCE,1,UQ0027,지나갈 때 은은하게 좋은 냄새가 나는 정도의 향수를 찾고 있어.,RELATED,은은한,Floral|Soft Floral,원천 문서 line 1668|원천 문서 line 1683|핵심 형용사,원천 표현과 부분 문자열 또는 굴절 어간 일치; 의미 동일성은 주장하지 않음
지속력은 길었으면,⑧ 지속력,PERFORMANCE,1,UQ0147,지속력은 길었으면 좋겠는데 향이 멀리까지 퍼지는 건 싫어. 그런 향수 있어?,RELATED,⑧ 지속력,,원천 문서 line 1625,원천 표현과 부분 문자열 또는 굴절 어간 일치; 의미 동일성은 주장하지 않음
체향에 잘 맞는,체향에 잘 맞는,PERFORMANCE,1,UQ0021,"나는 이솝 테싯 퍼퓸을 자주 쓰는데, 이게 내 체향에 잘 맞는 거 같더라고. 비슷한데 다른 향 없나?",NOT_FOUND,,,,원천 문서 명시 어휘에서 보수적 문자열/굴절 근거를 찾지 못함
향이 오래가는,오래가는,PERFORMANCE,1,UQ0138,향이 오래가는 남자 향수 골라줘봐라,RELATED,오래가는,,원천 문서 line 1687,원천 표현과 부분 문자열 또는 굴절 어간 일치; 의미 동일성은 주장하지 않음
강하게,강하게,AVOID,1,UQ0030,사람 많은 곳에서도 너무 강하게 느껴지지 않는 은은한 향수를 추천해줘.,NOT_FOUND,,,,원천 문서 명시 어휘에서 보수적 문자열/굴절 근거를 찾지 못함
강하면,강하면,AVOID,1,UQ0032,향수 냄새가 강하면 머리가 아파서 최대한 부드럽고 편안한 향을 찾고 있어.,NOT_FOUND,,,,원천 문서 명시 어휘에서 보수적 문자열/굴절 근거를 찾지 못함
남자 스킨 냄새,스킨냄새,AVOID,1,UQ0149,"시원한 향은 좋은데, 남자 스킨 냄새는 진짜 별로야. 안 그런 거 있어?",RELATED,스킨냄새,,원천 문서 line 1427,원천 표현과 부분 문자열 또는 굴절 어간 일치; 의미 동일성은 주장하지 않음
남자 향수 냄새,남자 향수 냄새,AVOID,1,UQ0170,청량한데 남자 향수 냄새는 안났으면 좋겠음. 뭔말인지 알지?,NOT_FOUND,,,,원천 문서 명시 어휘에서 보수적 문자열/굴절 근거를 찾지 못함
너무 날카롭지 않았으면,너무 날카롭지 않았으면,AVOID,1,UQ0160,차가운 금속같은 이미지인데 향 자체는 너무 날카롭지 않았으면 좋겠어.,NOT_FOUND,,,,원천 문서 명시 어휘에서 보수적 문자열/굴절 근거를 찾지 못함
너무 남자 향수도 아니었으면,너무 남자 향수도 아니었으면,AVOID,1,UQ0009,"중성적인 향수 뿌리고 싶어. 너무 여성스럽지 않되, 너무 남자 향수도 아니었으면 좋겠다.",NOT_FOUND,,,,원천 문서 명시 어휘에서 보수적 문자열/굴절 근거를 찾지 못함
너무 냄새가 강하지는 않았으면,너무 냄새가 강하지는 않았으면,AVOID,1,UQ0163,"나 꿀 같은 향은 좋아하는데, 너무 냄새가 강하지는 않았으면 좋겠어. 그런 향수 있을까?",NOT_FOUND,,,,원천 문서 명시 어휘에서 보수적 문자열/굴절 근거를 찾지 못함
너무 느끼,느끼한,AVOID,1,UQ0010,"케이크 같으면서도, 너무 느끼하지 않고, 딱 맡았을 때 공주처럼 느껴지는 향수 그런 거 없음?",RELATED,느끼한,Amber|Floral|Floral Amber|Soft Amber|Woody Amber,호불호·부정 표현,원천 표현과 부분 문자열 또는 굴절 어간 일치; 의미 동일성은 주장하지 않음
너무 단,너무 단,AVOID,1,UQ0005,난 바닐라 향기가 좋은데. 너무 단 건 싫어.,MATCHED,너무 단,Amber|Fruity,호불호·부정 표현,원천 문서 명시 표현/표기 변형과 정규화 일치
너무 무겁거나,너무 무거운,AVOID,1,UQ0196,우디 향 좋아하는데 너무 무겁거나 아저씨 같은 느낌은 싫어.,RELATED,너무 무거운,Woody Amber,호불호·부정 표현,원천 표현과 부분 문자열 또는 굴절 어간 일치; 의미 동일성은 주장하지 않음
너무 여성스럽지 않되,너무 여성스럽지 않되,AVOID,1,UQ0009,"중성적인 향수 뿌리고 싶어. 너무 여성스럽지 않되, 너무 남자 향수도 아니었으면 좋겠다.",NOT_FOUND,,,,원천 문서 명시 어휘에서 보수적 문자열/굴절 근거를 찾지 못함
너무 음식같은 느낌,너무 음식같은 느낌,AVOID,1,UQ0054,홍차향 같은 향수도 있나? 근데 너무 음식같은 느낌 안 났으면 좋곘음,NOT_FOUND,,,,원천 문서 명시 어휘에서 보수적 문자열/굴절 근거를 찾지 못함
너무 진한 향,라벤더가 진한,AVOID,1,UQ0056,아로마 계열이면 다 좋은데 너무 진한 향 아니고 은은한 게 좋아,RELATED,라벤더가 진한,Aromatic Fougère,클래식 푸제르 쪽,원천 표현과 부분 문자열 또는 굴절 어간 일치; 의미 동일성은 주장하지 않음
느끼,느끼한,AVOID,1,UQ0116,달달하지만 너무 느끼하지 않은 향수 추천해줘,RELATED,느끼한,Amber|Floral|Floral Amber|Soft Amber|Woody Amber,호불호·부정 표현,원천 표현과 부분 문자열 또는 굴절 어간 일치; 의미 동일성은 주장하지 않음
달달,달달한,AVOID,1,UQ0194,포근한 니트 같은 느낌인데 달달하지 않은 향수 있을까?,RELATED,달달한,Amber|Fruity|Soft Amber,바닐라/통카 쪽으로 갈 때|베리 계열|원천 문서 line 1316|원천 문서 line 1320|원천 문서 line 1326|원천 문서 line 1330|원천 문서 line 1453|원천 문서 line 1457|원천 문서 line 1460|핵심 형용사,원천 표현과 부분 문자열 또는 굴절 어간 일치; 의미 동일성은 주장하지 않음
달달한 거,달달한,AVOID,1,UQ0169,"딸기 향기가 났으면 좋겠어. 달달한 거 말고, 진짜 싱싱한 딸기 향기 나는 향수 추천해줘.",RELATED,달달한,Amber|Fruity|Soft Amber,바닐라/통카 쪽으로 갈 때|베리 계열|원천 문서 line 1316|원천 문서 line 1320|원천 문서 line 1326|원천 문서 line 1330|원천 문서 line 1453|원천 문서 line 1457|원천 문서 line 1460|핵심 형용사,원천 표현과 부분 문자열 또는 굴절 어간 일치; 의미 동일성은 주장하지 않음
달콤한,달콤한,AVOID,1,UQ0004,"여성스러운 향을 사고 싶은데, 너무 달콤한 건 싫어. 그런 향기가 있을까?",MATCHED,달콤한,Amber|Floral Amber|Fruity,당도 표현|원천 문서 line 1325|핵심 형용사,원천 문서 명시 표현/표기 변형과 정규화 일치
달콤한 향기,달콤한,AVOID,1,UQ0052,향수 사보려고 하는데 난 달콤한 향기는 별로 안 좋아하거든 좀 화한거 사고싶어,RELATED,달콤한,Amber|Floral Amber|Fruity,당도 표현|원천 문서 line 1325|핵심 형용사,원천 표현과 부분 문자열 또는 굴절 어간 일치; 의미 동일성은 주장하지 않음
답답하지 않은 향,답답한,AVOID,1,UQ0176,실내에서만 있는 직업인데 답답하지 않은 향 추천해줘.,RELATED,답답한,Amber|Floral Amber|Soft Amber|Soft Floral,호불호·부정 표현,원천 표현과 부분 문자열 또는 굴절 어간 일치; 의미 동일성은 주장하지 않음
머리 너무 안 아팠으면,머리 너무 안 아팠으면,AVOID,1,UQ0013,코코넛 향기 나는데 머리 너무 안 아팠으면 좋겠음,NOT_FOUND,,,,원천 문서 명시 어휘에서 보수적 문자열/굴절 근거를 찾지 못함
머스크,머스크,AVOID,1,UQ0167,머스크말고 화이트 머스크 향이 나는 향수로 추천해줘.,MATCHED,머스크,Soft Floral,원천 문서 table line 1610|핵심 이미지,원천 문서 명시 표현/표기 변형과 정규화 일치
무겁거나,무겁게 단,AVOID,1,UQ0150,우디 향 좋아하는데 무겁거나 중후한 건 싫어. 추천 좀.,RELATED,무겁게 단,,원천 문서 table line 1612,원천 표현과 부분 문자열 또는 굴절 어간 일치; 의미 동일성은 주장하지 않음
바닐라,바닐라,AVOID,1,UQ0148,"향추 추천해줘. 달콤한 향은 좋은데, 바닐라는 싫어.",MATCHED,바닐라,Amber,핵심 이미지,원천 문서 명시 표현/표기 변형과 정규화 일치
바질 냄새,바질 냄새,AVOID,1,UQ0168,바질 냄새 싫어. 바질 냄새 안나는 그린 계열 향수 추천 해줘.,NOT_FOUND,,,,원천 문서 명시 어휘에서 보수적 문자열/굴절 근거를 찾지 못함
복숭아,복숭아,AVOID,1,UQ0154,"과일 향수 추천하는데 복숭아, 체리는 빼고 해줘. 그거 싫어.",MATCHED,복숭아,Fruity,핵심 이미지,원천 문서 명시 표현/표기 변형과 정규화 일치
부담,부담,AVOID,1,UQ0025,소개팅할 때 부담스럽지 않으면서 좋은 인상을 줄 수 있는 향수 추천해줘.,NOT_FOUND,,,,원천 문서 명시 어휘에서 보수적 문자열/굴절 근거를 찾지 못함
세제 냄새,레몬 세제,AVOID,1,UQ0162,호텔 침구 같은 깨끗함! 근데 세제 냄새처럼 인위적이면 싫어.,RELATED,레몬 세제|세제 같은,Soft Floral,원천 문서 table line 1549|호불호·부정 표현,원천 표현과 부분 문자열 또는 굴절 어간 일치; 의미 동일성은 주장하지 않음
소금 냄새가 너무 강하진 않았으면,소금 냄새가 너무 강하진 않았으면,AVOID,1,UQ0158,새벽 바닷가 같은 느낌인데 소금 냄새가 너무 강하진 않았으면 좋겠어.,NOT_FOUND,,,,원천 문서 명시 어휘에서 보수적 문자열/굴절 근거를 찾지 못함
시트러스,시트러스,AVOID,1,UQ0161,햇빛 받은 흰 셔츠 같은 느낌하고 싶은데 시트러스는 싫어.,MATCHED,시트러스,Aromatic Fougère|Citrus,0. 분류 기준 / Family 명칭|원천 문서 table line 1610|핵심 이미지,원천 문서 명시 표현/표기 변형과 정규화 일치
아저씨 같은 느낌,아저씨 스킨로션,AVOID,1,UQ0196,우디 향 좋아하는데 너무 무겁거나 아저씨 같은 느낌은 싫어.,RELATED,아저씨 스킨 같은|아저씨 스킨로션,Aromatic Fougère,원천 문서 line 1377|한국 후기식 생활 비유,원천 표현과 부분 문자열 또는 굴절 어간 일치; 의미 동일성은 주장하지 않음
안 어지러울만한 거,안 어지러울만한 거,AVOID,1,UQ0142,밀폐된 공간에서 써도 안 어지러울만한 거 추천해줘,NOT_FOUND,,,,원천 문서 명시 어휘에서 보수적 문자열/굴절 근거를 찾지 못함
어려 보이지,어려 보이지,AVOID,1,UQ0033,내가 20대 후반인데 너무 어려 보이지 않으면서 세련된 향수를 찾고 있어.,NOT_FOUND,,,,원천 문서 명시 어휘에서 보수적 문자열/굴절 근거를 찾지 못함
올드,올드한,AVOID,1,UQ0185,산타마리아노벨라 시향했는데 너무 올드하더라. 젊은 느낌으로 추천해줄래?,RELATED,올드한,Aromatic Fougère|Mossy Woods,호불호·부정 표현,원천 표현과 부분 문자열 또는 굴절 어간 일치; 의미 동일성은 주장하지 않음
우디,우디,AVOID,1,UQ0192,지금 우디 향수만 여러 개 가지고 있어서 완전히 다른 계열 하나 사고 싶어.,MATCHED,우디,Woods,0. 분류 기준 / Family 명칭|원천 문서 table line 1610,원천 문서 명시 표현/표기 변형과 정규화 일치
인센스,인센스,AVOID,1,UQ0153,인센스나 절 냄새 나는 향수 개극혐이니까 그거 말고 다양한 종류로 추천 좀.,MATCHED,인센스,,원천 문서 table line 1547,원천 문서 명시 표현/표기 변형과 정규화 일치
인위적인,인위적인,AVOID,1,UQ0164,장미 꽃 향기는 좋은데 인위적인 향기는 아니었으면 좋겠음. 추천 좀,NOT_FOUND,,,,원천 문서 명시 어휘에서 보수적 문자열/굴절 근거를 찾지 못함
입자가 너무 작은 건,입자가 너무 작은 건,AVOID,1,UQ0020,향수 분사 적당히 되는 거 없나? 입자가 너무 작은 건 싫은데.,NOT_FOUND,,,,원천 문서 명시 어휘에서 보수적 문자열/굴절 근거를 찾지 못함
조말론 블랙베리,조말론 블랙베리,AVOID,1,UQ0022,나 조말론 블랙베리는 별로더라... 이런 나한테 추천해줄 만한 향수 없나,NOT_FOUND,,,,원천 문서 명시 어휘에서 보수적 문자열/굴절 근거를 찾지 못함
중후한,중후한,AVOID,1,UQ0150,우디 향 좋아하는데 무겁거나 중후한 건 싫어. 추천 좀.,NOT_FOUND,,,,원천 문서 명시 어휘에서 보수적 문자열/굴절 근거를 찾지 못함
체리,체리,AVOID,1,UQ0154,"과일 향수 추천하는데 복숭아, 체리는 빼고 해줘. 그거 싫어.",NOT_FOUND,,,,원천 문서 명시 어휘에서 보수적 문자열/굴절 근거를 찾지 못함
초코 향,초코 향,AVOID,1,UQ0166,카라멜 향기 달달하게 났으면 좋겠어. 초코 향이면 안돼!!,NOT_FOUND,,,,원천 문서 명시 어휘에서 보수적 문자열/굴절 근거를 찾지 못함
파우더리,파우더리한,AVOID,1,UQ0180,플로럴인데 파우더리하지 않고 잔향 오래가는 거 추천해줘,RELATED,파우더리한,Floral Amber|Soft Amber|Soft Floral,바닐라/통카 쪽으로 갈 때|원천 문서 line 1107|핵심 형용사,원천 표현과 부분 문자열 또는 굴절 어간 일치; 의미 동일성은 주장하지 않음
패출리,패출리,AVOID,1,UQ0152,패출리 들어간 향은 싫어. 그거 뺀 걸로 추천 좀.,MATCHED,패출리,Mossy Woods|Woods|Woody Amber,핵심 이미지,원천 문서 명시 표현/표기 변형과 정규화 일치
향기 너무 많이 나면,향기 너무 많이 나면,AVOID,1,UQ0016,여름에 뿌릴 향수 가지고 싶은데 향기 너무 많이 나면 코 아파서... 안 그런거 추천 가능한가?,NOT_FOUND,,,,원천 문서 명시 어휘에서 보수적 문자열/굴절 근거를 찾지 못함
향수 뿌린 티 안나는,향수 뿌린 티 안나는,AVOID,1,UQ0034,너무 향수 뿌린 티 안나는 걸로 추천해줘,NOT_FOUND,,,,원천 문서 명시 어휘에서 보수적 문자열/굴절 근거를 찾지 못함
향이 너무 세,향이 너무 세,AVOID,1,UQ0092,향이 너무 세지 않은 향수 추천해줘,NOT_FOUND,,,,동형 표현의 문맥 오탐을 제외한 뒤 원천 근거를 찾지 못함
향이 멀리까지 퍼지는 건 싫어,향이 멀리까지 퍼지는 건 싫어,AVOID,1,UQ0147,지속력은 길었으면 좋겠는데 향이 멀리까지 퍼지는 건 싫어. 그런 향수 있어?,NOT_FOUND,,,,원천 문서 명시 어휘에서 보수적 문자열/굴절 근거를 찾지 못함
화장품 냄새,화장품 냄새 같은,AVOID,1,UQ0151,"꽃향은 좋은데, 화장품 냄새 같은 꽃향은 싫음.",RELATED,화장품 냄새 같은,Soft Floral,호불호·부정 표현,원천 표현과 부분 문자열 또는 굴절 어간 일치; 의미 동일성은 주장하지 않음
흙냄새보다는 젖은 나무 냄새,젖은 잎 같은,AVOID,1,UQ0159,비 오는 숲 같은데 흙냄새보다는 젖은 나무 냄새가 강했으면 좋겠어.,RELATED,젖은 잎 같은|젖은 흙 같은,Green|Mossy Woods,생풀/잎 쪽|습도 표현,원천 표현과 부분 문자열 또는 굴절 어간 일치; 의미 동일성은 주장하지 않음
단종된 향수랑 비슷한 걸,단종된 향수랑 비슷한 걸,REFERENCE,1,UQ0190,단종된 향수랑 비슷한 걸 찾고 싶어. 파우더리하고 비누향이었어,NOT_FOUND,,,,원천 문서 명시 어휘에서 보수적 문자열/굴절 근거를 찾지 못함
딥티크 탐다오랑 오르페옹 중에 출근용,탐다오,REFERENCE,1,UQ0155,딥티크 탐다오랑 오르페옹 중에 출근용으로 뭐가 더 나아?,RELATED,탐다오,,원천 문서 line 1589,원천 표현과 부분 문자열 또는 굴절 어간 일치; 의미 동일성은 주장하지 않음
리한나가 쓰는 향수,리한나가 쓰는 향수,REFERENCE,1,UQ0146,가격 상관 없음. 리한나가 쓰는 향수 갖고싶어,NOT_FOUND,,,,원천 문서 명시 어휘에서 보수적 문자열/굴절 근거를 찾지 못함
메종 마르지엘라,메종 마르지엘라,REFERENCE,1,UQ0051,향수 입문용으로 조말론이나 메종 마르지엘라는 어때?,NOT_FOUND,,,,원천 문서 명시 어휘에서 보수적 문자열/굴절 근거를 찾지 못함
블루 드 샤넬보다 덜 흔한 느낌,흔한 남자 향수,REFERENCE,1,UQ0156,블루 드 샤넬보다 덜 흔한 느낌으로 추천해줘.,RELATED,흔한 남자 향수,Aromatic Fougère,호불호·부정 표현,원천 표현과 부분 문자열 또는 굴절 어간 일치; 의미 동일성은 주장하지 않음
산타마리아노벨라 시향했는데 너무 올드,올드한,REFERENCE,1,UQ0185,산타마리아노벨라 시향했는데 너무 올드하더라. 젊은 느낌으로 추천해줄래?,RELATED,올드한,Aromatic Fougère|Mossy Woods,호불호·부정 표현,원천 표현과 부분 문자열 또는 굴절 어간 일치; 의미 동일성은 주장하지 않음
샤넬 no5랑 믹스해서 사용하기 좋은,샤넬 no5랑 믹스해서 사용하기 좋은,REFERENCE,1,UQ0100,샤넬 no5랑 믹스해서 사용하기 좋은 향수 추천해줘,NOT_FOUND,,,,원천 문서 명시 어휘에서 보수적 문자열/굴절 근거를 찾지 못함
양키캔들 핑크 샌즈,양키캔들 핑크 샌즈,REFERENCE,1,UQ0098,양키캔들 핑크 샌즈 쓰고 있는데 이거 향 너무 좋아서 이거랑 비슷한 향수 갖고싶어,NOT_FOUND,,,,원천 문서 명시 어휘에서 보수적 문자열/굴절 근거를 찾지 못함
이솝 테싯 퍼퓸,이솝 테싯 퍼퓸,REFERENCE,1,UQ0021,"나는 이솝 테싯 퍼퓸을 자주 쓰는데, 이게 내 체향에 잘 맞는 거 같더라고. 비슷한데 다른 향 없나?",NOT_FOUND,,,,원천 문서 명시 어휘에서 보수적 문자열/굴절 근거를 찾지 못함
이솝 휠이랑 레이어링,이솝 휠이랑 레이어링,REFERENCE,1,UQ0179,이솝 휠이랑 레이어링하면 좋은 향수 가르쳐줘,NOT_FOUND,,,,원천 문서 명시 어휘에서 보수적 문자열/굴절 근거를 찾지 못함
조말론,조말론,REFERENCE,1,UQ0051,향수 입문용으로 조말론이나 메종 마르지엘라는 어때?,NOT_FOUND,,,,원천 문서 명시 어휘에서 보수적 문자열/굴절 근거를 찾지 못함
조말론인데 조금 더 성숙한 느낌으로 바꾸고 싶어.,성숙한,REFERENCE,1,UQ0157,지금 쓰는 향수보가 조말론인데 조금 더 성숙한 느낌으로 바꾸고 싶어.,RELATED,성숙한,Amber|Floral|Floral Amber|Mossy Woods|Woody Amber,시프레 쪽 표현|이미지·분위기 표현|핵심 형용사|확장 형용사·감각어,원천 표현과 부분 문자열 또는 굴절 어간 일치; 의미 동일성은 주장하지 않음
크리드 실버마운틴워터,크리드 실버마운틴워터,REFERENCE,1,UQ0188,크리드 실버마운틴워터 사고 싶은데 너무 비싸. 비슷한데 더 저렴한거 추천해줘.,NOT_FOUND,,,,원천 문서 명시 어휘에서 보수적 문자열/굴절 근거를 찾지 못함
탬버린즈 계열,탬버린즈 계열,REFERENCE,1,UQ0200,탬버린즈 계열 좋아하는데 다른 국내 브랜드 추천해줘.,NOT_FOUND,,,,원천 문서 명시 어휘에서 보수적 문자열/굴절 근거를 찾지 못함
템버린즈 볼드 시트러스랑 비슷한 향수,시트러스,REFERENCE,1,UQ0077,지금 단종된 템버린즈 볼드 시트러스랑 비슷한 향수 추천해줘,RELATED,시트러스,Aromatic Fougère|Citrus,0. 분류 기준 / Family 명칭|원천 문서 table line 1610|핵심 이미지,원천 표현과 부분 문자열 또는 굴절 어간 일치; 의미 동일성은 주장하지 않음
10만 원대,10만 원대,OTHER,1,UQ0119,10만 원대에서 살 만한 향수 추천해줘,NOT_FOUND,,,,원천 문서 명시 어휘에서 보수적 문자열/굴절 근거를 찾지 못함
10만원 이내,10만원 이내,OTHER,1,UQ0070,10만원 이내에서 살 수 있는 저렴한 시원한 향기 나는 향수,NOT_FOUND,,,,원천 문서 명시 어휘에서 보수적 문자열/굴절 근거를 찾지 못함
20만 원 이하,20만 원 이하,OTHER,1,UQ0120,20만 원 이하로 가성비 좋은 향수 추천해줘,NOT_FOUND,,,,원천 문서 명시 어휘에서 보수적 문자열/굴절 근거를 찾지 못함
20만원 이내,20만원 이내,OTHER,1,UQ0071,무조건 20만원 이내에서 조합 괜찮은 향수 2개. 중성적인 느낌으로!,NOT_FOUND,,,,원천 문서 명시 어휘에서 보수적 문자열/굴절 근거를 찾지 못함
5개,5개,OTHER,1,UQ0141,"남친한테 향수 선물할 건데, 제일 유명한 남자 향수로 5개 정도 추천해줘",NOT_FOUND,,,,원천 문서 명시 어휘에서 보수적 문자열/굴절 근거를 찾지 못함
5만원 이내,5만원 이내,OTHER,1,UQ0144,한 5만원 이내로 살 수 있는데 백화점 향수 느낌 나는 거,NOT_FOUND,,,,원천 문서 명시 어휘에서 보수적 문자열/굴절 근거를 찾지 못함
SNS에서 인기 많은,SNS에서 인기 많은,OTHER,1,UQ0135,SNS에서 인기 많은 남자 향수는 어떤게 있니,NOT_FOUND,,,,동형 표현의 문맥 오탐을 제외한 뒤 원천 근거를 찾지 못함
가격 상관 없음,가격 상관 없음,OTHER,1,UQ0146,가격 상관 없음. 리한나가 쓰는 향수 갖고싶어,NOT_FOUND,,,,원천 문서 명시 어휘에서 보수적 문자열/굴절 근거를 찾지 못함
가격 적당,가격 적당,OTHER,1,UQ0003,향수 가격 적당한 거 추천해줘. 그냥 구색 갖추려고 사는 거야.,NOT_FOUND,,,,원천 문서 명시 어휘에서 보수적 문자열/굴절 근거를 찾지 못함
가성비,가성비,OTHER,1,UQ0120,20만 원 이하로 가성비 좋은 향수 추천해줘,NOT_FOUND,,,,원천 문서 명시 어휘에서 보수적 문자열/굴절 근거를 찾지 못함
가장 핫,가장 핫,OTHER,1,UQ0124,요즘 올리브영이나 백화점에서 가장 핫하고 인기 많은 여자 향수 알려줘.,NOT_FOUND,,,,동형 표현의 문맥 오탐을 제외한 뒤 원천 근거를 찾지 못함
결혼하는 사람,결혼하는 사람,OTHER,1,UQ0122,결혼하는 사람한테 선물해줄 향수는 뭐가 있을까?,NOT_FOUND,,,,원천 문서 명시 어휘에서 보수적 문자열/굴절 근거를 찾지 못함
구색 갖추려고,구색 갖추려고,OTHER,1,UQ0003,향수 가격 적당한 거 추천해줘. 그냥 구색 갖추려고 사는 거야.,NOT_FOUND,,,,원천 문서 명시 어휘에서 보수적 문자열/굴절 근거를 찾지 못함
그냥 골라줘,그냥 골라줘,OTHER,1,UQ0035,나한테 무슨 향이 어울리는지 모르겠음 그냥 골라줘,NOT_FOUND,,,,원천 문서 명시 어휘에서 보수적 문자열/굴절 근거를 찾지 못함
나한테 맞는,나한테 맞는,OTHER,1,UQ0049,나한테 맞는 향수 추천해줘,NOT_FOUND,,,,원천 문서 명시 어휘에서 보수적 문자열/굴절 근거를 찾지 못함
남들이 잘 안쓰는 독특한,남들이 잘 안쓰는 독특한,OTHER,1,UQ0136,겨울용 남자 향수가 필요한데 남들이 잘 안쓰는 독특한걸 찾고 싶어,NOT_FOUND,,,,원천 문서 명시 어휘에서 보수적 문자열/굴절 근거를 찾지 못함
누구나 맡았을 때 '좋다'고,누구나 맡았을 때 '좋다'고,OTHER,1,UQ0125,호불호 안 갈리고 누구나 맡았을 때 '좋다'고 느낄 만한 향수 추천좀,NOT_FOUND,,,,원천 문서 명시 어휘에서 보수적 문자열/굴절 근거를 찾지 못함
다들 좋다고,다들 좋다고,OTHER,1,UQ0126,향수 초보인데 실패 확률 제일 적고 남들이 다들 좋다고 하는 남자 향수는 뭐가 있어,NOT_FOUND,,,,원천 문서 명시 어휘에서 보수적 문자열/굴절 근거를 찾지 못함
다른 국내 브랜드,다른 국내 브랜드,OTHER,1,UQ0200,탬버린즈 계열 좋아하는데 다른 국내 브랜드 추천해줘.,NOT_FOUND,,,,원천 문서 명시 어휘에서 보수적 문자열/굴절 근거를 찾지 못함
다양한 종류로 추천,다양한 종류로 추천,OTHER,1,UQ0153,인센스나 절 냄새 나는 향수 개극혐이니까 그거 말고 다양한 종류로 추천 좀.,NOT_FOUND,,,,원천 문서 명시 어휘에서 보수적 문자열/굴절 근거를 찾지 못함
대표적인 거 몇 개,대표적인 거 몇 개,OTHER,1,UQ0184,시프레 계열이 뭔지 모르겠는데 대표적인 거 몇 개만 알려주겠니?,NOT_FOUND,,,,원천 문서 명시 어휘에서 보수적 문자열/굴절 근거를 찾지 못함
더 저렴한거,더 저렴한거,OTHER,1,UQ0188,크리드 실버마운틴워터 사고 싶은데 너무 비싸. 비슷한데 더 저렴한거 추천해줘.,NOT_FOUND,,,,원천 문서 명시 어휘에서 보수적 문자열/굴절 근거를 찾지 못함
디자인이 엄청 고급스럽고 화려해서 선물용으로 소장 가치 있는 향수 병,화려한,OTHER,1,UQ0133,디자인이 엄청 고급스럽고 화려해서 선물용으로 소장 가치 있는 향수 병 디자인 추천해 줄래,RELATED,화려한,Amber|Floral|Floral Amber,꽃 쪽이 앞설 때|이미지·분위기 표현|핵심 형용사|화이트 플로럴 쪽에서 자주 붙는 표현,원천 표현과 부분 문자열 또는 굴절 어간 일치; 의미 동일성은 주장하지 않음
막 뿌릴,막 뿌릴,OTHER,1,UQ0039,출근할때 매일 막 뿌릴 수 있는거,NOT_FOUND,,,,원천 문서 명시 어휘에서 보수적 문자열/굴절 근거를 찾지 못함
백화점 향수,백화점 향수 냄새 같은,OTHER,1,UQ0144,한 5만원 이내로 살 수 있는데 백화점 향수 느낌 나는 거,RELATED,백화점 향수 냄새 같은,Floral,호불호·부정 표현,원천 표현과 부분 문자열 또는 굴절 어간 일치; 의미 동일성은 주장하지 않음
분사 적당히 되는 거,분사 적당히 되는 거,OTHER,1,UQ0020,향수 분사 적당히 되는 거 없나? 입자가 너무 작은 건 싫은데.,NOT_FOUND,,,,원천 문서 명시 어휘에서 보수적 문자열/굴절 근거를 찾지 못함
블라인드 구매,블라인드 구매,OTHER,1,UQ0105,시향 없이 블라인드 구매해도 괜찮은 향수 추천해줘,NOT_FOUND,,,,원천 문서 명시 어휘에서 보수적 문자열/굴절 근거를 찾지 못함
비 오는 날,비 오는 날,OTHER,1,UQ0074,비 오는 날에 뿌릴 만한 30대 여성 향수 추천해줘,NOT_FOUND,,,,원천 문서 명시 어휘에서 보수적 문자열/굴절 근거를 찾지 못함
뿌리기 좋은,뿌리기 좋은,OTHER,1,UQ0046,오늘 뿌리기 좋은 향수 추천해줘,NOT_FOUND,,,,원천 문서 명시 어휘에서 보수적 문자열/굴절 근거를 찾지 못함
상대방 취향을 전혀 모르는데,상대방 취향을 전혀 모르는데,OTHER,1,UQ0174,상대방 취향을 전혀 모르는데 선물하기 실패 확률 낮은 향수 추천해줘.,NOT_FOUND,,,,원천 문서 명시 어휘에서 보수적 문자열/굴절 근거를 찾지 못함
선호 없음,선호 없음,OTHER,1,UQ0065,은은하게 잔향 좋은 거. 향은 딱히 선호 없음 모름 잘,NOT_FOUND,,,,동형 표현의 문맥 오탐을 제외한 뒤 원천 근거를 찾지 못함
성분 좋은,성분 좋은,OTHER,1,UQ0145,천연 향신료 사용하는 성분 좋은 향수 추천해줘,NOT_FOUND,,,,원천 문서 명시 어휘에서 보수적 문자열/굴절 근거를 찾지 못함
시향 없이,시향 없이,OTHER,1,UQ0105,시향 없이 블라인드 구매해도 괜찮은 향수 추천해줘,NOT_FOUND,,,,원천 문서 명시 어휘에서 보수적 문자열/굴절 근거를 찾지 못함
실패 확률 낮은,실패 확률 낮은,OTHER,1,UQ0102,아빠 선물용으로 실패 확률 낮은 향수 추천해줘,NOT_FOUND,,,,원천 문서 명시 어휘에서 보수적 문자열/굴절 근거를 찾지 못함
실패 확률 제일 적고,실패 확률 제일 적고,OTHER,1,UQ0126,향수 초보인데 실패 확률 제일 적고 남들이 다들 좋다고 하는 남자 향수는 뭐가 있어,NOT_FOUND,,,,원천 문서 명시 어휘에서 보수적 문자열/굴절 근거를 찾지 못함
아무거나 추천,아무거나 추천,OTHER,1,UQ0019,옷에 향수 뿌리고 싶어. 아무거나 추천 해줘.,NOT_FOUND,,,,원천 문서 명시 어휘에서 보수적 문자열/굴절 근거를 찾지 못함
어떤 향수,어떤 향수,OTHER,1,UQ0134,요즘은 어떤 향수가 인기가 많냐?,NOT_FOUND,,,,원천 문서 명시 어휘에서 보수적 문자열/굴절 근거를 찾지 못함
여자 향수,여자 향수,OTHER,1,UQ0041,여자 향수인데 남자가 써도 안 이상한거 추천해줘,NOT_FOUND,,,,원천 문서 명시 어휘에서 보수적 문자열/굴절 근거를 찾지 못함
여자들이 좋아할 만한,여자들이 좋아할 만한,OTHER,1,UQ0109,여자들이 좋아할 만한 남자 향수 추천해줘,NOT_FOUND,,,,원천 문서 명시 어휘에서 보수적 문자열/굴절 근거를 찾지 못함
옛날 향수,옛날 향수,OTHER,1,UQ0177,파우더리하고 장미느낌이 나는 옛날 향수는 어떤 있어?,NOT_FOUND,,,,원천 문서 명시 어휘에서 보수적 문자열/굴절 근거를 찾지 못함
완전히 다른 계열,완전히 다른 계열,OTHER,1,UQ0192,지금 우디 향수만 여러 개 가지고 있어서 완전히 다른 계열 하나 사고 싶어.,NOT_FOUND,,,,원천 문서 명시 어휘에서 보수적 문자열/굴절 근거를 찾지 못함
인기 많은,인기 많은,OTHER,1,UQ0124,요즘 올리브영이나 백화점에서 가장 핫하고 인기 많은 여자 향수 알려줘.,NOT_FOUND,,,,동형 표현의 문맥 오탐을 제외한 뒤 원천 근거를 찾지 못함
인기가 많냐,인기가 많냐,OTHER,1,UQ0134,요즘은 어떤 향수가 인기가 많냐?,NOT_FOUND,,,,원천 문서 명시 어휘에서 보수적 문자열/굴절 근거를 찾지 못함
인기많은 남자,인기많은 남자,OTHER,1,UQ0093,인기많은 남자 향수 추천해줘.,NOT_FOUND,,,,원천 문서 명시 어휘에서 보수적 문자열/굴절 근거를 찾지 못함
잘 모르는데 혹시 추천,잘 모르는데 혹시 추천,OTHER,1,UQ0014,나 향수를 잘 모르는데 혹시 추천해줄 수 있어?,NOT_FOUND,,,,원천 문서 명시 어휘에서 보수적 문자열/굴절 근거를 찾지 못함
제일 유명,제일 유명,OTHER,1,UQ0189,무화과 노트 좋아하는데 그중에 제일 유명한 거 뭐야,NOT_FOUND,,,,원천 문서 명시 어휘에서 보수적 문자열/굴절 근거를 찾지 못함
제일 유명한,제일 유명한,OTHER,1,UQ0141,"남친한테 향수 선물할 건데, 제일 유명한 남자 향수로 5개 정도 추천해줘",NOT_FOUND,,,,원천 문서 명시 어휘에서 보수적 문자열/굴절 근거를 찾지 못함
제일 잘 나가냐,제일 잘 나가냐,OTHER,1,UQ0127,이번에 향수 하나 장만하려는데 남자 향수는 요즘 뭐가 제일 잘 나가냐?,NOT_FOUND,,,,원천 문서 명시 어휘에서 보수적 문자열/굴절 근거를 찾지 못함
조합 괜찮은,조합 괜찮은,OTHER,1,UQ0071,무조건 20만원 이내에서 조합 괜찮은 향수 2개. 중성적인 느낌으로!,NOT_FOUND,,,,원천 문서 명시 어휘에서 보수적 문자열/굴절 근거를 찾지 못함
처음 향수를 사는,처음 향수를 사는,OTHER,1,UQ0029,처음 향수를 사는 사람도 무난하게 사용할 수 있는 향수를 추천해줘.,NOT_FOUND,,,,원천 문서 명시 어휘에서 보수적 문자열/굴절 근거를 찾지 못함
향수 2개,향수 2개,OTHER,1,UQ0071,무조건 20만원 이내에서 조합 괜찮은 향수 2개. 중성적인 느낌으로!,NOT_FOUND,,,,원천 문서 명시 어휘에서 보수적 문자열/굴절 근거를 찾지 못함
향수 초보,향수 초보,OTHER,1,UQ0126,향수 초보인데 실패 확률 제일 적고 남들이 다들 좋다고 하는 남자 향수는 뭐가 있어,NOT_FOUND,,,,원천 문서 명시 어휘에서 보수적 문자열/굴절 근거를 찾지 못함
향수병 디자인이 독특하거나 예술적인,향수병 디자인이 독특하거나 예술적인,OTHER,1,UQ0130,향수병 디자인이 독특하거나 예술적인 향수 추천해 주세용,NOT_FOUND,,,,원천 문서 명시 어휘에서 보수적 문자열/굴절 근거를 찾지 못함
호불호 안 갈리고,호불호 안 갈리고,OTHER,1,UQ0125,호불호 안 갈리고 누구나 맡았을 때 '좋다'고 느낄 만한 향수 추천좀,NOT_FOUND,,,,원천 문서 명시 어휘에서 보수적 문자열/굴절 근거를 찾지 못함
호불호 안 갈리는,호불호 안 갈리는,OTHER,1,UQ0128,호불호 안 갈리는 여자친구 선물용 향수 추천,NOT_FOUND,,,,원천 문서 명시 어휘에서 보수적 문자열/굴절 근거를 찾지 못함
호불호 적은,호불호 적은,OTHER,1,UQ0108,처음 맡았을 때 호불호 적은 향수 추천해줘,NOT_FOUND,,,,원천 문서 명시 어휘에서 보수적 문자열/굴절 근거를 찾지 못함
흔하지 않으면서,흔하지 않으면서,OTHER,1,UQ0094,너무 흔하지 않으면서 섹시한 느낌의 향수 추천해줘,NOT_FOUND,,,,원천 문서 명시 어휘에서 보수적 문자열/굴절 근거를 찾지 못함
