term,candidate_term,source_org,source_title,source_url,source_type,evidence_type,evidence_summary,supports_relation,retrieved_at
Woody Notes,Woody,IFRA,"IFRA Fragrance Ingredient Glossary, April 2020",data/external/ifra/raw/ifra-fragrance-ingredient-glossary-april-2020.pdf,LOCAL_PDF,PRIMARY_DESCRIPTOR_DEFINITION,IFRA defines Woody by explicitly describing woody notes as a large odor family that includes sandalwood and cedarwood facets.,SAME_CONCEPT,2026-09-01
Woody Notes,Woody,IFF,Fragrance Ingredients Compendium,https://www.iff.com/scent/ingredients-compendium/,OFFICIAL_WEB,OLFACTIVE_FAMILY,"IFF labels ingredient entries with Woody under its Olfactive Family field, confirming category-level use rather than one ingredient identity.",SAME_CONCEPT,2026-09-01
Green Notes,Green,IFRA,"IFRA Fragrance Ingredient Glossary, April 2020",data/external/ifra/raw/ifra-fragrance-ingredient-glossary-april-2020.pdf,LOCAL_PDF,PRIMARY_DESCRIPTOR_DEFINITION,IFRA calls Green a broad descriptor and uses the expression green notes within the definition.,SAME_CONCEPT,2026-09-01
Green Notes,Green,IFF,Fragrance Ingredients Compendium,https://www.iff.com/scent/ingredients-compendium/,OFFICIAL_WEB,OLFACTIVE_FAMILY,IFF uses Green as an Olfactive Family label for fragrance ingredients.,SAME_CONCEPT,2026-09-01
Floral Notes,Floral,IFRA,"IFRA Fragrance Ingredient Glossary, April 2020",data/external/ifra/raw/ifra-fragrance-ingredient-glossary-april-2020.pdf,LOCAL_PDF,PRIMARY_DESCRIPTOR_DEFINITION,IFRA states that floral notes belong to the large floral family and can represent single or multi-faceted flower character.,SAME_CONCEPT,2026-09-01
Floral Notes,Floral,IFF,Fragrance Ingredients Compendium,https://www.iff.com/scent/ingredients-compendium/,OFFICIAL_WEB,OLFACTIVE_FAMILY,IFF uses Floral as an Olfactive Family label for fragrance ingredients.,SAME_CONCEPT,2026-09-01
Citruses,Citrus,IFRA,"IFRA Fragrance Ingredient Glossary, April 2020",data/external/ifra/raw/ifra-fragrance-ingredient-glossary-april-2020.pdf,LOCAL_PDF,PRIMARY_DESCRIPTOR_DEFINITION,"IFRA defines Citrus notes through the smell of fruit from the citrus family, including orange, lemon and grapefruit.",SAME_CONCEPT,2026-09-01
Citruses,Citrus,IFF,Fragrance Ingredients Compendium,https://www.iff.com/scent/ingredients-compendium/,OFFICIAL_WEB,OLFACTIVE_FAMILY,IFF uses Citrus as an Olfactive Family label; the P0 form differs only by plural labeling at the scent-category level.,SAME_CONCEPT,2026-09-01
Black Currant,Blackcurrant,IFRA,"IFRA Fragrance Ingredient Glossary, April 2020",data/external/ifra/raw/ifra-fragrance-ingredient-glossary-april-2020.pdf,LOCAL_PDF,INGREDIENT_DESCRIPTOR_LINK,IFRA contains 20 Blackcurrant descriptor rows and 6 Cassis principal-name variants whose descriptors include Blackcurrant.,SAME_CONCEPT,2026-09-01
Black Currant,Blackcurrant / Cassis,IFF,Damascone Delta,https://www.iff.com/scent/ingredients-compendium/damascone-delta/,OFFICIAL_WEB,OLFACTIVE_DESCRIPTION,IFF explicitly pairs Blackcurrant with cassis in the olfactive description of Damascone Delta.,SAME_CONCEPT,2026-09-01
Black Currant,Blackcurrant,IFF,LMR Compendium,https://www.iff.com/scent/lmr-compendium/,OFFICIAL_WEB,NATURAL_INGREDIENT_FAMILY,"IFF lists multiple Blackcurrant Bud natural materials from Ribes nigrum, supporting a concept-to-material-family distinction.",SAME_CONCEPT,2026-09-01
White Musk,Musk-Like,IFRA,"IFRA Fragrance Ingredient Glossary, April 2020",data/external/ifra/raw/ifra-fragrance-ingredient-glossary-april-2020.pdf,LOCAL_PDF,PRIMARY_DESCRIPTOR_DEFINITION,IFRA defines Musk-Like broadly and applies it as the primary descriptor to 62 diverse ingredient rows with varied secondary facets.,FAMILY,2026-09-01
White Musk,Musk-Like,IFF,Edenolide,https://www.iff.com/scent/ingredients-compendium/edenolide/,OFFICIAL_WEB,OLFACTIVE_PROFILE,"IFF describes Edenolide as a powdery, creamy, warm white musk and says it contributes soft musk qualities, supporting White Musk as a specific musk profile rather than the whole class.",FAMILY,2026-09-01
Oud,Agarwood,IFRA,"IFRA Fragrance Ingredient Glossary, April 2020",data/external/ifra/raw/ifra-fragrance-ingredient-glossary-april-2020.pdf,LOCAL_PDF,MATERIAL_FAMILY,"IFRA lists 5 Agarwood oil/extract variants across 3 CAS values, all with Woody, Animal Like and Smoky descriptors.",SAME_CONCEPT,2026-09-01
Oud,Agarwood,Givaudan,Agarwood Oil Thailand,https://www.givaudan.com/fragrance-beauty/fragrance-ingredients-business/natural-ingredients/agarwood-oil-thailand,OFFICIAL_WEB,OFFICIAL_PRODUCT_CONTEXT,"Givaudan's Agarwood Oil page explains Aquilaria resin as agarwood and uses oud for the prized perfumery concept on that same material page; this supports term-level equivalence, not identity with one oil.",SAME_CONCEPT,2026-09-01
Cedar,Cedarwood,IFRA,"IFRA Fragrance Ingredient Glossary, April 2020",data/external/ifra/raw/ifra-fragrance-ingredient-glossary-april-2020.pdf,LOCAL_PDF,MATERIAL_FAMILY,IFRA contains 19 Cedarwood principal-name variants across 10 CAS values and 48 Cedarwood descriptor rows.,FAMILY,2026-09-01
Cedar,Cedarwood,Givaudan,Cedarwood Virginia Oil USA,https://www.givaudan.com/fragrance-beauty/fragrance-ingredients-business/natural-ingredients/cedarwood-virginia-oil-usa,OFFICIAL_WEB,NATURAL_INGREDIENT_VARIANT,"Givaudan identifies Virginia cedarwood oil as Juniperus virginiana, CAS 8000-27-9, with a woody, spicy and dry profile.",FAMILY,2026-09-01
Cedar,Cedarwood,IFF,Cedarwood Oil Extra,https://www.iff.com/scent/ingredients-compendium/cedarwood-oil-extra/,OFFICIAL_WEB,NATURAL_INGREDIENT_VARIANT,"IFF identifies Cedarwood Oil Extra as Cupressus funebris wood oil with distinct CAS values and a cedarwood, balsamic-sweet description.",FAMILY,2026-09-01
Cedar,Cedarwood,IFF,LMR Compendium,https://www.iff.com/scent/lmr-compendium/,OFFICIAL_WEB,NATURAL_INGREDIENT_VARIANT,"IFF separately lists Cedarwood Oil Atlas from Cedrus atlantica, demonstrating another botanical cedarwood material under the woody family.",FAMILY,2026-09-01
Musk,Musk-Like,IFRA,"IFRA Fragrance Ingredient Glossary, April 2020",data/external/ifra/raw/ifra-fragrance-ingredient-glossary-april-2020.pdf,LOCAL_PDF,DESCRIPTOR_CANONICALIZATION,"IFRA's Musk-Like entry directly uses the corresponding note/category wording; the mapping changes only grammatical or category-label form. Definition: These materials belong to an important fragrance note – while they are not obtained from animals, they are created to have an animal-like quality, often powdery and sometimes warm and sweet.",SAME_CONCEPT,2026-09-01
Jasmine,Jasmine absolute | Jasmine CO2 extract | Jasmine concrete | Jasmine concrete (waxes twice extracted) | Jasmine oil,IFRA,"IFRA Fragrance Ingredient Glossary, April 2020",data/external/ifra/raw/ifra-fragrance-ingredient-glossary-april-2020.pdf,LOCAL_PDF,MATERIAL_FAMILY,"IFRA lists 5 directly retrieved material-form candidate(s) for the note base, including: Jasmine absolute, Jasmine CO2 extract, Jasmine concrete, Jasmine concrete (waxes twice extracted), Jasmine oil. This supports FAMILY only.",FAMILY,2026-09-01
Tonka Bean,Tonka bean absolute | Tonka bean extract | Tonka bean resinoid | Tonka bean tincture,IFRA,"IFRA Fragrance Ingredient Glossary, April 2020",data/external/ifra/raw/ifra-fragrance-ingredient-glossary-april-2020.pdf,LOCAL_PDF,MATERIAL_FAMILY,"IFRA lists 4 directly retrieved material-form candidate(s) for the note base, including: Tonka bean absolute, Tonka bean extract, Tonka bean resinoid, Tonka bean tincture. This supports FAMILY only.",FAMILY,2026-09-01
Mandarin Orange,,IFRA,"IFRA Fragrance Ingredient Glossary, April 2020",data/external/ifra/raw/ifra-fragrance-ingredient-glossary-april-2020.pdf,LOCAL_PDF,NO_DIRECT_EQUIVALENCE,A conservative audit of IFRA principal names and descriptors found no exact official equivalence or verified material-family relation for 'Mandarin Orange'; allowed official evidence is insufficient.,UNRESOLVED,2026-09-01
Orange Blossom,,IFRA,"IFRA Fragrance Ingredient Glossary, April 2020",data/external/ifra/raw/ifra-fragrance-ingredient-glossary-april-2020.pdf,LOCAL_PDF,NO_DIRECT_EQUIVALENCE,A conservative audit of IFRA principal names and descriptors found no exact official equivalence or verified material-family relation for 'Orange Blossom'; allowed official evidence is insufficient.,UNRESOLVED,2026-09-01
Leather,Leathery,IFRA,"IFRA Fragrance Ingredient Glossary, April 2020",data/external/ifra/raw/ifra-fragrance-ingredient-glossary-april-2020.pdf,LOCAL_PDF,DESCRIPTOR_RELATION,"IFRA uses 'Leathery' as a descriptor on 34 ingredient rows, but does not state that 'Leather' is an official synonym or identical note concept.",RELATED,2026-09-01
Cardamom,Cardamom seed absolute | Cardamom seed CO2 extract | Cardamom seed distillate | Cardamom seed extract | Cardamom seed oil,IFRA,"IFRA Fragrance Ingredient Glossary, April 2020",data/external/ifra/raw/ifra-fragrance-ingredient-glossary-april-2020.pdf,LOCAL_PDF,MATERIAL_FAMILY,"IFRA lists 5 directly retrieved material-form candidate(s) for the note base, including: Cardamom seed absolute, Cardamom seed CO2 extract, Cardamom seed distillate, Cardamom seed extract, Cardamom seed oil. This supports FAMILY only.",FAMILY,2026-09-01
Pink Pepper,,IFRA,"IFRA Fragrance Ingredient Glossary, April 2020",data/external/ifra/raw/ifra-fragrance-ingredient-glossary-april-2020.pdf,LOCAL_PDF,NO_DIRECT_EQUIVALENCE,A conservative audit of IFRA principal names and descriptors found no exact official equivalence or verified material-family relation for 'Pink Pepper'; allowed official evidence is insufficient.,UNRESOLVED,2026-09-01
Oakmoss,Oakmoss absolute | Oakmoss absolute (low atranol & chloratranol) | Oakmoss extract,IFRA,"IFRA Fragrance Ingredient Glossary, April 2020",data/external/ifra/raw/ifra-fragrance-ingredient-glossary-april-2020.pdf,LOCAL_PDF,MATERIAL_FAMILY,"IFRA lists 3 directly retrieved material-form candidate(s) for the note base, including: Oakmoss absolute, Oakmoss absolute (low atranol & chloratranol), Oakmoss extract. This supports FAMILY only.",FAMILY,2026-09-01
Lily-of-the-Valley,,IFRA,"IFRA Fragrance Ingredient Glossary, April 2020",data/external/ifra/raw/ifra-fragrance-ingredient-glossary-april-2020.pdf,LOCAL_PDF,NO_DIRECT_EQUIVALENCE,A conservative audit of IFRA principal names and descriptors found no exact official equivalence or verified material-family relation for 'Lily-of-the-Valley'; allowed official evidence is insufficient.,UNRESOLVED,2026-09-01
Ylang-Ylang,"Ylang ylang absolute | Ylang ylang oil | Ylang ylang oil (low para cresol methylether) | Ylang ylang oil extra | Ylang ylang oil I | Ylang ylang oil II | Ylang ylang oil III | Ylang ylang oil, rectified",IFRA,"IFRA Fragrance Ingredient Glossary, April 2020",data/external/ifra/raw/ifra-fragrance-ingredient-glossary-april-2020.pdf,LOCAL_PDF,MATERIAL_FAMILY,"IFRA lists 8 directly retrieved material-form candidate(s) for the note base, including: Ylang ylang absolute, Ylang ylang oil, Ylang ylang oil (low para cresol methylether), Ylang ylang oil extra, Ylang ylang oil I. This supports FAMILY only.",FAMILY,2026-09-01
Ambergris,Ambergris tincture,IFRA,"IFRA Fragrance Ingredient Glossary, April 2020",data/external/ifra/raw/ifra-fragrance-ingredient-glossary-april-2020.pdf,LOCAL_PDF,MATERIAL_FAMILY,"IFRA lists 1 directly retrieved material-form candidate(s) for the note base, including: Ambergris tincture. This supports FAMILY only.",FAMILY,2026-09-01
Agarwood (Oud),Agarwood,IFRA,"IFRA Fragrance Ingredient Glossary, April 2020",data/external/ifra/raw/ifra-fragrance-ingredient-glossary-april-2020.pdf,LOCAL_PDF,INHERITED_OFFICIAL_EQUIVALENCE,IFRA lists Agarwood oil/extract variants; Stage 18 official evidence already established Oud as the perfumery name paired with Agarwood. The combined label states both names.,SAME_CONCEPT,2026-09-01
Freesia,,IFRA,"IFRA Fragrance Ingredient Glossary, April 2020",data/external/ifra/raw/ifra-fragrance-ingredient-glossary-april-2020.pdf,LOCAL_PDF,NO_DIRECT_EQUIVALENCE,A conservative audit of IFRA principal names and descriptors found no exact official equivalence or verified material-family relation for 'Freesia'; allowed official evidence is insufficient.,UNRESOLVED,2026-09-01
Black Pepper,,IFRA,"IFRA Fragrance Ingredient Glossary, April 2020",data/external/ifra/raw/ifra-fragrance-ingredient-glossary-april-2020.pdf,LOCAL_PDF,NO_DIRECT_EQUIVALENCE,A conservative audit of IFRA principal names and descriptors found no exact official equivalence or verified material-family relation for 'Black Pepper'; allowed official evidence is insufficient.,UNRESOLVED,2026-09-01
Mint,,IFRA,"IFRA Fragrance Ingredient Glossary, April 2020",data/external/ifra/raw/ifra-fragrance-ingredient-glossary-april-2020.pdf,LOCAL_PDF,NO_DIRECT_EQUIVALENCE,A conservative audit of IFRA principal names and descriptors found no exact official equivalence or verified material-family relation for 'Mint'; allowed official evidence is insufficient.,UNRESOLVED,2026-09-01
Pepper,"Pepper oil black, terpene-free",IFRA,"IFRA Fragrance Ingredient Glossary, April 2020",data/external/ifra/raw/ifra-fragrance-ingredient-glossary-april-2020.pdf,LOCAL_PDF,MATERIAL_FAMILY,"IFRA lists 1 directly retrieved material-form candidate(s) for the note base, including: Pepper oil black, terpene-free. This supports FAMILY only.",FAMILY,2026-09-01
Moss,Mossy,IFRA,"IFRA Fragrance Ingredient Glossary, April 2020",data/external/ifra/raw/ifra-fragrance-ingredient-glossary-april-2020.pdf,LOCAL_PDF,DESCRIPTOR_RELATION,"IFRA uses 'Mossy' as a descriptor on 22 ingredient rows, but does not state that 'Moss' is an official synonym or identical note concept.",RELATED,2026-09-01
Guaiac Wood,"Guaiac wood oil | Guaiac wood oil saponified | Guaiac wood oil, rectified",IFRA,"IFRA Fragrance Ingredient Glossary, April 2020",data/external/ifra/raw/ifra-fragrance-ingredient-glossary-april-2020.pdf,LOCAL_PDF,MATERIAL_FAMILY,"IFRA lists 3 directly retrieved material-form candidate(s) for the note base, including: Guaiac wood oil, Guaiac wood oil saponified, Guaiac wood oil, rectified. This supports FAMILY only.",FAMILY,2026-09-01
Woodsy Notes,,IFRA,"IFRA Fragrance Ingredient Glossary, April 2020",data/external/ifra/raw/ifra-fragrance-ingredient-glossary-april-2020.pdf,LOCAL_PDF,NO_DIRECT_EQUIVALENCE,A conservative audit of IFRA principal names and descriptors found no exact official equivalence or verified material-family relation for 'Woodsy Notes'; allowed official evidence is insufficient.,UNRESOLVED,2026-09-01
Olibanum,"Olibanum absolute | Olibanum extract | Olibanum oil | Olibanum oil, rectified | Olibanum resinoid",IFRA,"IFRA Fragrance Ingredient Glossary, April 2020",data/external/ifra/raw/ifra-fragrance-ingredient-glossary-april-2020.pdf,LOCAL_PDF,MATERIAL_FAMILY,"IFRA lists 5 directly retrieved material-form candidate(s) for the note base, including: Olibanum absolute, Olibanum extract, Olibanum oil, Olibanum oil, rectified, Olibanum resinoid. This supports FAMILY only.",FAMILY,2026-09-01
Lily of the Valley,,IFRA,"IFRA Fragrance Ingredient Glossary, April 2020",data/external/ifra/raw/ifra-fragrance-ingredient-glossary-april-2020.pdf,LOCAL_PDF,NO_DIRECT_EQUIVALENCE,A conservative audit of IFRA principal names and descriptors found no exact official equivalence or verified material-family relation for 'Lily of the Valley'; allowed official evidence is insufficient.,UNRESOLVED,2026-09-01
Ambroxan,,IFRA,"IFRA Fragrance Ingredient Glossary, April 2020",data/external/ifra/raw/ifra-fragrance-ingredient-glossary-april-2020.pdf,LOCAL_PDF,NO_DIRECT_EQUIVALENCE,A conservative audit of IFRA principal names and descriptors found no exact official equivalence or verified material-family relation for 'Ambroxan'; allowed official evidence is insufficient.,UNRESOLVED,2026-09-01
Aldehydes,Aldehydic,IFRA,"IFRA Fragrance Ingredient Glossary, April 2020",data/external/ifra/raw/ifra-fragrance-ingredient-glossary-april-2020.pdf,LOCAL_PDF,DESCRIPTOR_CANONICALIZATION,"IFRA's Aldehydic entry directly uses the corresponding note/category wording; the mapping changes only grammatical or category-label form. Definition: Aldehydes vary: the more diluted they become, the greater the difference in smell. An overarching description is one of clean ironed linen. Aldehydes can be split into more specific profiles, such as citrus or ozonic. They are organic compounds found in natural oils (e.g. orange oil or rose oil) and are used at relatively low doses.",SAME_CONCEPT,2026-09-01
Jasmine Sambac,Jasmine sambac absolute | Jasmine sambac CO2 extract | Jasmine sambac oil | Jasmine sambac tincture,IFRA,"IFRA Fragrance Ingredient Glossary, April 2020",data/external/ifra/raw/ifra-fragrance-ingredient-glossary-april-2020.pdf,LOCAL_PDF,MATERIAL_FAMILY,"IFRA lists 4 directly retrieved material-form candidate(s) for the note base, including: Jasmine sambac absolute, Jasmine sambac CO2 extract, Jasmine sambac oil, Jasmine sambac tincture. This supports FAMILY only.",FAMILY,2026-09-01
Spices,Spicy,IFRA,"IFRA Fragrance Ingredient Glossary, April 2020",data/external/ifra/raw/ifra-fragrance-ingredient-glossary-april-2020.pdf,LOCAL_PDF,DESCRIPTOR_CANONICALIZATION,"IFRA's Spicy entry directly uses the corresponding note/category wording; the mapping changes only grammatical or category-label form. Definition: These ingredients belong to a broad spicy family, characterized by many spicy notes from cinnamon to other culinary spices such as pepper, nutmeg and clove. They sometimes have a sweet note and impart warm nuances to a complex fragrance.",SAME_CONCEPT,2026-09-01
Violet Leaf,Violet leaf absolute | Violet leaf extract,IFRA,"IFRA Fragrance Ingredient Glossary, April 2020",data/external/ifra/raw/ifra-fragrance-ingredient-glossary-april-2020.pdf,LOCAL_PDF,MATERIAL_FAMILY,"IFRA lists 2 directly retrieved material-form candidate(s) for the note base, including: Violet leaf absolute, Violet leaf extract. This supports FAMILY only.",FAMILY,2026-09-01
Orchid,,IFRA,"IFRA Fragrance Ingredient Glossary, April 2020",data/external/ifra/raw/ifra-fragrance-ingredient-glossary-april-2020.pdf,LOCAL_PDF,NO_DIRECT_EQUIVALENCE,A conservative audit of IFRA principal names and descriptors found no exact official equivalence or verified material-family relation for 'Orchid'; allowed official evidence is insufficient.,UNRESOLVED,2026-09-01
Virginia Cedar,,IFRA,"IFRA Fragrance Ingredient Glossary, April 2020",data/external/ifra/raw/ifra-fragrance-ingredient-glossary-april-2020.pdf,LOCAL_PDF,NO_DIRECT_EQUIVALENCE,A conservative audit of IFRA principal names and descriptors found no exact official equivalence or verified material-family relation for 'Virginia Cedar'; allowed official evidence is insufficient.,UNRESOLVED,2026-09-01
Cashmere Wood,,IFRA,"IFRA Fragrance Ingredient Glossary, April 2020",data/external/ifra/raw/ifra-fragrance-ingredient-glossary-april-2020.pdf,LOCAL_PDF,NO_DIRECT_EQUIVALENCE,A conservative audit of IFRA principal names and descriptors found no exact official equivalence or verified material-family relation for 'Cashmere Wood'; allowed official evidence is insufficient.,UNRESOLVED,2026-09-01
Clary Sage,Clary sage absolute | Clary sage extract | Clary sage oil,IFRA,"IFRA Fragrance Ingredient Glossary, April 2020",data/external/ifra/raw/ifra-fragrance-ingredient-glossary-april-2020.pdf,LOCAL_PDF,MATERIAL_FAMILY,"IFRA lists 3 directly retrieved material-form candidate(s) for the note base, including: Clary sage absolute, Clary sage extract, Clary sage oil. This supports FAMILY only.",FAMILY,2026-09-01
Fruity Notes,Fruity,IFRA,"IFRA Fragrance Ingredient Glossary, April 2020",data/external/ifra/raw/ifra-fragrance-ingredient-glossary-april-2020.pdf,LOCAL_PDF,DESCRIPTOR_CANONICALIZATION,"IFRA's Fruity entry directly uses the corresponding note/category wording; the mapping changes only grammatical or category-label form. Definition: Fruity notes belong to the non-citrus fruit family. This is a very large family that includes many fruit notes such as banana, apple and mango. Some fruit fragrance materials have smells that are not one fruit but multi-faceted, with a complex fruity character.",SAME_CONCEPT,2026-09-01
Cashmeran,,IFRA,"IFRA Fragrance Ingredient Glossary, April 2020",data/external/ifra/raw/ifra-fragrance-ingredient-glossary-april-2020.pdf,LOCAL_PDF,NO_DIRECT_EQUIVALENCE,A conservative audit of IFRA principal names and descriptors found no exact official equivalence or verified material-family relation for 'Cashmeran'; allowed official evidence is insufficient.,UNRESOLVED,2026-09-01
Cloves,Clove,IFRA,"IFRA Fragrance Ingredient Glossary, April 2020",data/external/ifra/raw/ifra-fragrance-ingredient-glossary-april-2020.pdf,LOCAL_PDF,DESCRIPTOR_CANONICALIZATION,"IFRA applies the descriptor 'Clove' to 14 ingredient rows; the source term differs only by notes-label, plural, spacing, or hyphen form.",SAME_CONCEPT,2026-09-01
White Flowers,,IFRA,"IFRA Fragrance Ingredient Glossary, April 2020",data/external/ifra/raw/ifra-fragrance-ingredient-glossary-april-2020.pdf,LOCAL_PDF,NO_DIRECT_EQUIVALENCE,A conservative audit of IFRA principal names and descriptors found no exact official equivalence or verified material-family relation for 'White Flowers'; allowed official evidence is insufficient.,UNRESOLVED,2026-09-01
Spicy Notes,Spicy,IFRA,"IFRA Fragrance Ingredient Glossary, April 2020",data/external/ifra/raw/ifra-fragrance-ingredient-glossary-april-2020.pdf,LOCAL_PDF,DESCRIPTOR_CANONICALIZATION,"IFRA's Spicy entry directly uses the corresponding note/category wording; the mapping changes only grammatical or category-label form. Definition: These ingredients belong to a broad spicy family, characterized by many spicy notes from cinnamon to other culinary spices such as pepper, nutmeg and clove. They sometimes have a sweet note and impart warm nuances to a complex fragrance.",SAME_CONCEPT,2026-09-01
Sea Notes,Marine,IFRA,"IFRA Fragrance Ingredient Glossary, April 2020",data/external/ifra/raw/ifra-fragrance-ingredient-glossary-april-2020.pdf,LOCAL_PDF,DESCRIPTOR_RELATION,"IFRA uses 'Marine' as a descriptor on 23 ingredient rows, but does not state that 'Sea Notes' is an official synonym or identical note concept.",RELATED,2026-09-01
Praline,,IFRA,"IFRA Fragrance Ingredient Glossary, April 2020",data/external/ifra/raw/ifra-fragrance-ingredient-glossary-april-2020.pdf,LOCAL_PDF,NO_DIRECT_EQUIVALENCE,A conservative audit of IFRA principal names and descriptors found no exact official equivalence or verified material-family relation for 'Praline'; allowed official evidence is insufficient.,UNRESOLVED,2026-09-01
Orris Root,,IFRA,"IFRA Fragrance Ingredient Glossary, April 2020",data/external/ifra/raw/ifra-fragrance-ingredient-glossary-april-2020.pdf,LOCAL_PDF,NO_DIRECT_EQUIVALENCE,A conservative audit of IFRA principal names and descriptors found no exact official equivalence or verified material-family relation for 'Orris Root'; allowed official evidence is insufficient.,UNRESOLVED,2026-09-01
Bulgarian Rose,,IFRA,"IFRA Fragrance Ingredient Glossary, April 2020",data/external/ifra/raw/ifra-fragrance-ingredient-glossary-april-2020.pdf,LOCAL_PDF,NO_DIRECT_EQUIVALENCE,A conservative audit of IFRA principal names and descriptors found no exact official equivalence or verified material-family relation for 'Bulgarian Rose'; allowed official evidence is insufficient.,UNRESOLVED,2026-09-01
Sugar,,IFRA,"IFRA Fragrance Ingredient Glossary, April 2020",data/external/ifra/raw/ifra-fragrance-ingredient-glossary-april-2020.pdf,LOCAL_PDF,NO_DIRECT_EQUIVALENCE,A conservative audit of IFRA principal names and descriptors found no exact official equivalence or verified material-family relation for 'Sugar'; allowed official evidence is insufficient.,UNRESOLVED,2026-09-01
Vanille,,IFRA,"IFRA Fragrance Ingredient Glossary, April 2020",data/external/ifra/raw/ifra-fragrance-ingredient-glossary-april-2020.pdf,LOCAL_PDF,NO_DIRECT_EQUIVALENCE,A conservative audit of IFRA principal names and descriptors found no exact official equivalence or verified material-family relation for 'Vanille'; allowed official evidence is insufficient.,UNRESOLVED,2026-09-01
elemi,"Elemi absolute | Elemi CO2 extract | Elemi oil | ELEMI oil (low methyleugenol) | Elemi oil, rectified | Elemi resinoid",IFRA,"IFRA Fragrance Ingredient Glossary, April 2020",data/external/ifra/raw/ifra-fragrance-ingredient-glossary-april-2020.pdf,LOCAL_PDF,MATERIAL_FAMILY,"IFRA lists 6 directly retrieved material-form candidate(s) for the note base, including: Elemi absolute, Elemi CO2 extract, Elemi oil, ELEMI oil (low methyleugenol), Elemi oil, rectified. This supports FAMILY only.",FAMILY,2026-09-01
Turkish Rose,,IFRA,"IFRA Fragrance Ingredient Glossary, April 2020",data/external/ifra/raw/ifra-fragrance-ingredient-glossary-april-2020.pdf,LOCAL_PDF,NO_DIRECT_EQUIVALENCE,A conservative audit of IFRA principal names and descriptors found no exact official equivalence or verified material-family relation for 'Turkish Rose'; allowed official evidence is insufficient.,UNRESOLVED,2026-09-01
Fig,,IFRA,"IFRA Fragrance Ingredient Glossary, April 2020",data/external/ifra/raw/ifra-fragrance-ingredient-glossary-april-2020.pdf,LOCAL_PDF,NO_DIRECT_EQUIVALENCE,A conservative audit of IFRA principal names and descriptors found no exact official equivalence or verified material-family relation for 'Fig'; allowed official evidence is insufficient.,UNRESOLVED,2026-09-01
Bitter Orange,,IFRA,"IFRA Fragrance Ingredient Glossary, April 2020",data/external/ifra/raw/ifra-fragrance-ingredient-glossary-april-2020.pdf,LOCAL_PDF,NO_DIRECT_EQUIVALENCE,A conservative audit of IFRA principal names and descriptors found no exact official equivalence or verified material-family relation for 'Bitter Orange'; allowed official evidence is insufficient.,UNRESOLVED,2026-09-01
Lotus,,IFRA,"IFRA Fragrance Ingredient Glossary, April 2020",data/external/ifra/raw/ifra-fragrance-ingredient-glossary-april-2020.pdf,LOCAL_PDF,NO_DIRECT_EQUIVALENCE,A conservative audit of IFRA principal names and descriptors found no exact official equivalence or verified material-family relation for 'Lotus'; allowed official evidence is insufficient.,UNRESOLVED,2026-09-01
Amberwood,,IFRA,"IFRA Fragrance Ingredient Glossary, April 2020",data/external/ifra/raw/ifra-fragrance-ingredient-glossary-april-2020.pdf,LOCAL_PDF,NO_DIRECT_EQUIVALENCE,A conservative audit of IFRA principal names and descriptors found no exact official equivalence or verified material-family relation for 'Amberwood'; allowed official evidence is insufficient.,UNRESOLVED,2026-09-01
Suede,,IFRA,"IFRA Fragrance Ingredient Glossary, April 2020",data/external/ifra/raw/ifra-fragrance-ingredient-glossary-april-2020.pdf,LOCAL_PDF,NO_DIRECT_EQUIVALENCE,A conservative audit of IFRA principal names and descriptors found no exact official equivalence or verified material-family relation for 'Suede'; allowed official evidence is insufficient.,UNRESOLVED,2026-09-01
Litchi,,IFRA,"IFRA Fragrance Ingredient Glossary, April 2020",data/external/ifra/raw/ifra-fragrance-ingredient-glossary-april-2020.pdf,LOCAL_PDF,NO_DIRECT_EQUIVALENCE,A conservative audit of IFRA principal names and descriptors found no exact official equivalence or verified material-family relation for 'Litchi'; allowed official evidence is insufficient.,UNRESOLVED,2026-09-01
Green Apple,,IFRA,"IFRA Fragrance Ingredient Glossary, April 2020",data/external/ifra/raw/ifra-fragrance-ingredient-glossary-april-2020.pdf,LOCAL_PDF,NO_DIRECT_EQUIVALENCE,A conservative audit of IFRA principal names and descriptors found no exact official equivalence or verified material-family relation for 'Green Apple'; allowed official evidence is insufficient.,UNRESOLVED,2026-09-01
Milk,Milky,IFRA,"IFRA Fragrance Ingredient Glossary, April 2020",data/external/ifra/raw/ifra-fragrance-ingredient-glossary-april-2020.pdf,LOCAL_PDF,DESCRIPTOR_RELATION,"IFRA uses 'Milky' as a descriptor on 22 ingredient rows, but does not state that 'Milk' is an official synonym or identical note concept.",RELATED,2026-09-01
Damask Rose,,IFRA,"IFRA Fragrance Ingredient Glossary, April 2020",data/external/ifra/raw/ifra-fragrance-ingredient-glossary-april-2020.pdf,LOCAL_PDF,NO_DIRECT_EQUIVALENCE,A conservative audit of IFRA principal names and descriptors found no exact official equivalence or verified material-family relation for 'Damask Rose'; allowed official evidence is insufficient.,UNRESOLVED,2026-09-01
Powdery Notes,Powdery,IFRA,"IFRA Fragrance Ingredient Glossary, April 2020",data/external/ifra/raw/ifra-fragrance-ingredient-glossary-april-2020.pdf,LOCAL_PDF,DESCRIPTOR_CANONICALIZATION,"IFRA's Powdery entry directly uses the corresponding note/category wording; the mapping changes only grammatical or category-label form. Definition: Powdery fragrance ingredients are from a larger complex group that impart a warm, sometimes sweet or musky powdery smell.",SAME_CONCEPT,2026-09-01
Frankincense,,IFRA,"IFRA Fragrance Ingredient Glossary, April 2020",data/external/ifra/raw/ifra-fragrance-ingredient-glossary-april-2020.pdf,LOCAL_PDF,NO_DIRECT_EQUIVALENCE,A conservative audit of IFRA principal names and descriptors found no exact official equivalence or verified material-family relation for 'Frankincense'; allowed official evidence is insufficient.,UNRESOLVED,2026-09-01
Ylang Ylang,"Ylang ylang absolute | Ylang ylang oil | Ylang ylang oil (low para cresol methylether) | Ylang ylang oil extra | Ylang ylang oil I | Ylang ylang oil II | Ylang ylang oil III | Ylang ylang oil, rectified",IFRA,"IFRA Fragrance Ingredient Glossary, April 2020",data/external/ifra/raw/ifra-fragrance-ingredient-glossary-april-2020.pdf,LOCAL_PDF,MATERIAL_FAMILY,"IFRA lists 8 directly retrieved material-form candidate(s) for the note base, including: Ylang ylang absolute, Ylang ylang oil, Ylang ylang oil (low para cresol methylether), Ylang ylang oil extra, Ylang ylang oil I. This supports FAMILY only.",FAMILY,2026-09-01
Red Berries,,IFRA,"IFRA Fragrance Ingredient Glossary, April 2020",data/external/ifra/raw/ifra-fragrance-ingredient-glossary-april-2020.pdf,LOCAL_PDF,NO_DIRECT_EQUIVALENCE,A conservative audit of IFRA principal names and descriptors found no exact official equivalence or verified material-family relation for 'Red Berries'; allowed official evidence is insufficient.,UNRESOLVED,2026-09-01
Styrax,"Styrax absolute | Styrax absolute (low sytrene) | Styrax absolute, Honduras | Styrax distillate | Styrax essence pyrogenated | Styrax extract | Styrax oil | Styrax oil, Honduras",IFRA,"IFRA Fragrance Ingredient Glossary, April 2020",data/external/ifra/raw/ifra-fragrance-ingredient-glossary-april-2020.pdf,LOCAL_PDF,MATERIAL_FAMILY,"IFRA lists 8 directly retrieved material-form candidate(s) for the note base, including: Styrax absolute, Styrax absolute (low sytrene), Styrax absolute, Honduras, Styrax distillate, Styrax essence pyrogenated. This supports FAMILY only.",FAMILY,2026-09-01
Lilac,,IFRA,"IFRA Fragrance Ingredient Glossary, April 2020",data/external/ifra/raw/ifra-fragrance-ingredient-glossary-april-2020.pdf,LOCAL_PDF,NO_DIRECT_EQUIVALENCE,A conservative audit of IFRA principal names and descriptors found no exact official equivalence or verified material-family relation for 'Lilac'; allowed official evidence is insufficient.,UNRESOLVED,2026-09-01
Madagascar Vanilla,,IFRA,"IFRA Fragrance Ingredient Glossary, April 2020",data/external/ifra/raw/ifra-fragrance-ingredient-glossary-april-2020.pdf,LOCAL_PDF,NO_DIRECT_EQUIVALENCE,A conservative audit of IFRA principal names and descriptors found no exact official equivalence or verified material-family relation for 'Madagascar Vanilla'; allowed official evidence is insufficient.,UNRESOLVED,2026-09-01
Birch,"Birch tar oil, rectified",IFRA,"IFRA Fragrance Ingredient Glossary, April 2020",data/external/ifra/raw/ifra-fragrance-ingredient-glossary-april-2020.pdf,LOCAL_PDF,MATERIAL_FAMILY,"IFRA lists 1 directly retrieved material-form candidate(s) for the note base, including: Birch tar oil, rectified. This supports FAMILY only.",FAMILY,2026-09-01
Blackberry,,IFRA,"IFRA Fragrance Ingredient Glossary, April 2020",data/external/ifra/raw/ifra-fragrance-ingredient-glossary-april-2020.pdf,LOCAL_PDF,NO_DIRECT_EQUIVALENCE,A conservative audit of IFRA principal names and descriptors found no exact official equivalence or verified material-family relation for 'Blackberry'; allowed official evidence is insufficient.,UNRESOLVED,2026-09-01
Anise,Anise seed oil,IFRA,"IFRA Fragrance Ingredient Glossary, April 2020",data/external/ifra/raw/ifra-fragrance-ingredient-glossary-april-2020.pdf,LOCAL_PDF,MATERIAL_FAMILY,"IFRA lists 1 directly retrieved material-form candidate(s) for the note base, including: Anise seed oil. This supports FAMILY only.",FAMILY,2026-09-01
Civet,Civet absolute | Civet tincture,IFRA,"IFRA Fragrance Ingredient Glossary, April 2020",data/external/ifra/raw/ifra-fragrance-ingredient-glossary-april-2020.pdf,LOCAL_PDF,MATERIAL_FAMILY,"IFRA lists 2 directly retrieved material-form candidate(s) for the note base, including: Civet absolute, Civet tincture. This supports FAMILY only.",FAMILY,2026-09-01
Amalfi Lemon,,IFRA,"IFRA Fragrance Ingredient Glossary, April 2020",data/external/ifra/raw/ifra-fragrance-ingredient-glossary-april-2020.pdf,LOCAL_PDF,NO_DIRECT_EQUIVALENCE,A conservative audit of IFRA principal names and descriptors found no exact official equivalence or verified material-family relation for 'Amalfi Lemon'; allowed official evidence is insufficient.,UNRESOLVED,2026-09-01
Green Tea,,IFRA,"IFRA Fragrance Ingredient Glossary, April 2020",data/external/ifra/raw/ifra-fragrance-ingredient-glossary-april-2020.pdf,LOCAL_PDF,NO_DIRECT_EQUIVALENCE,A conservative audit of IFRA principal names and descriptors found no exact official equivalence or verified material-family relation for 'Green Tea'; allowed official evidence is insufficient.,UNRESOLVED,2026-09-01
Juniper Berries,,IFRA,"IFRA Fragrance Ingredient Glossary, April 2020",data/external/ifra/raw/ifra-fragrance-ingredient-glossary-april-2020.pdf,LOCAL_PDF,NO_DIRECT_EQUIVALENCE,A conservative audit of IFRA principal names and descriptors found no exact official equivalence or verified material-family relation for 'Juniper Berries'; allowed official evidence is insufficient.,UNRESOLVED,2026-09-01
Cacao,Cacao absolute | Cacao extract | Cacao oil,IFRA,"IFRA Fragrance Ingredient Glossary, April 2020",data/external/ifra/raw/ifra-fragrance-ingredient-glossary-april-2020.pdf,LOCAL_PDF,MATERIAL_FAMILY,"IFRA lists 3 directly retrieved material-form candidate(s) for the note base, including: Cacao absolute, Cacao extract, Cacao oil. This supports FAMILY only.",FAMILY,2026-09-01
Blood Orange,,IFRA,"IFRA Fragrance Ingredient Glossary, April 2020",data/external/ifra/raw/ifra-fragrance-ingredient-glossary-april-2020.pdf,LOCAL_PDF,NO_DIRECT_EQUIVALENCE,A conservative audit of IFRA principal names and descriptors found no exact official equivalence or verified material-family relation for 'Blood Orange'; allowed official evidence is insufficient.,UNRESOLVED,2026-09-01
Agarwood,"Agarwood extract | Agarwood extract, Vietnamese | Agarwood oil | Agarwood oil, Indonesia | Agarwood oil, Vietnamese",IFRA,"IFRA Fragrance Ingredient Glossary, April 2020",data/external/ifra/raw/ifra-fragrance-ingredient-glossary-april-2020.pdf,LOCAL_PDF,MATERIAL_FAMILY,"IFRA lists 5 directly retrieved material-form candidate(s) for the note base, including: Agarwood extract, Agarwood extract, Vietnamese, Agarwood oil, Agarwood oil, Indonesia, Agarwood oil, Vietnamese. This supports FAMILY only.",FAMILY,2026-09-01
Palisander Rosewood,,IFRA,"IFRA Fragrance Ingredient Glossary, April 2020",data/external/ifra/raw/ifra-fragrance-ingredient-glossary-april-2020.pdf,LOCAL_PDF,NO_DIRECT_EQUIVALENCE,A conservative audit of IFRA principal names and descriptors found no exact official equivalence or verified material-family relation for 'Palisander Rosewood'; allowed official evidence is insufficient.,UNRESOLVED,2026-09-01
Smoke,Smoky,IFRA,"IFRA Fragrance Ingredient Glossary, April 2020",data/external/ifra/raw/ifra-fragrance-ingredient-glossary-april-2020.pdf,LOCAL_PDF,DESCRIPTOR_CANONICALIZATION,"IFRA's Smoky entry directly uses the corresponding note/category wording; the mapping changes only grammatical or category-label form. Definition: These ingredients have a smoked or phenolic quality, reminding you of the smell from a bonfire or the smell of food burning.",SAME_CONCEPT,2026-09-01
Yuzu,,IFRA,"IFRA Fragrance Ingredient Glossary, April 2020",data/external/ifra/raw/ifra-fragrance-ingredient-glossary-april-2020.pdf,LOCAL_PDF,NO_DIRECT_EQUIVALENCE,A conservative audit of IFRA principal names and descriptors found no exact official equivalence or verified material-family relation for 'Yuzu'; allowed official evidence is insufficient.,UNRESOLVED,2026-09-01
Sweet Notes,Sweet,IFRA,"IFRA Fragrance Ingredient Glossary, April 2020",data/external/ifra/raw/ifra-fragrance-ingredient-glossary-april-2020.pdf,LOCAL_PDF,DESCRIPTOR_CANONICALIZATION,"IFRA applies the descriptor 'Sweet' to 351 ingredient rows; the source term differs only by notes-label, plural, spacing, or hyphen form.",SAME_CONCEPT,2026-09-01
Haitian Vetiver,,IFRA,"IFRA Fragrance Ingredient Glossary, April 2020",data/external/ifra/raw/ifra-fragrance-ingredient-glossary-april-2020.pdf,LOCAL_PDF,NO_DIRECT_EQUIVALENCE,A conservative audit of IFRA principal names and descriptors found no exact official equivalence or verified material-family relation for 'Haitian Vetiver'; allowed official evidence is insufficient.,UNRESOLVED,2026-09-01
Cypriol Oil or Nagarmotha,,IFRA,"IFRA Fragrance Ingredient Glossary, April 2020",data/external/ifra/raw/ifra-fragrance-ingredient-glossary-april-2020.pdf,LOCAL_PDF,NO_DIRECT_EQUIVALENCE,A conservative audit of IFRA principal names and descriptors found no exact official equivalence or verified material-family relation for 'Cypriol Oil or Nagarmotha'; allowed official evidence is insufficient.,UNRESOLVED,2026-09-01
Ambrette (Musk Mallow),,IFRA,"IFRA Fragrance Ingredient Glossary, April 2020",data/external/ifra/raw/ifra-fragrance-ingredient-glossary-april-2020.pdf,LOCAL_PDF,NO_DIRECT_EQUIVALENCE,A conservative audit of IFRA principal names and descriptors found no exact official equivalence or verified material-family relation for 'Ambrette (Musk Mallow)'; allowed official evidence is insufficient.,UNRESOLVED,2026-09-01
Water Lily,,IFRA,"IFRA Fragrance Ingredient Glossary, April 2020",data/external/ifra/raw/ifra-fragrance-ingredient-glossary-april-2020.pdf,LOCAL_PDF,NO_DIRECT_EQUIVALENCE,A conservative audit of IFRA principal names and descriptors found no exact official equivalence or verified material-family relation for 'Water Lily'; allowed official evidence is insufficient.,UNRESOLVED,2026-09-01
Green Leaves,,IFRA,"IFRA Fragrance Ingredient Glossary, April 2020",data/external/ifra/raw/ifra-fragrance-ingredient-glossary-april-2020.pdf,LOCAL_PDF,NO_DIRECT_EQUIVALENCE,A conservative audit of IFRA principal names and descriptors found no exact official equivalence or verified material-family relation for 'Green Leaves'; allowed official evidence is insufficient.,UNRESOLVED,2026-09-01
Ozonic notes,Ozonic,IFRA,"IFRA Fragrance Ingredient Glossary, April 2020",data/external/ifra/raw/ifra-fragrance-ingredient-glossary-april-2020.pdf,LOCAL_PDF,DESCRIPTOR_CANONICALIZATION,"IFRA's Ozonic entry directly uses the corresponding note/category wording; the mapping changes only grammatical or category-label form. Definition: Ozonic notes are fresh-smelling materials that don’t have a more specific note but may remind you of a fresh windy day. Sometimes they have a weak, almost chlorine-like smell.",SAME_CONCEPT,2026-09-01
Bourbon Vanilla,,IFRA,"IFRA Fragrance Ingredient Glossary, April 2020",data/external/ifra/raw/ifra-fragrance-ingredient-glossary-april-2020.pdf,LOCAL_PDF,NO_DIRECT_EQUIVALENCE,A conservative audit of IFRA principal names and descriptors found no exact official equivalence or verified material-family relation for 'Bourbon Vanilla'; allowed official evidence is insufficient.,UNRESOLVED,2026-09-01
Castoreum,Castoreum absolute | Castoreum concrete | Castoreum extract | Castoreum resinoid | Castoreum tincture,IFRA,"IFRA Fragrance Ingredient Glossary, April 2020",data/external/ifra/raw/ifra-fragrance-ingredient-glossary-april-2020.pdf,LOCAL_PDF,MATERIAL_FAMILY,"IFRA lists 5 directly retrieved material-form candidate(s) for the note base, including: Castoreum absolute, Castoreum concrete, Castoreum extract, Castoreum resinoid, Castoreum tincture. This supports FAMILY only.",FAMILY,2026-09-01
Ambrette,Ambrette tincture,IFRA,"IFRA Fragrance Ingredient Glossary, April 2020",data/external/ifra/raw/ifra-fragrance-ingredient-glossary-april-2020.pdf,LOCAL_PDF,MATERIAL_FAMILY,"IFRA lists 1 directly retrieved material-form candidate(s) for the note base, including: Ambrette tincture. This supports FAMILY only.",FAMILY,2026-09-01
Red Apple,,IFRA,"IFRA Fragrance Ingredient Glossary, April 2020",data/external/ifra/raw/ifra-fragrance-ingredient-glossary-april-2020.pdf,LOCAL_PDF,NO_DIRECT_EQUIVALENCE,A conservative audit of IFRA principal names and descriptors found no exact official equivalence or verified material-family relation for 'Red Apple'; allowed official evidence is insufficient.,UNRESOLVED,2026-09-01
Calabrian bergamot,,IFRA,"IFRA Fragrance Ingredient Glossary, April 2020",data/external/ifra/raw/ifra-fragrance-ingredient-glossary-april-2020.pdf,LOCAL_PDF,NO_DIRECT_EQUIVALENCE,A conservative audit of IFRA principal names and descriptors found no exact official equivalence or verified material-family relation for 'Calabrian bergamot'; allowed official evidence is insufficient.,UNRESOLVED,2026-09-01
oak moss,,IFRA,"IFRA Fragrance Ingredient Glossary, April 2020",data/external/ifra/raw/ifra-fragrance-ingredient-glossary-april-2020.pdf,LOCAL_PDF,NO_DIRECT_EQUIVALENCE,A conservative audit of IFRA principal names and descriptors found no exact official equivalence or verified material-family relation for 'oak moss'; allowed official evidence is insufficient.,UNRESOLVED,2026-09-01
Opoponax,Opoponax absolute | Opoponax CO2 extract | Opoponax extract | Opoponax oil | Opoponax resinoid,IFRA,"IFRA Fragrance Ingredient Glossary, April 2020",data/external/ifra/raw/ifra-fragrance-ingredient-glossary-april-2020.pdf,LOCAL_PDF,MATERIAL_FAMILY,"IFRA lists 5 directly retrieved material-form candidate(s) for the note base, including: Opoponax absolute, Opoponax CO2 extract, Opoponax extract, Opoponax oil, Opoponax resinoid. This supports FAMILY only.",FAMILY,2026-09-01
Peru Balsam,Peru balsam distillate,IFRA,"IFRA Fragrance Ingredient Glossary, April 2020",data/external/ifra/raw/ifra-fragrance-ingredient-glossary-april-2020.pdf,LOCAL_PDF,MATERIAL_FAMILY,"IFRA lists 1 directly retrieved material-form candidate(s) for the note base, including: Peru balsam distillate. This supports FAMILY only.",FAMILY,2026-09-01
Watery Notes,Watery,IFRA,"IFRA Fragrance Ingredient Glossary, April 2020",data/external/ifra/raw/ifra-fragrance-ingredient-glossary-april-2020.pdf,LOCAL_PDF,DESCRIPTOR_CANONICALIZATION,"IFRA applies the descriptor 'Watery' to 8 ingredient rows; the source term differs only by notes-label, plural, spacing, or hyphen form.",SAME_CONCEPT,2026-09-01
Water Notes,Watery,IFRA,"IFRA Fragrance Ingredient Glossary, April 2020",data/external/ifra/raw/ifra-fragrance-ingredient-glossary-april-2020.pdf,LOCAL_PDF,DESCRIPTOR_RELATION,"IFRA uses 'Watery' as a descriptor on 8 ingredient rows, but does not state that 'Water Notes' is an official synonym or identical note concept.",RELATED,2026-09-01
Herbal Notes,Herbal,IFRA,"IFRA Fragrance Ingredient Glossary, April 2020",data/external/ifra/raw/ifra-fragrance-ingredient-glossary-april-2020.pdf,LOCAL_PDF,DESCRIPTOR_CANONICALIZATION,"IFRA's Herbal entry directly uses the corresponding note/category wording; the mapping changes only grammatical or category-label form. Definition: Herbal notes include culinary herbs (e.g. thyme, rosemary) that often have a green note and impart fresh nuances to a complex fragrance.",SAME_CONCEPT,2026-09-01
Star Anise,Star anise CO2 extract | Star anise extract | Star anise oil | Star anise oil terpeneless | Star anise oil terpenes,IFRA,"IFRA Fragrance Ingredient Glossary, April 2020",data/external/ifra/raw/ifra-fragrance-ingredient-glossary-april-2020.pdf,LOCAL_PDF,MATERIAL_FAMILY,"IFRA lists 5 directly retrieved material-form candidate(s) for the note base, including: Star anise CO2 extract, Star anise extract, Star anise oil, Star anise oil terpeneless, Star anise oil terpenes. This supports FAMILY only.",FAMILY,2026-09-01
Resins,,IFRA,"IFRA Fragrance Ingredient Glossary, April 2020",data/external/ifra/raw/ifra-fragrance-ingredient-glossary-april-2020.pdf,LOCAL_PDF,NO_DIRECT_EQUIVALENCE,A conservative audit of IFRA principal names and descriptors found no exact official equivalence or verified material-family relation for 'Resins'; allowed official evidence is insufficient.,UNRESOLVED,2026-09-01
Hazelnut,,IFRA,"IFRA Fragrance Ingredient Glossary, April 2020",data/external/ifra/raw/ifra-fragrance-ingredient-glossary-april-2020.pdf,LOCAL_PDF,NO_DIRECT_EQUIVALENCE,A conservative audit of IFRA principal names and descriptors found no exact official equivalence or verified material-family relation for 'Hazelnut'; allowed official evidence is insufficient.,UNRESOLVED,2026-09-01
Salt,,IFRA,"IFRA Fragrance Ingredient Glossary, April 2020",data/external/ifra/raw/ifra-fragrance-ingredient-glossary-april-2020.pdf,LOCAL_PDF,NO_DIRECT_EQUIVALENCE,A conservative audit of IFRA principal names and descriptors found no exact official equivalence or verified material-family relation for 'Salt'; allowed official evidence is insufficient.,UNRESOLVED,2026-09-01
Red Fruits,,IFRA,"IFRA Fragrance Ingredient Glossary, April 2020",data/external/ifra/raw/ifra-fragrance-ingredient-glossary-april-2020.pdf,LOCAL_PDF,NO_DIRECT_EQUIVALENCE,A conservative audit of IFRA principal names and descriptors found no exact official equivalence or verified material-family relation for 'Red Fruits'; allowed official evidence is insufficient.,UNRESOLVED,2026-09-01
Black Tea,,IFRA,"IFRA Fragrance Ingredient Glossary, April 2020",data/external/ifra/raw/ifra-fragrance-ingredient-glossary-april-2020.pdf,LOCAL_PDF,NO_DIRECT_EQUIVALENCE,A conservative audit of IFRA principal names and descriptors found no exact official equivalence or verified material-family relation for 'Black Tea'; allowed official evidence is insufficient.,UNRESOLVED,2026-09-01
Davana,Davana oil,IFRA,"IFRA Fragrance Ingredient Glossary, April 2020",data/external/ifra/raw/ifra-fragrance-ingredient-glossary-april-2020.pdf,LOCAL_PDF,MATERIAL_FAMILY,"IFRA lists 1 directly retrieved material-form candidate(s) for the note base, including: Davana oil. This supports FAMILY only.",FAMILY,2026-09-01
Tolu Balsam,"Tolu, balsam, extract | Tolu, balsam, resinoid",IFRA,"IFRA Fragrance Ingredient Glossary, April 2020",data/external/ifra/raw/ifra-fragrance-ingredient-glossary-april-2020.pdf,LOCAL_PDF,MATERIAL_FAMILY,"IFRA lists 2 directly retrieved material-form candidate(s) for the note base, including: Tolu, balsam, extract, Tolu, balsam, resinoid. This supports FAMILY only.",FAMILY,2026-09-01
Immortelle,,IFRA,"IFRA Fragrance Ingredient Glossary, April 2020",data/external/ifra/raw/ifra-fragrance-ingredient-glossary-april-2020.pdf,LOCAL_PDF,NO_DIRECT_EQUIVALENCE,A conservative audit of IFRA principal names and descriptors found no exact official equivalence or verified material-family relation for 'Immortelle'; allowed official evidence is insufficient.,UNRESOLVED,2026-09-01
Whipped Cream,,IFRA,"IFRA Fragrance Ingredient Glossary, April 2020",data/external/ifra/raw/ifra-fragrance-ingredient-glossary-april-2020.pdf,LOCAL_PDF,NO_DIRECT_EQUIVALENCE,A conservative audit of IFRA principal names and descriptors found no exact official equivalence or verified material-family relation for 'Whipped Cream'; allowed official evidence is insufficient.,UNRESOLVED,2026-09-01
Angelica,Angelica root oil | Angelica seed absolute | Angelica seed extract | Angelica seed oil,IFRA,"IFRA Fragrance Ingredient Glossary, April 2020",data/external/ifra/raw/ifra-fragrance-ingredient-glossary-april-2020.pdf,LOCAL_PDF,MATERIAL_FAMILY,"IFRA lists 4 directly retrieved material-form candidate(s) for the note base, including: Angelica root oil, Angelica seed absolute, Angelica seed extract, Angelica seed oil. This supports FAMILY only.",FAMILY,2026-09-01
African Orange Flower,,IFRA,"IFRA Fragrance Ingredient Glossary, April 2020",data/external/ifra/raw/ifra-fragrance-ingredient-glossary-april-2020.pdf,LOCAL_PDF,NO_DIRECT_EQUIVALENCE,A conservative audit of IFRA principal names and descriptors found no exact official equivalence or verified material-family relation for 'African Orange Flower'; allowed official evidence is insufficient.,UNRESOLVED,2026-09-01
Pomegranate,,IFRA,"IFRA Fragrance Ingredient Glossary, April 2020",data/external/ifra/raw/ifra-fragrance-ingredient-glossary-april-2020.pdf,LOCAL_PDF,NO_DIRECT_EQUIVALENCE,A conservative audit of IFRA principal names and descriptors found no exact official equivalence or verified material-family relation for 'Pomegranate'; allowed official evidence is insufficient.,UNRESOLVED,2026-09-01
Fir,Fir absolute,IFRA,"IFRA Fragrance Ingredient Glossary, April 2020",data/external/ifra/raw/ifra-fragrance-ingredient-glossary-april-2020.pdf,LOCAL_PDF,MATERIAL_FAMILY,"IFRA lists 1 directly retrieved material-form candidate(s) for the note base, including: Fir absolute. This supports FAMILY only.",FAMILY,2026-09-01
Citron,"Citron oil | Citron oil, rectified",IFRA,"IFRA Fragrance Ingredient Glossary, April 2020",data/external/ifra/raw/ifra-fragrance-ingredient-glossary-april-2020.pdf,LOCAL_PDF,MATERIAL_FAMILY,"IFRA lists 2 directly retrieved material-form candidate(s) for the note base, including: Citron oil, Citron oil, rectified. This supports FAMILY only.",FAMILY,2026-09-01
Sicilian Lemon,,IFRA,"IFRA Fragrance Ingredient Glossary, April 2020",data/external/ifra/raw/ifra-fragrance-ingredient-glossary-april-2020.pdf,LOCAL_PDF,NO_DIRECT_EQUIVALENCE,A conservative audit of IFRA principal names and descriptors found no exact official equivalence or verified material-family relation for 'Sicilian Lemon'; allowed official evidence is insufficient.,UNRESOLVED,2026-09-01
Grass,,IFRA,"IFRA Fragrance Ingredient Glossary, April 2020",data/external/ifra/raw/ifra-fragrance-ingredient-glossary-april-2020.pdf,LOCAL_PDF,NO_DIRECT_EQUIVALENCE,A conservative audit of IFRA principal names and descriptors found no exact official equivalence or verified material-family relation for 'Grass'; allowed official evidence is insufficient.,UNRESOLVED,2026-09-01
Fruits,,IFRA,"IFRA Fragrance Ingredient Glossary, April 2020",data/external/ifra/raw/ifra-fragrance-ingredient-glossary-april-2020.pdf,LOCAL_PDF,NO_DIRECT_EQUIVALENCE,A conservative audit of IFRA principal names and descriptors found no exact official equivalence or verified material-family relation for 'Fruits'; allowed official evidence is insufficient.,UNRESOLVED,2026-09-01
Cognac,,IFRA,"IFRA Fragrance Ingredient Glossary, April 2020",data/external/ifra/raw/ifra-fragrance-ingredient-glossary-april-2020.pdf,LOCAL_PDF,NO_DIRECT_EQUIVALENCE,A conservative audit of IFRA principal names and descriptors found no exact official equivalence or verified material-family relation for 'Cognac'; allowed official evidence is insufficient.,UNRESOLVED,2026-09-01
Atlas Cedar,,IFRA,"IFRA Fragrance Ingredient Glossary, April 2020",data/external/ifra/raw/ifra-fragrance-ingredient-glossary-april-2020.pdf,LOCAL_PDF,NO_DIRECT_EQUIVALENCE,A conservative audit of IFRA principal names and descriptors found no exact official equivalence or verified material-family relation for 'Atlas Cedar'; allowed official evidence is insufficient.,UNRESOLVED,2026-09-01
Papyrus,,IFRA,"IFRA Fragrance Ingredient Glossary, April 2020",data/external/ifra/raw/ifra-fragrance-ingredient-glossary-april-2020.pdf,LOCAL_PDF,NO_DIRECT_EQUIVALENCE,A conservative audit of IFRA principal names and descriptors found no exact official equivalence or verified material-family relation for 'Papyrus'; allowed official evidence is insufficient.,UNRESOLVED,2026-09-01
Marshmallow,,IFRA,"IFRA Fragrance Ingredient Glossary, April 2020",data/external/ifra/raw/ifra-fragrance-ingredient-glossary-april-2020.pdf,LOCAL_PDF,NO_DIRECT_EQUIVALENCE,A conservative audit of IFRA principal names and descriptors found no exact official equivalence or verified material-family relation for 'Marshmallow'; allowed official evidence is insufficient.,UNRESOLVED,2026-09-01
Flowers,,IFRA,"IFRA Fragrance Ingredient Glossary, April 2020",data/external/ifra/raw/ifra-fragrance-ingredient-glossary-april-2020.pdf,LOCAL_PDF,NO_DIRECT_EQUIVALENCE,A conservative audit of IFRA principal names and descriptors found no exact official equivalence or verified material-family relation for 'Flowers'; allowed official evidence is insufficient.,UNRESOLVED,2026-09-01
Sea water,,IFRA,"IFRA Fragrance Ingredient Glossary, April 2020",data/external/ifra/raw/ifra-fragrance-ingredient-glossary-april-2020.pdf,LOCAL_PDF,NO_DIRECT_EQUIVALENCE,A conservative audit of IFRA principal names and descriptors found no exact official equivalence or verified material-family relation for 'Sea water'; allowed official evidence is insufficient.,UNRESOLVED,2026-09-01
Brazilian Rosewood,,IFRA,"IFRA Fragrance Ingredient Glossary, April 2020",data/external/ifra/raw/ifra-fragrance-ingredient-glossary-april-2020.pdf,LOCAL_PDF,NO_DIRECT_EQUIVALENCE,A conservative audit of IFRA principal names and descriptors found no exact official equivalence or verified material-family relation for 'Brazilian Rosewood'; allowed official evidence is insufficient.,UNRESOLVED,2026-09-01
White Amber,,IFRA,"IFRA Fragrance Ingredient Glossary, April 2020",data/external/ifra/raw/ifra-fragrance-ingredient-glossary-april-2020.pdf,LOCAL_PDF,NO_DIRECT_EQUIVALENCE,A conservative audit of IFRA principal names and descriptors found no exact official equivalence or verified material-family relation for 'White Amber'; allowed official evidence is insufficient.,UNRESOLVED,2026-09-01
Pink Grapefruit,,IFRA,"IFRA Fragrance Ingredient Glossary, April 2020",data/external/ifra/raw/ifra-fragrance-ingredient-glossary-april-2020.pdf,LOCAL_PDF,NO_DIRECT_EQUIVALENCE,A conservative audit of IFRA principal names and descriptors found no exact official equivalence or verified material-family relation for 'Pink Grapefruit'; allowed official evidence is insufficient.,UNRESOLVED,2026-09-01
Sweet Orange,,IFRA,"IFRA Fragrance Ingredient Glossary, April 2020",data/external/ifra/raw/ifra-fragrance-ingredient-glossary-april-2020.pdf,LOCAL_PDF,NO_DIRECT_EQUIVALENCE,A conservative audit of IFRA principal names and descriptors found no exact official equivalence or verified material-family relation for 'Sweet Orange'; allowed official evidence is insufficient.,UNRESOLVED,2026-09-01
Balsam Fir,Balsam fir oleoresin,IFRA,"IFRA Fragrance Ingredient Glossary, April 2020",data/external/ifra/raw/ifra-fragrance-ingredient-glossary-april-2020.pdf,LOCAL_PDF,MATERIAL_FAMILY,"IFRA lists 1 directly retrieved material-form candidate(s) for the note base, including: Balsam fir oleoresin. This supports FAMILY only.",FAMILY,2026-09-01
Fig Leaf,,IFRA,"IFRA Fragrance Ingredient Glossary, April 2020",data/external/ifra/raw/ifra-fragrance-ingredient-glossary-april-2020.pdf,LOCAL_PDF,NO_DIRECT_EQUIVALENCE,A conservative audit of IFRA principal names and descriptors found no exact official equivalence or verified material-family relation for 'Fig Leaf'; allowed official evidence is insufficient.,UNRESOLVED,2026-09-01
Amyris,"Amyris oil | Amyris oil, acetylated | Amyris oil, rectified",IFRA,"IFRA Fragrance Ingredient Glossary, April 2020",data/external/ifra/raw/ifra-fragrance-ingredient-glossary-april-2020.pdf,LOCAL_PDF,MATERIAL_FAMILY,"IFRA lists 3 directly retrieved material-form candidate(s) for the note base, including: Amyris oil, Amyris oil, acetylated, Amyris oil, rectified. This supports FAMILY only.",FAMILY,2026-09-01
Tiare Flower,,IFRA,"IFRA Fragrance Ingredient Glossary, April 2020",data/external/ifra/raw/ifra-fragrance-ingredient-glossary-april-2020.pdf,LOCAL_PDF,NO_DIRECT_EQUIVALENCE,A conservative audit of IFRA principal names and descriptors found no exact official equivalence or verified material-family relation for 'Tiare Flower'; allowed official evidence is insufficient.,UNRESOLVED,2026-09-01
Sea Salt,,IFRA,"IFRA Fragrance Ingredient Glossary, April 2020",data/external/ifra/raw/ifra-fragrance-ingredient-glossary-april-2020.pdf,LOCAL_PDF,NO_DIRECT_EQUIVALENCE,A conservative audit of IFRA principal names and descriptors found no exact official equivalence or verified material-family relation for 'Sea Salt'; allowed official evidence is insufficient.,UNRESOLVED,2026-09-01
Dark Chocolate,,IFRA,"IFRA Fragrance Ingredient Glossary, April 2020",data/external/ifra/raw/ifra-fragrance-ingredient-glossary-april-2020.pdf,LOCAL_PDF,NO_DIRECT_EQUIVALENCE,A conservative audit of IFRA principal names and descriptors found no exact official equivalence or verified material-family relation for 'Dark Chocolate'; allowed official evidence is insufficient.,UNRESOLVED,2026-09-01
Mate,Mate absolute | Mate extract | Mate oil,IFRA,"IFRA Fragrance Ingredient Glossary, April 2020",data/external/ifra/raw/ifra-fragrance-ingredient-glossary-april-2020.pdf,LOCAL_PDF,MATERIAL_FAMILY,"IFRA lists 3 directly retrieved material-form candidate(s) for the note base, including: Mate absolute, Mate extract, Mate oil. This supports FAMILY only.",FAMILY,2026-09-01
Bay Leaf,,IFRA,"IFRA Fragrance Ingredient Glossary, April 2020",data/external/ifra/raw/ifra-fragrance-ingredient-glossary-april-2020.pdf,LOCAL_PDF,NO_DIRECT_EQUIVALENCE,A conservative audit of IFRA principal names and descriptors found no exact official equivalence or verified material-family relation for 'Bay Leaf'; allowed official evidence is insufficient.,UNRESOLVED,2026-09-01
Precious Woods,,IFRA,"IFRA Fragrance Ingredient Glossary, April 2020",data/external/ifra/raw/ifra-fragrance-ingredient-glossary-april-2020.pdf,LOCAL_PDF,NO_DIRECT_EQUIVALENCE,A conservative audit of IFRA principal names and descriptors found no exact official equivalence or verified material-family relation for 'Precious Woods'; allowed official evidence is insufficient.,UNRESOLVED,2026-09-01
Egyptian Jasmine,,IFRA,"IFRA Fragrance Ingredient Glossary, April 2020",data/external/ifra/raw/ifra-fragrance-ingredient-glossary-april-2020.pdf,LOCAL_PDF,NO_DIRECT_EQUIVALENCE,A conservative audit of IFRA principal names and descriptors found no exact official equivalence or verified material-family relation for 'Egyptian Jasmine'; allowed official evidence is insufficient.,UNRESOLVED,2026-09-01
Cotton Candy,,IFRA,"IFRA Fragrance Ingredient Glossary, April 2020",data/external/ifra/raw/ifra-fragrance-ingredient-glossary-april-2020.pdf,LOCAL_PDF,NO_DIRECT_EQUIVALENCE,A conservative audit of IFRA principal names and descriptors found no exact official equivalence or verified material-family relation for 'Cotton Candy'; allowed official evidence is insufficient.,UNRESOLVED,2026-09-01
Beeswax,Beeswax absolute | Beeswax CO2 extract | Beeswax concrete | Beeswax resinoid,IFRA,"IFRA Fragrance Ingredient Glossary, April 2020",data/external/ifra/raw/ifra-fragrance-ingredient-glossary-april-2020.pdf,LOCAL_PDF,MATERIAL_FAMILY,"IFRA lists 4 directly retrieved material-form candidate(s) for the note base, including: Beeswax absolute, Beeswax CO2 extract, Beeswax concrete, Beeswax resinoid. This supports FAMILY only.",FAMILY,2026-09-01
Marine notes,Marine,IFRA,"IFRA Fragrance Ingredient Glossary, April 2020",data/external/ifra/raw/ifra-fragrance-ingredient-glossary-april-2020.pdf,LOCAL_PDF,DESCRIPTOR_CANONICALIZATION,"IFRA's Marine entry directly uses the corresponding note/category wording; the mapping changes only grammatical or category-label form. Definition: Marine covers smells that you expect to fine at the seashore – they tend to be fresh and sometimes ozonic, and often sea water-like.",SAME_CONCEPT,2026-09-01
Hedione,,IFRA,"IFRA Fragrance Ingredient Glossary, April 2020",data/external/ifra/raw/ifra-fragrance-ingredient-glossary-april-2020.pdf,LOCAL_PDF,NO_DIRECT_EQUIVALENCE,A conservative audit of IFRA principal names and descriptors found no exact official equivalence or verified material-family relation for 'Hedione'; allowed official evidence is insufficient.,UNRESOLVED,2026-09-01
Bitter Almond,,IFRA,"IFRA Fragrance Ingredient Glossary, April 2020",data/external/ifra/raw/ifra-fragrance-ingredient-glossary-april-2020.pdf,LOCAL_PDF,NO_DIRECT_EQUIVALENCE,A conservative audit of IFRA principal names and descriptors found no exact official equivalence or verified material-family relation for 'Bitter Almond'; allowed official evidence is insufficient.,UNRESOLVED,2026-09-01
White Woods,,IFRA,"IFRA Fragrance Ingredient Glossary, April 2020",data/external/ifra/raw/ifra-fragrance-ingredient-glossary-april-2020.pdf,LOCAL_PDF,NO_DIRECT_EQUIVALENCE,A conservative audit of IFRA principal names and descriptors found no exact official equivalence or verified material-family relation for 'White Woods'; allowed official evidence is insufficient.,UNRESOLVED,2026-09-01
Green Mandarin,,IFRA,"IFRA Fragrance Ingredient Glossary, April 2020",data/external/ifra/raw/ifra-fragrance-ingredient-glossary-april-2020.pdf,LOCAL_PDF,NO_DIRECT_EQUIVALENCE,A conservative audit of IFRA principal names and descriptors found no exact official equivalence or verified material-family relation for 'Green Mandarin'; allowed official evidence is insufficient.,UNRESOLVED,2026-09-01
May Rose,,IFRA,"IFRA Fragrance Ingredient Glossary, April 2020",data/external/ifra/raw/ifra-fragrance-ingredient-glossary-april-2020.pdf,LOCAL_PDF,NO_DIRECT_EQUIVALENCE,A conservative audit of IFRA principal names and descriptors found no exact official equivalence or verified material-family relation for 'May Rose'; allowed official evidence is insufficient.,UNRESOLVED,2026-09-01
Bamboo,,IFRA,"IFRA Fragrance Ingredient Glossary, April 2020",data/external/ifra/raw/ifra-fragrance-ingredient-glossary-april-2020.pdf,LOCAL_PDF,NO_DIRECT_EQUIVALENCE,A conservative audit of IFRA principal names and descriptors found no exact official equivalence or verified material-family relation for 'Bamboo'; allowed official evidence is insufficient.,UNRESOLVED,2026-09-01
Sandalowood,,IFRA,"IFRA Fragrance Ingredient Glossary, April 2020",data/external/ifra/raw/ifra-fragrance-ingredient-glossary-april-2020.pdf,LOCAL_PDF,NO_DIRECT_EQUIVALENCE,A conservative audit of IFRA principal names and descriptors found no exact official equivalence or verified material-family relation for 'Sandalowood'; allowed official evidence is insufficient.,UNRESOLVED,2026-09-01
Cypriol,"Cypriol oil | Cypriol oil, rectified",IFRA,"IFRA Fragrance Ingredient Glossary, April 2020",data/external/ifra/raw/ifra-fragrance-ingredient-glossary-april-2020.pdf,LOCAL_PDF,MATERIAL_FAMILY,"IFRA lists 2 directly retrieved material-form candidate(s) for the note base, including: Cypriol oil, Cypriol oil, rectified. This supports FAMILY only.",FAMILY,2026-09-01
Iso E Super,,IFRA,"IFRA Fragrance Ingredient Glossary, April 2020",data/external/ifra/raw/ifra-fragrance-ingredient-glossary-april-2020.pdf,LOCAL_PDF,NO_DIRECT_EQUIVALENCE,A conservative audit of IFRA principal names and descriptors found no exact official equivalence or verified material-family relation for 'Iso E Super'; allowed official evidence is insufficient.,UNRESOLVED,2026-09-01
Pomelo,,IFRA,"IFRA Fragrance Ingredient Glossary, April 2020",data/external/ifra/raw/ifra-fragrance-ingredient-glossary-april-2020.pdf,LOCAL_PDF,NO_DIRECT_EQUIVALENCE,A conservative audit of IFRA principal names and descriptors found no exact official equivalence or verified material-family relation for 'Pomelo'; allowed official evidence is insufficient.,UNRESOLVED,2026-09-01
White Rose,,IFRA,"IFRA Fragrance Ingredient Glossary, April 2020",data/external/ifra/raw/ifra-fragrance-ingredient-glossary-april-2020.pdf,LOCAL_PDF,NO_DIRECT_EQUIVALENCE,A conservative audit of IFRA principal names and descriptors found no exact official equivalence or verified material-family relation for 'White Rose'; allowed official evidence is insufficient.,UNRESOLVED,2026-09-01
Violet Leaves,,IFRA,"IFRA Fragrance Ingredient Glossary, April 2020",data/external/ifra/raw/ifra-fragrance-ingredient-glossary-april-2020.pdf,LOCAL_PDF,NO_DIRECT_EQUIVALENCE,A conservative audit of IFRA principal names and descriptors found no exact official equivalence or verified material-family relation for 'Violet Leaves'; allowed official evidence is insufficient.,UNRESOLVED,2026-09-01
Pistachio,,IFRA,"IFRA Fragrance Ingredient Glossary, April 2020",data/external/ifra/raw/ifra-fragrance-ingredient-glossary-april-2020.pdf,LOCAL_PDF,NO_DIRECT_EQUIVALENCE,A conservative audit of IFRA principal names and descriptors found no exact official equivalence or verified material-family relation for 'Pistachio'; allowed official evidence is insufficient.,UNRESOLVED,2026-09-01
Hibiscus,,IFRA,"IFRA Fragrance Ingredient Glossary, April 2020",data/external/ifra/raw/ifra-fragrance-ingredient-glossary-april-2020.pdf,LOCAL_PDF,NO_DIRECT_EQUIVALENCE,A conservative audit of IFRA principal names and descriptors found no exact official equivalence or verified material-family relation for 'Hibiscus'; allowed official evidence is insufficient.,UNRESOLVED,2026-09-01
Brown sugar,,IFRA,"IFRA Fragrance Ingredient Glossary, April 2020",data/external/ifra/raw/ifra-fragrance-ingredient-glossary-april-2020.pdf,LOCAL_PDF,NO_DIRECT_EQUIVALENCE,A conservative audit of IFRA principal names and descriptors found no exact official equivalence or verified material-family relation for 'Brown sugar'; allowed official evidence is insufficient.,UNRESOLVED,2026-09-01
Red Currant,,IFRA,"IFRA Fragrance Ingredient Glossary, April 2020",data/external/ifra/raw/ifra-fragrance-ingredient-glossary-april-2020.pdf,LOCAL_PDF,NO_DIRECT_EQUIVALENCE,A conservative audit of IFRA principal names and descriptors found no exact official equivalence or verified material-family relation for 'Red Currant'; allowed official evidence is insufficient.,UNRESOLVED,2026-09-01
Wormwood,"Wormwood oil | Wormwood oil, terpeneless",IFRA,"IFRA Fragrance Ingredient Glossary, April 2020",data/external/ifra/raw/ifra-fragrance-ingredient-glossary-april-2020.pdf,LOCAL_PDF,MATERIAL_FAMILY,"IFRA lists 2 directly retrieved material-form candidate(s) for the note base, including: Wormwood oil, Wormwood oil, terpeneless. This supports FAMILY only.",FAMILY,2026-09-01
Lemon Verbena,,IFRA,"IFRA Fragrance Ingredient Glossary, April 2020",data/external/ifra/raw/ifra-fragrance-ingredient-glossary-april-2020.pdf,LOCAL_PDF,NO_DIRECT_EQUIVALENCE,A conservative audit of IFRA principal names and descriptors found no exact official equivalence or verified material-family relation for 'Lemon Verbena'; allowed official evidence is insufficient.,UNRESOLVED,2026-09-01
Nectarine,,IFRA,"IFRA Fragrance Ingredient Glossary, April 2020",data/external/ifra/raw/ifra-fragrance-ingredient-glossary-april-2020.pdf,LOCAL_PDF,NO_DIRECT_EQUIVALENCE,A conservative audit of IFRA principal names and descriptors found no exact official equivalence or verified material-family relation for 'Nectarine'; allowed official evidence is insufficient.,UNRESOLVED,2026-09-01
Resin,,IFRA,"IFRA Fragrance Ingredient Glossary, April 2020",data/external/ifra/raw/ifra-fragrance-ingredient-glossary-april-2020.pdf,LOCAL_PDF,NO_DIRECT_EQUIVALENCE,A conservative audit of IFRA principal names and descriptors found no exact official equivalence or verified material-family relation for 'Resin'; allowed official evidence is insufficient.,UNRESOLVED,2026-09-01
Solar Notes,,IFRA,"IFRA Fragrance Ingredient Glossary, April 2020",data/external/ifra/raw/ifra-fragrance-ingredient-glossary-april-2020.pdf,LOCAL_PDF,NO_DIRECT_EQUIVALENCE,A conservative audit of IFRA principal names and descriptors found no exact official equivalence or verified material-family relation for 'Solar Notes'; allowed official evidence is insufficient.,UNRESOLVED,2026-09-01
Lychee,,IFRA,"IFRA Fragrance Ingredient Glossary, April 2020",data/external/ifra/raw/ifra-fragrance-ingredient-glossary-april-2020.pdf,LOCAL_PDF,NO_DIRECT_EQUIVALENCE,A conservative audit of IFRA principal names and descriptors found no exact official equivalence or verified material-family relation for 'Lychee'; allowed official evidence is insufficient.,UNRESOLVED,2026-09-01
Dried Fruits,Dried-Fruit,IFRA,"IFRA Fragrance Ingredient Glossary, April 2020",data/external/ifra/raw/ifra-fragrance-ingredient-glossary-april-2020.pdf,LOCAL_PDF,DESCRIPTOR_CANONICALIZATION,"IFRA applies the descriptor 'Dried-Fruit' to 5 ingredient rows; the source term differs only by notes-label, plural, spacing, or hyphen form.",SAME_CONCEPT,2026-09-01
Clementine,,IFRA,"IFRA Fragrance Ingredient Glossary, April 2020",data/external/ifra/raw/ifra-fragrance-ingredient-glossary-april-2020.pdf,LOCAL_PDF,NO_DIRECT_EQUIVALENCE,A conservative audit of IFRA principal names and descriptors found no exact official equivalence or verified material-family relation for 'Clementine'; allowed official evidence is insufficient.,UNRESOLVED,2026-09-01
Driftwood,,IFRA,"IFRA Fragrance Ingredient Glossary, April 2020",data/external/ifra/raw/ifra-fragrance-ingredient-glossary-april-2020.pdf,LOCAL_PDF,NO_DIRECT_EQUIVALENCE,A conservative audit of IFRA principal names and descriptors found no exact official equivalence or verified material-family relation for 'Driftwood'; allowed official evidence is insufficient.,UNRESOLVED,2026-09-01
Sichuan Pepper,Sichuan pepper CO2 extract,IFRA,"IFRA Fragrance Ingredient Glossary, April 2020",data/external/ifra/raw/ifra-fragrance-ingredient-glossary-april-2020.pdf,LOCAL_PDF,MATERIAL_FAMILY,"IFRA lists 1 directly retrieved material-form candidate(s) for the note base, including: Sichuan pepper CO2 extract. This supports FAMILY only.",FAMILY,2026-09-01
Indonesian Patchouli Leaf,,IFRA,"IFRA Fragrance Ingredient Glossary, April 2020",data/external/ifra/raw/ifra-fragrance-ingredient-glossary-april-2020.pdf,LOCAL_PDF,NO_DIRECT_EQUIVALENCE,A conservative audit of IFRA principal names and descriptors found no exact official equivalence or verified material-family relation for 'Indonesian Patchouli Leaf'; allowed official evidence is insufficient.,UNRESOLVED,2026-09-01
Musk,Musk-Like,IFF,Fragrance Ingredients Compendium,https://www.iff.com/scent/ingredients-compendium/,OFFICIAL_WEB,OLFACTIVE_FAMILY,"IFF's official compendium uses Musk as an Olfactive Family and lists 14 ingredients in that family, supporting Musk as the industry category corresponding to IFRA Musk-Like.",SAME_CONCEPT,2026-09-01
Agarwood (Oud),Agarwood,Givaudan,Agarwood Oil Thailand,https://www.givaudan.com/fragrance-beauty/fragrance-ingredients-business/natural-ingredients/agarwood-oil-thailand,OFFICIAL_WEB,OFFICIAL_PRODUCT_CONTEXT,"Givaudan's Agarwood Oil page uses oud for the perfumery concept on the same material page; this supports the paired label Agarwood (Oud) at term level, not identity with one oil.",SAME_CONCEPT,2026-09-01
Jasmine Sambac,Jasmine sambac absolute,Givaudan,Jasmine Sambac Absolute India,https://www.givaudan.com/fragrance-beauty/fragrance-ingredients-business/natural-ingredients/jasmine-sambac-absolute-india,OFFICIAL_WEB,OFFICIAL_NATURAL_INGREDIENT,"Givaudan identifies Jasmine Sambac Absolute India as a natural ingredient from Jasminum sambac with a floral, jasmine-like profile; this confirms an ingredient-family member, not equivalence to the broad note concept.",FAMILY,2026-09-01
