accord,frequency,mean_strength,representative_notes,season_profile,dominant_season,dominant_season_by_share,season_eligible_perfume_count,day_share,night_share,daypart_eligible_perfume_count,daypart_tendency,representative_note_1,representative_note_2,representative_note_3,representative_note_4,representative_note_5,winter_share,winter_lift,spring_share,spring_lift,summer_share,summer_lift,autumn_share,autumn_lift
woody,81432,65.82835985853227,"[""Musk"", ""Sandalwood"", ""Patchouli"", ""Bergamot"", ""Amber""]","{""winter"": 0.21864752473550414, ""spring"": 0.2784235568854112, ""summer"": 0.2243747580069612, ""autumn"": 0.27855416037210706}",autumn,autumn,37480,0.6010168197923936,0.39898318020760337,29341,Neutral,Musk,Sandalwood,Patchouli,Bergamot,Amber,0.21864752473550414,1.0404047833890804,0.2784235568854112,0.9742553973477005,0.2243747580069612,0.9398349503245873,0.27855416037210706,1.0498623885846023
powdery,62885,48.34315019480003,"[""Musk"", ""Sandalwood"", ""Vanilla"", ""Amber"", ""Bergamot""]","{""winter"": 0.21895956910746753, ""spring"": 0.2838308770487645, ""summer"": 0.22545399896749344, ""autumn"": 0.27175555487625164}",winter,spring,28312,0.6177944073675836,0.38220559263241316,21977,Neutral,Musk,Sandalwood,Vanilla,Amber,Bergamot,0.21895956910746753,1.0418896044846455,0.2838308770487645,0.9931766083014925,0.22545399896749344,0.9443555496270214,0.27175555487625164,1.0242386456277985
sweet,60625,54.33283298969072,"[""Musk"", ""Vanilla"", ""Jasmine"", ""Amber"", ""Sandalwood""]","{""winter"": 0.22136511916918142, ""spring"": 0.2766405707750666, ""summer"": 0.23402766523434143, ""autumn"": 0.26796664482138743}",winter,spring,28279,0.6162688621088175,0.38373113789117935,22063,Neutral,Musk,Vanilla,Jasmine,Amber,Sandalwood,0.22136511916918142,1.0533360903020201,0.2766405707750666,0.968016399969637,0.23402766523434143,0.980267928013866,0.26796664482138743,1.0099583557372502
citrus,59969,67.28304624055762,"[""Bergamot"", ""Musk"", ""Jasmine"", ""Amber"", ""Sandalwood""]","{""winter"": 0.16019866011539244, ""spring"": 0.3171496691591755, ""summer"": 0.2938582203426821, ""autumn"": 0.22879345038272828}",summer,spring,26244,0.6803737449465675,0.319626255053429,20521,Day leaning,Bergamot,Musk,Jasmine,Amber,Sandalwood,0.16019866011539244,0.762283737161885,0.3171496691591755,1.109765209531214,0.2938582203426821,1.2308792146292493,0.22879345038272828,0.8623157449540514
aromatic,54606,56.06559718712229,"[""Bergamot"", ""Musk"", ""Amber"", ""Sandalwood"", ""Patchouli""]","{""winter"": 0.18901341077541678, ""spring"": 0.29485247611141957, ""summer"": 0.2583451640018851, ""autumn"": 0.2577889491112615}",summer,spring,24714,0.6329746135516481,0.3670253864483555,19216,Neutral,Bergamot,Musk,Amber,Sandalwood,Patchouli,0.18901341077541678,0.8993948453489926,0.29485247611141957,1.031743217012024,0.2583451640018851,1.08212624509561,0.2577889491112615,0.9715989217433503
fresh spicy,47271,51.15586723361046,"[""Bergamot"", ""Musk"", ""Amber"", ""Patchouli"", ""Sandalwood""]","{""winter"": 0.18731769183870656, ""spring"": 0.29638762841027255, ""summer"": 0.2621199511637916, ""autumn"": 0.25417472858721785}",summer,spring,21398,0.637023425748599,0.36297657425140006,16523,Neutral,Bergamot,Musk,Amber,Patchouli,Sandalwood,0.18731769183870656,0.8913259952891945,0.29638762841027255,1.037114998155973,0.2621199511637916,1.0979376355403685,0.25417472858721785,0.9579770315257525
floral,46586,56.22918902674623,"[""Musk"", ""Jasmine"", ""Rose"", ""Bergamot"", ""Amber""]","{""winter"": 0.17345172817065915, ""spring"": 0.32149063161293673, ""summer"": 0.272376835059355, ""autumn"": 0.23268080515703518}",summer,spring,20332,0.6802252662364576,0.31977473376354076,15740,Day leaning,Musk,Jasmine,Rose,Bergamot,Amber,0.17345172817065915,0.8253466756331089,0.32149063161293673,1.1249550381059608,0.272376835059355,1.140900480613043,0.23268080515703518,0.8769670700793978
amber,45478,61.021548880777516,"[""Amber"", ""Musk"", ""Vanilla"", ""Patchouli"", ""Bergamot""]","{""winter"": 0.2645594786204693, ""spring"": 0.24628877194666524, ""summer"": 0.17882767148850287, ""autumn"": 0.31032407794435074}",winter,autumn,19876,0.5349298696856146,0.4650701303143853,15316,Neutral,Amber,Musk,Vanilla,Patchouli,Bergamot,0.2645594786204693,1.2588706292496268,0.24628877194666524,0.8618098556722673,0.17882767148850287,0.7490525995123053,0.31032407794435074,1.1696022679063673
warm spicy,45319,57.098281074163154,"[""Patchouli"", ""Sandalwood"", ""Amber"", ""Musk"", ""Vanilla""]","{""winter"": 0.28021377302038486, ""spring"": 0.23449226196841674, ""summer"": 0.16074995865189903, ""autumn"": 0.3245440063592849}",winter,autumn,20587,0.5202999957349229,0.4797000042650776,16074,Night leaning,Patchouli,Sandalwood,Amber,Musk,Vanilla,0.28021377302038486,1.3333594797131982,0.23449226196841674,0.8205316906896089,0.16074995865189903,0.673330773685335,0.3245440063592849,1.2231967573631464
fruity,43222,64.46904354264032,"[""Musk"", ""Vanilla"", ""Jasmine"", ""Amber"", ""Sandalwood""]","{""winter"": 0.18307217298352654, ""spring"": 0.305618378832726, ""summer"": 0.27183870433462, ""autumn"": 0.2394707438491144}",summer,spring,20473,0.6612919649613347,0.3387080350386684,16047,Neutral,Musk,Vanilla,Jasmine,Amber,Sandalwood,0.18307217298352654,0.8711242659065221,0.305618378832726,1.0694150970457594,0.27183870433462,1.1386464210769263,0.2394707438491144,0.9025581481092024
musky,41154,52.094037031637264,"[""Musk"", ""Amber"", ""Bergamot"", ""Jasmine"", ""Vanilla""]","{""winter"": 0.19195417822992994, ""spring"": 0.3028038487037306, ""summer"": 0.25623706761476595, ""autumn"": 0.2490049054515681}",summer,spring,18127,0.6491232541663587,0.35087674583364187,13957,Neutral,Musk,Amber,Bergamot,Jasmine,Vanilla,0.19195417822992994,0.913388091008698,0.3028038487037306,1.0595665368167124,0.25623706761476595,1.0732960955686917,0.2490049054515681,0.9384921210921667
white floral,39497,66.38035800187356,"[""Jasmine"", ""Musk"", ""Bergamot"", ""Vanilla"", ""Amber""]","{""winter"": 0.1744990347231093, ""spring"": 0.3174141624159521, ""summer"": 0.2749179173645839, ""autumn"": 0.23316888549635353}",summer,spring,16700,0.6694175507838206,0.3305824492161857,12923,Neutral,Jasmine,Musk,Bergamot,Vanilla,Amber,0.1744990347231093,0.830330142736896,0.3174141624159521,1.1106907202382077,0.2749179173645839,1.1515442713108868,0.23316888549635353,0.8788066304369722
vanilla,34562,60.40822290376714,"[""Vanilla"", ""Musk"", ""Amber"", ""Jasmine"", ""Sandalwood""]","{""winter"": 0.26701514159116074, ""spring"": 0.2459143700984436, ""summer"": 0.18569350189952147, ""autumn"": 0.30137698641088}",winter,autumn,16355,0.5614522453510115,0.43854775464898765,12963,Neutral,Vanilla,Musk,Amber,Jasmine,Sandalwood,0.26701514159116074,1.2705555705915854,0.2459143700984436,0.8604997545246227,0.18569350189952147,0.7778113932402366,0.30137698641088,1.1358809446431761
fresh,33478,42.17507019535217,"[""Musk"", ""Jasmine"", ""Amber"", ""Bergamot"", ""Sandalwood""]","{""winter"": 0.13611829365998704, ""spring"": 0.340139846269124, ""summer"": 0.323223107728945, ""autumn"": 0.20051875234193792}",summer,spring,14966,0.7297437007233272,0.270256299276683,11510,Day leaning,Musk,Jasmine,Amber,Bergamot,Sandalwood,0.13611829365998704,0.6477005582474541,0.340139846269124,1.1902120811461947,0.323223107728945,1.353879447467826,0.20051875234193792,0.7557492446298114
green,29755,48.68086035960343,"[""Musk"", ""Bergamot"", ""Jasmine"", ""Amber"", ""Sandalwood""]","{""winter"": 0.13783860059165134, ""spring"": 0.33959152088395245, ""summer"": 0.31112069974374923, ""autumn"": 0.21144917878064626}",summer,spring,13440,0.7189598992361816,0.2810401007638269,10253,Day leaning,Musk,Bergamot,Jasmine,Amber,Sandalwood,0.13783860059165134,0.6558864069679738,0.33959152088395245,1.1882933894522083,0.31112069974374923,1.303186285239562,0.21144917878064626,0.7969456984679488
rose,25617,59.02018191045009,"[""Rose"", ""Musk"", ""Jasmine"", ""Amber"", ""Sandalwood""]","{""winter"": 0.2064051591715991, ""spring"": 0.30455729652248986, ""summer"": 0.23071088110949461, ""autumn"": 0.25832666319641767}",spring,spring,10486,0.625843949596521,0.37415605040347855,7929,Neutral,Rose,Musk,Jasmine,Amber,Sandalwood,0.2064051591715991,0.9821511365294033,0.30455729652248986,1.0657021742624218,0.23071088110949461,0.9663749675449523,0.25832666319641767,0.9736255502204246
earthy,19049,42.93637461284057,"[""Patchouli"", ""Vetiver"", ""Bergamot"", ""Musk"", ""Amber""]","{""winter"": 0.21773574227764228, ""spring"": 0.2803879403662623, ""summer"": 0.20994428070322294, ""autumn"": 0.2919320366528698}",autumn,autumn,8404,0.593539148246883,0.40646085175311625,6480,Neutral,Patchouli,Vetiver,Bergamot,Musk,Amber,0.21773574227764228,1.0360661894273273,0.2803879403662623,0.9811291375947138,0.20994428070322294,0.8793902414794945,0.2919320366528698,1.10028320846232
animalic,18242,30.52543580747725,"[""Musk"", ""Amber"", ""Jasmine"", ""Leather"", ""Vanilla""]","{""winter"": 0.24522152410309814, ""spring"": 0.2666635424701853, ""summer"": 0.19834613404657447, ""autumn"": 0.2897687993801357}",winter,autumn,7217,0.5538563948013618,0.44614360519863866,5398,Neutral,Musk,Amber,Jasmine,Leather,Vanilla,0.24522152410309814,1.1668535784955807,0.2666635424701853,0.933104937073838,0.19834613404657447,0.8308092705907357,0.2897687993801357,1.0921300311872293
balsamic,18162,31.277667657746946,"[""Vanilla"", ""Patchouli"", ""Sandalwood"", ""Musk"", ""Amber""]","{""winter"": 0.2978898728322652, ""spring"": 0.22087223061946368, ""summer"": 0.14532630465825896, ""autumn"": 0.33591159189001496}",winter,autumn,7967,0.5157608535540359,0.48423914644596544,6096,Night leaning,Vanilla,Patchouli,Sandalwood,Musk,Amber,0.2978898728322652,1.4174688187884505,0.22087223061946368,0.7728726879737445,0.14532630465825896,0.6087259615678926,0.33591159189001496,1.2660408508844545
patchouli,14822,50.49581702874106,"[""Patchouli"", ""Musk"", ""Bergamot"", ""Amber"", ""Vanilla""]","{""winter"": 0.2662176714497331, ""spring"": 0.24719568822815108, ""summer"": 0.1704520345964058, ""autumn"": 0.31613460572570584}",winter,autumn,6369,0.5281979012783139,0.47180209872168627,4991,Night leaning,Patchouli,Musk,Bergamot,Amber,Vanilla,0.2662176714497331,1.2667609163838371,0.24719568822815108,0.8649833230759028,0.1704520345964058,0.7139697035914699,0.31613460572570584,1.1915019751924536
soft spicy,13661,35.8906375814362,"[""Pink Pepper"", ""Amber"", ""Musk"", ""Vanilla"", ""Bergamot""]","{""winter"": 0.2120067505043652, ""spring"": 0.28791968565299253, ""summer"": 0.23162286812795863, ""autumn"": 0.26845069571468033}",autumn,spring,6014,0.6252836567467465,0.37471634325325276,4665,Neutral,Pink Pepper,Amber,Musk,Vanilla,Bergamot,0.2120067505043652,1.0088055540639749,0.28791968565299253,1.0074841040319287,0.23162286812795863,0.9701949929426764,0.26845069571468033,1.0117827292319779
leather,10809,59.46100471829031,"[""Leather"", ""Patchouli"", ""Amber"", ""Musk"", ""Saffron""]","{""winter"": 0.3003466598489971, ""spring"": 0.22410897057277568, ""summer"": 0.1354944162465131, ""autumn"": 0.34004995333170823}",winter,autumn,5086,0.4774161832608737,0.5225838167391257,3987,Night leaning,Leather,Patchouli,Amber,Musk,Saffron,0.3003466598489971,1.4291591087520261,0.22410897057277568,0.7841986382798207,0.1354944162465131,0.5675432882621753,0.34004995333170823,1.2816382127123973
aquatic,8872,47.09839945897205,"[""Musk"", ""Amber"", ""Sandalwood"", ""Jasmine"", ""Bergamot""]","{""winter"": 0.10900378417787691, ""spring"": 0.34907129738194664, ""summer"": 0.36756931835619794, ""autumn"": 0.17435560008397652}",summer,summer,4236,0.7622697940880178,0.23773020591198374,3276,Day leaning,Musk,Amber,Sandalwood,Jasmine,Bergamot,0.10900378417787691,0.5186798185955352,0.34907129738194664,1.2214648765280014,0.36756931835619794,1.5396317086943534,0.17435560008397652,0.6571410978846571
herbal,8607,36.32601370977112,"[""Lavender"", ""Bergamot"", ""Musk"", ""Patchouli"", ""Sage""]","{""winter"": 0.15960114406678927, ""spring"": 0.3120953752802428, ""summer"": 0.2833136897746153, ""autumn"": 0.24498979087835349}",summer,spring,3833,0.6723230208255978,0.3276769791744008,2891,Neutral,Lavender,Bergamot,Musk,Patchouli,Sage,0.15960114406678927,0.7594405375607439,0.3120953752802428,1.092079302683331,0.2833136897746153,1.1867115085527589,0.24498979087835349,0.9233592730648931
lavender,8336,55.860724568138195,"[""Lavender"", ""Bergamot"", ""Musk"", ""Patchouli"", ""Amber""]","{""winter"": 0.1917947337019495, ""spring"": 0.2988195454650124, ""summer"": 0.24730811573989253, ""autumn"": 0.26207760509314604}",spring,spring,3884,0.6130477275991889,0.3869522724008115,3020,Neutral,Lavender,Bergamot,Musk,Patchouli,Amber,0.1917947337019495,0.9126293957076799,0.2988195454650124,1.045624724642433,0.24730811573989253,1.0358955380536081,0.26207760509314604,0.9877627392463604
oud,8298,64.53759942154736,"[""Agarwood (Oud)"", ""Amber"", ""Patchouli"", ""Musk"", ""Oud""]","{""winter"": 0.3341763645003337, ""spring"": 0.20383248313046004, ""summer"": 0.12028498659112433, ""autumn"": 0.3417061657780825}",winter,autumn,3430,0.42232855717626805,0.5776714428237331,2554,Night leaning,Agarwood (Oud),Amber,Patchouli,Musk,Oud,0.3341763645003337,1.5901331997346129,0.20383248313046004,0.7132474675135516,0.12028498659112433,0.5038357941946201,0.3417061657780825,1.2878804284187835
violet,7614,52.74954032046231,"[""Violet"", ""Musk"", ""Iris"", ""Sandalwood"", ""Rose""]","{""winter"": 0.1968407954241212, ""spring"": 0.3157302320284161, ""summer"": 0.22739287755437695, ""autumn"": 0.26003609499308694}",spring,spring,3290,0.647617117404954,0.35238288259504746,2533,Neutral,Violet,Musk,Iris,Sandalwood,Rose,0.1968407954241212,0.9366404004486427,0.3157302320284161,1.1047983371109784,0.22739287755437695,0.9524768992680205,0.26003609499308694,0.9800683480834192
iris,7451,55.55428801503154,"[""Iris"", ""Musk"", ""Sandalwood"", ""Vanilla"", ""Bergamot""]","{""winter"": 0.22436949971405848, ""spring"": 0.2904693972872822, ""summer"": 0.19698046695271473, ""autumn"": 0.28818063604594435}",autumn,spring,3647,0.6041730360369942,0.39582696396300493,2867,Neutral,Iris,Musk,Sandalwood,Vanilla,Bergamot,0.22436949971405848,1.0676320302802678,0.2904693972872822,1.016406015486459,0.19698046695271473,0.8250889227373566,0.28818063604594435,1.0861442905712237
smoky,7407,47.0851896854327,"[""Incense"", ""Leather"", ""Amber"", ""Patchouli"", ""Musk""]","{""winter"": 0.31324673630948074, ""spring"": 0.2075888912504102, ""summer"": 0.12797528746121073, ""autumn"": 0.35118908497889906}",winter,autumn,3318,0.4681690255705183,0.5318309744294818,2560,Night leaning,Incense,Leather,Amber,Patchouli,Musk,0.31324673630948074,1.4905423842855938,0.2075888912504102,0.7263918326184351,0.12797528746121073,0.5360480341115298,0.35118908497889906,1.3236212703061374
lactonic,7015,34.68153955808981,"[""Vanilla"", ""Musk"", ""Coconut"", ""Jasmine"", ""Sandalwood""]","{""winter"": 0.20736409515004262, ""spring"": 0.2801955680859667, ""summer"": 0.2643059387891367, ""autumn"": 0.24813439797485526}",summer,spring,3348,0.6692591386740818,0.33074086132591823,2589,Neutral,Vanilla,Musk,Coconut,Jasmine,Sandalwood,0.20736409515004262,0.9867141041648404,0.2801955680859667,0.9804559914914363,0.2643059387891367,1.1070940468476185,0.24813439797485526,0.9352112041690032
yellow floral,6986,53.03750357858574,"[""Ylang-Ylang"", ""Jasmine"", ""Musk"", ""Sandalwood"", ""Vanilla""]","{""winter"": 0.18057612267815704, ""spring"": 0.3169861868960967, ""summer"": 0.25441366454382003, ""autumn"": 0.24802402588192698}",spring,spring,3153,0.657506239357542,0.34249376064245707,2425,Neutral,Ylang-Ylang,Jasmine,Musk,Sandalwood,Vanilla,0.18057612267815704,0.8592471468747488,0.3169861868960967,1.1091931549286624,0.25441366454382003,1.0656584363692956,0.24802402588192698,0.9347952150164449
tropical,6512,49.13682432432432,"[""Musk"", ""Vanilla"", ""Jasmine"", ""Sandalwood"", ""Amber""]","{""winter"": 0.13406948105554578, ""spring"": 0.31171654393218146, ""summer"": 0.3662705489044589, ""autumn"": 0.1879434261078146}",summer,summer,3278,0.7196241566166367,0.2803758433833631,2558,Day leaning,Musk,Vanilla,Jasmine,Sandalwood,Amber,0.13406948105554578,0.6379515595496317,0.31171654393218146,1.0907537018984623,0.3662705489044589,1.5341915739216159,0.1879434261078146,0.7083532121320346
mossy,6173,49.16847561963389,"[""Oakmoss"", ""Bergamot"", ""Musk"", ""Patchouli"", ""Jasmine""]","{""winter"": 0.19167794431548413, ""spring"": 0.29535456811162575, ""summer"": 0.2379380182088416, ""autumn"": 0.2750294693640499}",autumn,spring,2755,0.6291713071110057,0.3708286928889949,2093,Neutral,Oakmoss,Bergamot,Musk,Patchouli,Jasmine,0.19167794431548413,0.9120736691497203,0.29535456811162575,1.0335001295615154,0.2379380182088416,0.996647160803621,0.2750294693640499,1.0365779324637594
ozonic,5777,50.83503548554613,"[""Musk"", ""Violet Leaf"", ""Bergamot"", ""Sandalwood"", ""Amber""]","{""winter"": 0.12263046284022844, ""spring"": 0.3461644826869854, ""summer"": 0.34100684027133593, ""autumn"": 0.1901982142014515}",summer,spring,2844,0.7387119764059576,0.261288023594041,2228,Day leaning,Musk,Violet Leaf,Bergamot,Sandalwood,Amber,0.12263046284022844,0.5835205327960118,0.3461644826869854,1.2112933955752558,0.34100684027133593,1.4283698827513045,0.1901982142014515,0.7168514417423033
tobacco,4372,56.64455626715462,"[""Tobacco"", ""Vanilla"", ""Amber"", ""Patchouli"", ""Musk""]","{""winter"": 0.3338327524820191, ""spring"": 0.19722055010396602, ""summer"": 0.11086023381748153, ""autumn"": 0.35808646359653457}",winter,autumn,1966,0.43812755851384877,0.5618724414861507,1506,Night leaning,Tobacco,Vanilla,Amber,Patchouli,Musk,0.3338327524820191,1.5884981682476706,0.19722055010396602,0.6901110938890508,0.11086023381748153,0.4643584834065533,0.35808646359653457,1.3496172862364322
marine,4326,62.832639852057326,"[""Sea Notes"", ""Musk"", ""Amber"", ""Bergamot"", ""Patchouli""]","{""winter"": 0.0975495351433142, ""spring"": 0.3253766377026482, ""summer"": 0.40464429040498623, ""autumn"": 0.1724295367490512}",summer,summer,1914,0.7354124236980779,0.26458757630192214,1464,Day leaning,Sea Notes,Musk,Amber,Bergamot,Patchouli,0.0975495351433142,0.46417631804091086,0.3253766377026482,1.1385528904191025,0.40464429040498623,1.6949270495039348,0.1724295367490512,0.6498818221636674
cinnamon,4259,49.63042967832825,"[""Cinnamon"", ""Vanilla"", ""Amber"", ""Patchouli"", ""Sandalwood""]","{""winter"": 0.3375099095073334, ""spring"": 0.1896069447506146, ""summer"": 0.11408281524637985, ""autumn"": 0.3588003304956736}",winter,autumn,1991,0.4745869696904319,0.5254130303095681,1573,Night leaning,Cinnamon,Vanilla,Amber,Patchouli,Sandalwood,0.3375099095073334,1.6059954244504917,0.1896069447506146,0.663469683974764,0.11408281524637985,0.47785685855377735,0.3588003304956736,1.3523078294574
caramel,4008,54.11726546906188,"[""Caramel"", ""Vanilla"", ""Musk"", ""Amber"", ""Jasmine""]","{""winter"": 0.2972564863726937, ""spring"": 0.22466014170883214, ""summer"": 0.16327270165833607, ""autumn"": 0.31481067026013726}",winter,autumn,1937,0.5522427723079268,0.44775722769207316,1569,Neutral,Caramel,Vanilla,Musk,Amber,Jasmine,0.2972564863726937,1.4144549346703055,0.22466014170883214,0.7861272877812215,0.16327270165833607,0.6838977468564565,0.31481067026013726,1.1865121015953157
tuberose,3931,52.76672602391249,"[""Tuberose"", ""Jasmine"", ""Musk"", ""Vanilla"", ""Sandalwood""]","{""winter"": 0.20112702950609884, ""spring"": 0.305920664846557, ""summer"": 0.22969677563865143, ""autumn"": 0.2632555300086924}",spring,spring,1867,0.606140089955507,0.3938599100444931,1473,Neutral,Tuberose,Jasmine,Musk,Vanilla,Sandalwood,0.20112702950609884,0.9570358677515969,0.305920664846557,1.0704728515828108,0.22969677563865143,0.9621272002235309,0.2632555300086924,0.9922023034006233
nutty,3619,41.97982868195634,"[""Vanilla"", ""Almond"", ""Musk"", ""Sandalwood"", ""Hazelnut""]","{""winter"": 0.27924572339132087, ""spring"": 0.23181892166223964, ""summer"": 0.17667362906303094, ""autumn"": 0.3122617258834084}",winter,autumn,1890,0.5815660624819706,0.41843393751803004,1501,Neutral,Vanilla,Almond,Musk,Sandalwood,Hazelnut,0.27924572339132087,1.3287531459993611,0.23181892166223964,0.8111771797014738,0.17667362906303094,0.7400299965514248,0.3122617258834084,1.1769052056575666
aldehydic,3556,41.32283464566929,"[""Aldehydes"", ""Musk"", ""Jasmine"", ""Rose"", ""Bergamot""]","{""winter"": 0.1712056148478458, ""spring"": 0.3119769814136177, ""summer"": 0.28895362920298423, ""autumn"": 0.22786377453555104}",summer,spring,1516,0.6853460188247821,0.31465398117521853,1177,Day leaning,Aldehydes,Musk,Jasmine,Rose,Bergamot,0.1712056148478458,0.8146588480534652,0.3119769814136177,1.0916650206992107,0.28895362920298423,1.2103354323825968,0.22786377453555104,0.8588118241932806
honey,3467,55.06951254687049,"[""Honey"", ""Vanilla"", ""Musk"", ""Amber"", ""Patchouli""]","{""winter"": 0.27228940647460326, ""spring"": 0.24486520405448808, ""summer"": 0.17085607868001942, ""autumn"": 0.3119893107908885}",winter,autumn,1582,0.5515229572933246,0.4484770427066757,1225,Neutral,Honey,Vanilla,Musk,Amber,Patchouli,0.27228940647460326,1.295652449324755,0.24486520405448808,0.8568285289556659,0.17085607868001942,0.7156621165644131,0.3119893107908885,1.1758784812340743
almond,3438,52.55061082024433,"[""Almond"", ""Vanilla"", ""Musk"", ""Sandalwood"", ""Heliotrope""]","{""winter"": 0.2713632865117341, ""spring"": 0.25115643242841007, ""summer"": 0.16964037608023366, ""autumn"": 0.3078399049796217}",winter,autumn,1733,0.5805212409035405,0.4194787590964606,1387,Neutral,Almond,Vanilla,Musk,Sandalwood,Heliotrope,0.2713632865117341,1.2912456322774237,0.25115643242841007,0.8788426978277455,0.16964037608023366,0.7105699225822198,0.3078399049796217,1.16023949350399
coconut,3269,59.025695931477514,"[""Coconut"", ""Vanilla"", ""Musk"", ""Sandalwood"", ""Jasmine""]","{""winter"": 0.16217080745924448, ""spring"": 0.27414726569509673, ""summer"": 0.35779641629465186, ""autumn"": 0.20588551055100648}",summer,summer,1610,0.6869558998334869,0.3130441001665131,1287,Day leaning,Coconut,Vanilla,Musk,Sandalwood,Jasmine,0.16217080745924448,0.7716679345479465,0.27414726569509673,0.9592918654562199,0.35779641629465186,1.4986961105676906,0.20588551055100648,0.7759763975281996
salty,2520,42.88174603174603,"[""Sea Notes"", ""Musk"", ""Salt"", ""Sea Salt"", ""Amber""]","{""winter"": 0.10366545443982429, ""spring"": 0.31402781364970145, ""summer"": 0.41282622007637676, ""autumn"": 0.1694805118340973}",summer,summer,1152,0.7340745466323167,0.2659254533676826,887,Day leaning,Sea Notes,Musk,Salt,Sea Salt,Amber,0.10366545443982429,0.49327809588453375,0.31402781364970145,1.098841261091404,0.41282622007637676,1.7291985670960877,0.1694805118340973,0.6387670345149274
metallic,2235,38.93288590604027,"[""Saffron"", ""Amber"", ""Musk"", ""Rose"", ""Patchouli""]","{""winter"": 0.3075654312905965, ""spring"": 0.22055543527365054, ""summer"": 0.13864843039437594, ""autumn"": 0.333230703041377}",winter,autumn,975,0.4648809506114947,0.5351190493885053,729,Night leaning,Saffron,Amber,Musk,Rose,Patchouli,0.3075654312905965,1.4635086599171618,0.22055543527365054,0.7717641626069771,0.13864843039437594,0.5807544567390133,0.333230703041377,1.255936660136052
cacao,2035,53.467321867321864,"[""Cacao"", ""Vanilla"", ""Tonka Bean"", ""Patchouli"", ""Amber""]","{""winter"": 0.3586694393886462, ""spring"": 0.17876061906420945, ""summer"": 0.10148400308495578, ""autumn"": 0.36108593846218817}",winter,autumn,974,0.47243583682481377,0.5275641631751863,765,Night leaning,Cacao,Vanilla,Tonka Bean,Patchouli,Amber,0.3586694393886462,1.706680196113984,0.17876061906420945,0.6255163891473431,0.10148400308495578,0.4250844161139133,0.36108593846218817,1.3609222182566465
sour,1912,13.080020920502092,"[""Fruity Notes"", ""Musk"", ""Floral Notes"", ""Red Berries"", ""Vanilla""]","{""winter"": 0.1531273665122731, ""spring"": 0.31280740877007546, ""summer"": 0.33575424619015354, ""autumn"": 0.19831097852749857}",summer,summer,693,0.72925296045382,0.27074703954618046,513,Day leaning,Fruity Notes,Musk,Floral Notes,Red Berries,Vanilla,0.1531273665122731,0.7286359394183082,0.31280740877007546,1.0945708392412357,0.33575424619015354,1.4063684261649532,0.19831097852749857,0.7474282104467803
conifer,1828,25.61597374179431,"[""Lime"", ""Cedar"", ""Pine"", ""Bergamot"", ""Musk""]","{""winter"": 0.1844121181701818, ""spring"": 0.28875661041240636, ""summer"": 0.27552155675807455, ""autumn"": 0.2513097146593379}",summer,spring,774,0.6711771918743145,0.32882280812568654,552,Neutral,Lime,Cedar,Pine,Bergamot,Musk,0.1844121181701818,0.8775002145177023,0.28875661041240636,1.0104126581857298,0.27552155675807455,1.1540727259571875,0.2513097146593379,0.947178878801578
coffee,1815,58.274931129476585,"[""Coffee"", ""Vanilla"", ""Patchouli"", ""Amber"", ""Musk""]","{""winter"": 0.35451128165729295, ""spring"": 0.1785168847618191, ""summer"": 0.0973626057339377, ""autumn"": 0.3696092278469507}",winter,autumn,900,0.4555706371546563,0.544429362845344,692,Night leaning,Coffee,Vanilla,Patchouli,Amber,Musk,0.35451128165729295,1.6868941628670056,0.1785168847618191,0.6246635178519724,0.0973626057339377,0.40782118512898313,0.3696092278469507,1.3930462437608107
cherry,1803,61.24403771491958,"[""Cherry"", ""Vanilla"", ""Musk"", ""Sandalwood"", ""Jasmine""]","{""winter"": 0.2615162288557618, ""spring"": 0.26118732123858146, ""summer"": 0.18557210573692065, ""autumn"": 0.291724344168737}",winter,autumn,887,0.5594865719454082,0.44051342805459176,689,Neutral,Cherry,Vanilla,Musk,Sandalwood,Jasmine,0.2615162288557618,1.2443897353264985,0.26118732123858146,0.9139426285693321,0.18557210573692065,0.7773029030809113,0.291724344168737,1.0995004216348265
soapy,1720,21.455813953488374,"[""Orange Blossom"", ""Jasmine"", ""Musk"", ""Aldehydes"", ""Lily-of-the-Valley""]","{""winter"": 0.13343167330790107, ""spring"": 0.36021753730335515, ""summer"": 0.31830400847246426, ""autumn"": 0.18804678091628074}",summer,spring,669,0.7390373289578227,0.2609626710421774,479,Day leaning,Orange Blossom,Jasmine,Musk,Aldehydes,Lily-of-the-Valley,0.13343167330790107,0.6349166373279651,0.36021753730335515,1.26046762660074,0.31830400847246426,1.3332748953050872,0.18804678091628074,0.7087427533470825
chocolate,1554,52.63706563706564,"[""Chocolate"", ""Vanilla"", ""Dark Chocolate"", ""Musk"", ""Amber""]","{""winter"": 0.3546849554032703, ""spring"": 0.18101884064156273, ""summer"": 0.11129520246749117, ""autumn"": 0.3530010014876766}",winter,winter,764,0.48446359785560417,0.5155364021443959,583,Night leaning,Chocolate,Vanilla,Dark Chocolate,Musk,Amber,0.3546849554032703,1.6877205659844545,0.18101884064156273,0.633418323109953,0.11129520246749117,0.46618042961478884,0.3530010014876766,1.3304503300167514
anis,1418,50.56488011283498,"[""Anise"", ""Star Anise"", ""Musk"", ""Bergamot"", ""Vanilla""]","{""winter"": 0.23175603403827466, ""spring"": 0.2678281122862869, ""summer"": 0.21121991741108273, ""autumn"": 0.2891959362643559}",winter,autumn,648,0.5930305287282598,0.40696947127173977,503,Neutral,Anise,Star Anise,Musk,Bergamot,Vanilla,0.23175603403827466,1.1027798585160486,0.2678281122862869,0.9371799817346321,0.21121991741108273,0.8847334804989498,0.2891959362643559,1.0899709270537234
rum,1166,50.94854202401372,"[""Rum"", ""Vanilla"", ""Patchouli"", ""Sandalwood"", ""Amber""]","{""winter"": 0.32969561648412954, ""spring"": 0.19282319469480227, ""summer"": 0.13164587232214484, ""autumn"": 0.345835316498924}",winter,autumn,679,0.4607755840166823,0.5392244159833176,552,Night leaning,Rum,Vanilla,Patchouli,Sandalwood,Amber,0.32969561648412954,1.5688121640866708,0.19282319469480227,0.6747239359583119,0.13164587232214484,0.5514229540494096,0.345835316498924,1.3034430753123627
bitter,1034,16.46615087040619,"[""Grapefruit"", ""Musk"", ""Bergamot"", ""Fig"", ""Amber""]","{""winter"": 0.136662657233096, ""spring"": 0.32294363731076764, ""summer"": 0.3297042946717052, ""autumn"": 0.2106894107844313}",summer,summer,373,0.7191919941651618,0.2808080058348377,262,Day leaning,Grapefruit,Musk,Bergamot,Fig,Amber,0.136662657233096,0.6502908389563277,0.32294363731076764,1.130039373136101,0.3297042946717052,1.381027091269204,0.2106894107844313,0.7940821553702229
whiskey,808,43.01980198019802,"[""Whiskey"", ""Tobacco"", ""Vanilla"", ""Amber"", ""Musk""]","{""winter"": 0.3581749777570593, ""spring"": 0.17444010134933988, ""summer"": 0.09123279112457758, ""autumn"": 0.3761521297690228}",winter,autumn,356,0.41764498790034343,0.5823550120996567,271,Night leaning,Whiskey,Tobacco,Vanilla,Amber,Musk,0.3581749777570593,1.7043273670694856,0.17444010134933988,0.6103981004862281,0.09123279112457758,0.38214532898518216,0.3761521297690228,1.41770624751378
camphor,793,37.46532156368222,"[""Eucalyptus"", ""Musk"", ""Bergamot"", ""Patchouli"", ""Cedar""]","{""winter"": 0.17470952320174973, ""spring"": 0.3018205330491489, ""summer"": 0.2659599888143852, ""autumn"": 0.25750995493471635}",summer,spring,345,0.6630795137977191,0.3369204862022803,249,Neutral,Eucalyptus,Musk,Bergamot,Patchouli,Cedar,0.17470952320174973,0.8313317237988848,0.3018205330491489,1.0561257339102004,0.2659599888143852,1.1140223396605986,0.25750995493471635,0.9705474009468287
mineral,770,49.506493506493506,"[""Mineral notes"", ""Musk"", ""Patchouli"", ""Solar Notes"", ""Amber""]","{""winter"": 0.17363579387768352, ""spring"": 0.2863212518505548, ""summer"": 0.300664452844095, ""autumn"": 0.2393785014276666}",summer,summer,364,0.6372568846501658,0.36274311534983394,270,Neutral,Mineral notes,Musk,Patchouli,Solar Notes,Amber,0.17363579387768352,0.8262225274968686,0.2863212518505548,1.0018908892308949,0.300664452844095,1.259388371549051,0.2393785014276666,0.9022104891520335
savory,654,31.701834862385322,"[""Milk"", ""Vanilla"", ""Rice"", ""Musk"", ""Sandalwood""]","{""winter"": 0.2614394294919666, ""spring"": 0.26123718280175484, ""summer"": 0.18486797426308232, ""autumn"": 0.29245541344319614}",winter,autumn,324,0.6585414474671263,0.341458552532874,247,Neutral,Milk,Vanilla,Rice,Musk,Sandalwood,0.2614394294919666,1.2440242959027024,0.26123718280175484,0.9141171033788104,0.18486797426308232,0.774353518869358,0.29245541344319614,1.1022558000993923
terpenic,557,16.44524236983842,"[""Mango"", ""Orange"", ""Musk"", ""Ginger"", ""Jasmine""]","{""winter"": 0.10536339824519202, ""spring"": 0.3020183530165592, ""summer"": 0.432838456867824, ""autumn"": 0.15977979187042465}",summer,summer,213,0.7792946659308848,0.2207053340691153,153,Day leaning,Mango,Orange,Musk,Ginger,Jasmine,0.10536339824519202,0.5013575326820343,0.3020183530165592,1.0568179424758426,0.432838456867824,1.8130235023866705,0.15977979187042465,0.6022053079966561
cannabis,388,55.11340206185567,"[""cannabis"", ""Patchouli"", ""Musk"", ""Tobacco"", ""Vetiver""]","{""winter"": 0.2092948793553375, ""spring"": 0.2792677036484865, ""summer"": 0.2152826318539247, ""autumn"": 0.2961547851422514}",autumn,autumn,185,0.5477580100236336,0.4522419899763663,128,Neutral,cannabis,Patchouli,Musk,Tobacco,Vetiver,0.2092948793553375,0.9959014806298194,0.2792677036484865,0.9772092226248418,0.2152826318539247,0.9017509073275636,0.2961547851422514,1.1161986225761567
beeswax,349,45.78223495702006,"[""Beeswax"", ""Musk"", ""Honey"", ""Vanilla"", ""Jasmine""]","{""winter"": 0.2520125498336598, ""spring"": 0.2601666247358145, ""summer"": 0.1775177367192648, ""autumn"": 0.3103030887112605}",winter,autumn,164,0.5829013185863312,0.41709868141366885,122,Neutral,Beeswax,Musk,Honey,Vanilla,Jasmine,0.2520125498336598,1.199167759334086,0.2601666247358145,0.9103710231778963,0.1775177367192648,0.7435656967532297,0.3103030887112605,1.1695231601078795
Champagne,311,50.733118971061096,"[""Champagne"", ""Musk"", ""Rose"", ""Amber"", ""Vanilla""]","{""winter"": 0.17351701500691147, ""spring"": 0.32741451783486175, ""summer"": 0.27829083898945767, ""autumn"": 0.22077762816876906}",summer,spring,160,0.6724272726842127,0.32757272731578785,125,Day leaning,Champagne,Musk,Rose,Amber,Vanilla,0.17351701500691147,0.8256573342459216,0.32741451783486175,1.1456838090100672,0.27829083898945767,1.1656723740258261,0.22077762816876906,0.8321043482017112
wine,236,60.470338983050844,"[""Red Wine"", ""Musk"", ""Amber"", ""Vanilla"", ""Rose""]","{""winter"": 0.2627593007292675, ""spring"": 0.2377264433830242, ""summer"": 0.1711193617412163, ""autumn"": 0.328394894146492}",winter,autumn,101,0.5172918970323918,0.48270810296760813,69,Night leaning,Red Wine,Musk,Amber,Vanilla,Rose,0.2627593007292675,1.2503047253308732,0.2377264433830242,0.831848688196683,0.1711193617412163,0.7167649261002951,0.328394894146492,1.2377106394930983
sand,215,58.78139534883721,"[""Sand"", ""Musk"", ""Amber"", ""Sandalwood"", ""Vanilla""]","{""winter"": 0.11459265878521185, ""spring"": 0.27702623542408433, ""summer"": 0.4196596046544095, ""autumn"": 0.18872150113629443}",summer,summer,103,0.7357478285891562,0.2642521714108435,80,Day leaning,Sand,Musk,Amber,Sandalwood,Vanilla,0.11459265878521185,0.5452737253057394,0.27702623542408433,0.9693659117353615,0.4196596046544095,1.7578214554837597,0.18872150113629443,0.7112857538926985
alcohol,154,43.077922077922075,"[""Liquor"", ""Vanilla"", ""Amber"", ""Patchouli"", ""Musk""]","{""winter"": 0.33609445458684306, ""spring"": 0.19409464794814232, ""summer"": 0.12199529884655623, ""autumn"": 0.3478155986184579}",winter,autumn,90,0.4329138340161253,0.567086165983875,74,Night leaning,Liquor,Vanilla,Amber,Patchouli,Musk,0.33609445458684306,1.5992601729459013,0.19409464794814232,0.6791729854870184,0.12199529884655623,0.5109997517088317,0.3478155986184579,1.3109067000283172
gourmand,151,48.93377483443709,"[""Candy apple"", ""Vanilla"", ""Musk"", ""Jasmine"", ""Sandalwood""]","{""winter"": 0.22057540676415419, ""spring"": 0.27949497044159427, ""summer"": 0.22236328909569097, ""autumn"": 0.2775663336985606}",winter,spring,66,0.66814372548882,0.3318562745111801,53,Neutral,Candy apple,Vanilla,Musk,Jasmine,Sandalwood,0.22057540676415419,1.0495783502375673,0.27949497044159427,0.9780044710668199,0.22236328909569097,0.9314095427560388,0.2775663336985606,1.046139299079812
oily,132,39.446969696969695,"[""Oily Notes"", ""Vanilla"", ""Coconut"", ""Sugar"", ""Olive""]","{""winter"": 0.16810596370702707, ""spring"": 0.28493069834159174, ""summer"": 0.31520823823239774, ""autumn"": 0.23175509971898345}",summer,summer,9,0.6894272366719674,0.3105727633280328,7,Day leaning,Oily Notes,Vanilla,Coconut,Sugar,Olive,0.16810596370702707,0.7999095757822774,0.28493069834159174,0.9970250859326287,0.31520823823239774,1.3203076921507155,0.23175509971898345,0.8734781136731445
coca-cola,90,76.41111111111111,"[""Coca-Cola"", ""Vanilla"", ""Lime"", ""Cinnamon"", ""Amber""]","{""winter"": 0.2401331670166453, ""spring"": 0.2431820821920819, ""summer"": 0.2296379155060254, ""autumn"": 0.2870468352852475}",winter,autumn,56,0.559899093919091,0.44010090608090896,40,Neutral,Coca-Cola,Vanilla,Lime,Cinnamon,Amber,0.2401331670166453,1.1426413169630465,0.2431820821920819,0.8509389750070465,0.2296379155060254,0.9618806537300034,0.2870468352852475,1.0818710290510434
vodka,87,57.206896551724135,"[""Vodka"", ""Musk"", ""Ginger"", ""Amber"", ""Lime""]","{""winter"": 0.19789523150205934, ""spring"": 0.2871387065971938, ""summer"": 0.2911287076744269, ""autumn"": 0.2238373542263201}",summer,summer,52,0.5827984223740007,0.41720157762599913,42,Neutral,Vodka,Musk,Ginger,Amber,Lime,0.19789523150205934,0.9416577924387507,0.2871387065971938,1.0047513142175937,0.2911287076744269,1.2194461486918573,0.2238373542263201,0.8436363651814753
paper,58,49.86206896551724,"[""Paper"", ""Amber"", ""Leather"", ""Rose"", ""Sandalwood""]","{""winter"": 0.2831262947649502, ""spring"": 0.2127266327103992, ""summer"": 0.10260667168039876, ""autumn"": 0.40154040084425185}",autumn,autumn,18,0.5196087551949006,0.4803912448050994,11,Night leaning,Paper,Amber,Leather,Rose,Sandalwood,0.2831262947649502,1.3472183219682667,0.2127266327103992,0.7443697379493099,0.10260667168039876,0.42978692005420227,0.40154040084425185,1.5133938900083932
clay,43,65.25581395348837,"[""Clay"", ""Vetiver"", ""Musk"", ""Amber"", ""Earthy Notes""]","{""winter"": 0.17246501637385664, ""spring"": 0.3068332885746939, ""summer"": 0.241535883510175, ""autumn"": 0.2791658115412744}",spring,spring,23,0.7147815463950955,0.2852184536049044,14,Day leaning,Clay,Vetiver,Musk,Amber,Earthy Notes,0.17246501637385664,0.8206515405088416,0.3068332885746939,1.0736662903953567,0.241535883510175,1.011717481488483,0.2791658115412744,1.052167683743665
plastic,39,62.0,"[""Plastic"", ""Musk"", ""latex"", ""Leather"", ""Metallic notes""]","{""winter"": 0.2395361841589798, ""spring"": 0.25283093277013463, ""summer"": 0.25218853376010836, ""autumn"": 0.25544434931077714}",winter,autumn,24,0.5447451444522431,0.4552548555477569,18,Neutral,Plastic,Musk,latex,Leather,Metallic notes,0.2395361841589798,1.139800654479134,0.25283093277013463,0.884702083484747,0.25218853376010836,1.0563380667423765,0.25544434931077714,0.9627621944673216
vinyl,37,64.1891891891892,"[""Vinyl"", ""Musk"", ""Rose"", ""Patchouli"", ""Sandalwood""]","{""winter"": 0.23179401839321795, ""spring"": 0.2893776170428878, ""summer"": 0.19296217564492035, ""autumn"": 0.2858661889189738}",winter,spring,27,0.5443936220911761,0.4556063779088238,24,Neutral,Vinyl,Musk,Rose,Patchouli,Sandalwood,0.23179401839321795,1.1029606019506004,0.2893776170428878,1.0125856749674393,0.19296217564492035,0.8082575703820551,0.2858661889189738,1.0774212078295113
asphault,29,51.89655172413793,"[""Asphalt"", ""Leather"", ""Woody Notes"", ""Lavender"", ""Patchouli""]","{""winter"": 0.2382103573268877, ""spring"": 0.28460824777913474, ""summer"": 0.19111776767366206, ""autumn"": 0.2860636272203155}",winter,autumn,15,0.5073749592396077,0.4926250407603923,13,Night leaning,Asphalt,Leather,Woody Notes,Lavender,Patchouli,0.2382103573268877,1.1334918861556742,0.28460824777913474,0.995896771919383,0.19111776767366206,0.8005319282935986,0.2860636272203155,1.0781653469454655
gasoline,25,37.56,"[""Gasoline"", ""Leather"", ""Amber"", ""Metallic notes"", ""Woody Notes""]","{""winter"": 0.28600292740743877, ""spring"": 0.22007697544881386, ""summer"": 0.16074408999174045, ""autumn"": 0.33317600715200685}",winter,autumn,14,0.46605605211478784,0.5339439478852122,9,Night leaning,Gasoline,Leather,Amber,Metallic notes,Woody Notes,0.28600292740743877,1.36090639076721,0.22007697544881386,0.7700899433994658,0.16074408999174045,0.6733061917226507,0.33317600715200685,1.2557305129473575
rubber,21,53.285714285714285,"[""Rubber"", ""Leather"", ""Cedar"", ""Patchouli"", ""Musk""]","{""winter"": 0.3214481223036293, ""spring"": 0.1974980755214554, ""summer"": 0.1267655222585247, ""autumn"": 0.35428827991639067}",winter,autumn,10,0.36662889088844364,0.6333711091115564,5,Night leaning,Rubber,Leather,Cedar,Patchouli,Musk,0.3214481223036293,1.529567574390327,0.1974980755214554,0.6910822065309365,0.1267655222585247,0.5309807100093437,0.35428827991639067,1.3353020443265926
milky,20,50.6,"[""Fig Milk"", ""Sandalwood"", ""Massoia"", ""Musk"", ""Fig Leaf""]","{""winter"": 0.20180375276575846, ""spring"": 0.2992469381035464, ""summer"": 0.23129992042642136, ""autumn"": 0.2676493887042737}",spring,spring,9,0.6177884167114936,0.3822115832885064,5,Neutral,Fig Milk,Sandalwood,Massoia,Musk,Fig Leaf,0.20180375276575846,0.9602559641932659,0.2992469381035464,1.0471202503426877,0.23129992042642136,0.9688422670847067,0.2676493887042737,1.0087626268188197
industrial glue,12,57.416666666666664,"[""Industrial glue"", ""Leather"", ""Musk"", ""Ink"", ""Hawthorn""]","{""winter"": 0.22381537506727023, ""spring"": 0.2813159630482813, ""summer"": 0.2138296293642817, ""autumn"": 0.2810390325201667}",winter,spring,8,0.5512262737262736,0.4487737262737263,5,Neutral,Industrial glue,Leather,Musk,Ink,Hawthorn,0.22381537506727023,1.0649953028176098,0.2813159630482813,0.9843764601881473,0.2138296293642817,0.8956647391025586,0.2810390325201667,1.0592277981882654
hot iron,10,37.5,"[""Hot iron"", ""Musk"", ""Metallic notes"", ""Cedar"", ""Amber""]","{""winter"": 0.24834695718286182, ""spring"": 0.23383057798088183, ""summer"": 0.20148045100709897, ""autumn"": 0.31634201382915733}",autumn,autumn,6,0.5997811379632274,0.40021886203677265,5,Neutral,Hot iron,Musk,Metallic notes,Cedar,Amber,0.24834695718286182,1.181725530649085,0.23383057798088183,0.8182163363302083,0.20148045100709897,0.8439379337748745,0.31634201382915733,1.1922836901975733
sake,9,50.333333333333336,"[""Sake"", ""Rose"", ""Musk"", ""Cherry Blossom"", ""Vetiver""]","{""winter"": 0.22707833371042574, ""spring"": 0.32380524316584697, ""summer"": 0.20262909547560448, ""autumn"": 0.24648732764812284}",spring,spring,4,0.44149144573592797,0.5585085542640721,3,Night leaning,Sake,Rose,Musk,Cherry Blossom,Vetiver,0.22707833371042574,1.0805216518327492,0.32380524316584697,1.1330542909975334,0.20262909547560448,0.8487492424380576,0.24648732764812284,0.9290034448410499
spice,8,52.125,"[""Amber"", ""Clove"", ""Tonka Bean"", ""Vanilla"", ""Cherry Tree""]","{""winter"": 0.25499956079992975, ""spring"": 0.2507816134583915, ""summer"": 0.16883989368104965, ""autumn"": 0.3253789320606291}",autumn,autumn,3,0.45250236071765815,0.5474976392823419,2,Night leaning,Amber,Clove,Tonka Bean,Vanilla,Cherry Tree,0.25499956079992975,1.2133810485131071,0.2507816134583915,0.8775311370939705,0.16883989368104965,0.7072169547949544,0.3253789320606291,1.226343567627739
bacon,7,74.57142857142857,"[""Guaiac Wood"", ""Maple"", ""Pepper"", ""Nutmeg"", ""Grapefruit""]","{""winter"": 0.39502164502164505, ""spring"": 0.10551948051948051, ""summer"": 0.06926406926406926, ""autumn"": 0.4301948051948052}",winter,autumn,2,0.6296296296296297,0.37037037037037035,1,Neutral,Guaiac Wood,Maple,Pepper,Nutmeg,Grapefruit,0.39502164502164505,1.8796572681072168,0.10551948051948051,0.36923213168970215,0.06926406926406926,0.2901252960640773,0.4301948051948052,1.621391492179383
varnish,5,33.6,"[""Varnish Accord"", ""Paper"", ""Cedar"", ""Amber"", ""Rose Oxide""]","{""winter"": 0.25331614195224644, ""spring"": 0.23704169021292779, ""summer"": 0.15404273815207134, ""autumn"": 0.35559942968275443}",autumn,autumn,3,0.6320770732535439,0.36792292674645616,3,Neutral,Varnish Accord,Paper,Cedar,Amber,Rose Oxide,0.25331614195224644,1.2053707267694893,0.23704169021292779,0.8294526105110153,0.15404273815207134,0.6452363467486114,0.35559942968275443,1.3402437290017308
Pear,4,83.0,"[""Ambroxan"", ""Vetiver"", ""Jasmine"", ""Borneol"", ""Mugane""]","{""winter"": 0.148068669527897, ""spring"": 0.3649856938483548, ""summer"": 0.2907725321888412, ""autumn"": 0.19617310443490701}",spring,spring,1,0.7518220176448025,0.24817798235519756,1,Day leaning,Ambroxan,Vetiver,Jasmine,Borneol,Mugane,0.148068669527897,0.7045648114847651,0.3649856938483548,1.27715228612212,0.2907725321888412,1.2179542421477536,0.19617310443490701,0.7393706262472013
meat,4,75.25,"[""Fire"", ""Salt"", ""Spray Paint"", ""Bluebell"", ""Strawberry Syrup""]","{""winter"": 0.3135306553911205, ""spring"": 0.22755461592670892, ""summer"": 0.159830866807611, ""autumn"": 0.29908386187455954}",winter,winter,3,0.36923076923076925,0.6307692307692307,2,Night leaning,Fire,Salt,Spray Paint,Bluebell,Strawberry Syrup,0.3135306553911205,1.4918933749770769,0.22755461592670892,0.7962555871277126,0.159830866807611,0.6694809884176295,0.29908386187455954,1.1272382261147313
bbq,3,79.66666666666667,"[""Ember"", ""Pecan"", ""Smoke"", ""Spices"", ""Cedarwood""]","{""winter"": 0.2702702702702703, ""spring"": 0.13513513513513514, ""summer"": 0.2702702702702703, ""autumn"": 0.32432432432432434}",winter,autumn,1,,,0,INSUFFICIENT_DATA,Ember,Pecan,Smoke,Spices,Cedarwood,0.2702702702702703,1.2860446617779107,0.13513513513513514,0.47286277156103235,0.2702702702702703,1.1320767464662476,0.32432432432432434,1.22236878227333
tennis ball,3,96.66666666666667,"[""Laurels"", ""Lime (Linden) Blossom"", ""Ivy"", ""Oakmoss"", ""Vetiver""]","{""winter"": 0.0371965348084751, ""spring"": 0.4617875656681627, ""summer"": 0.42854121003374734, ""autumn"": 0.07247468948961487}",summer,spring,3,0.9178143245531935,0.0821856754468066,3,Day leaning,Laurels,Lime (Linden) Blossom,Ivy,Oakmoss,Vetiver,0.0371965348084751,0.17699469860017988,0.4617875656681627,1.6158798964895953,0.42854121003374734,1.79502369349234,0.07247468948961487,0.27315496030592956
wet plaster,2,71.5,"[""Carrot Seeds"", ""Pink Grapefruit"", ""Green Leaves"", ""Apricot"", ""Ambergris""]","{""winter"": 0.03896103896103896, ""spring"": 0.42207792207792205, ""summer"": 0.42207792207792205, ""autumn"": 0.11688311688311688}",summer,spring,1,0.8421052631578947,0.15789473684210525,1,Day leaning,Carrot Seeds,Pink Grapefruit,Green Leaves,Apricot,Ambergris,0.03896103896103896,0.18539085384071177,0.42207792207792205,1.4769285267588086,0.42207792207792205,1.767951022890471,0.11688311688311688,0.4405290091959079
brown scotch tape,1,93.0,"[""Industrial glue"", ""Hawthorn"", ""Lilac"", ""Styrax"", ""Aldehydes""]","{""winter"": 0.18475073313782991, ""spring"": 0.36363636363636365, ""summer"": 0.21407624633431085, ""autumn"": 0.2375366568914956}",spring,spring,1,0.6868131868131868,0.3131868131868132,1,Day leaning,Industrial glue,Hawthorn,Lilac,Styrax,Aldehydes,0.18475073313782991,0.8791114682124075,0.36363636363636365,1.2724307307460505,0.21407624633431085,0.8966977396496583,0.2375366568914956,0.8952686315916838
foresty,1,44.0,"[""Cedar Leaves"", ""Green Apple"", ""Pineapple"", ""Geranium"", ""Grapefruit""]","{""winter"": 0.08366533864541832, ""spring"": 0.33266932270916333, ""summer"": 0.3207171314741036, ""autumn"": 0.26294820717131473}",summer,spring,1,0.6027397260273972,0.3972602739726027,1,Neutral,Cedar Leaves,Green Apple,Pineapple,Geranium,Grapefruit,0.08366533864541832,0.398110239920891,0.33266932270916333,1.1640713408269396,0.3207171314741036,1.3433827049202065,0.26294820717131473,0.9910440127196121
