accord,accord_frequency,eligible_perfume_count,mean_winter_share,corpus_winter_share,winter_lift,mean_spring_share,corpus_spring_share,spring_lift,mean_summer_share,corpus_summer_share,summer_lift,mean_autumn_share,corpus_autumn_share,autumn_lift,dominant_season_by_share,strongest_season_by_lift,second_season_by_lift,weakest_season_by_lift
woody,81432,37480,0.21864752473550414,0.21015620864724194,1.0404047833890804,0.2784235568854112,0.2857808718775258,0.9742553973477005,0.2243747580069612,0.23873846990843414,0.9398349503245873,0.27855416037210706,0.265324449566811,1.0498623885846023,autumn,autumn,winter,summer
powdery,62885,28312,0.21895956910746753,0.21015620864724194,1.0418896044846455,0.2838308770487645,0.2857808718775258,0.9931766083014925,0.22545399896749344,0.23873846990843414,0.9443555496270214,0.27175555487625164,0.265324449566811,1.0242386456277985,spring,winter,autumn,summer
sweet,60625,28279,0.22136511916918142,0.21015620864724194,1.0533360903020201,0.2766405707750666,0.2857808718775258,0.968016399969637,0.23402766523434143,0.23873846990843414,0.980267928013866,0.26796664482138743,0.265324449566811,1.0099583557372502,spring,winter,autumn,spring
citrus,59969,26244,0.16019866011539244,0.21015620864724194,0.762283737161885,0.3171496691591755,0.2857808718775258,1.109765209531214,0.2938582203426821,0.23873846990843414,1.2308792146292493,0.22879345038272828,0.265324449566811,0.8623157449540514,spring,summer,spring,winter
aromatic,54606,24714,0.18901341077541678,0.21015620864724194,0.8993948453489926,0.29485247611141957,0.2857808718775258,1.031743217012024,0.2583451640018851,0.23873846990843414,1.08212624509561,0.2577889491112615,0.265324449566811,0.9715989217433503,spring,summer,spring,winter
fresh spicy,47271,21398,0.18731769183870656,0.21015620864724194,0.8913259952891945,0.29638762841027255,0.2857808718775258,1.037114998155973,0.2621199511637916,0.23873846990843414,1.0979376355403685,0.25417472858721785,0.265324449566811,0.9579770315257525,spring,summer,spring,winter
floral,46586,20332,0.17345172817065915,0.21015620864724194,0.8253466756331089,0.32149063161293673,0.2857808718775258,1.1249550381059608,0.272376835059355,0.23873846990843414,1.140900480613043,0.23268080515703518,0.265324449566811,0.8769670700793978,spring,summer,spring,winter
amber,45478,19876,0.2645594786204693,0.21015620864724194,1.2588706292496268,0.24628877194666524,0.2857808718775258,0.8618098556722673,0.17882767148850287,0.23873846990843414,0.7490525995123053,0.31032407794435074,0.265324449566811,1.1696022679063673,autumn,winter,autumn,summer
warm spicy,45319,20587,0.28021377302038486,0.21015620864724194,1.3333594797131982,0.23449226196841674,0.2857808718775258,0.8205316906896089,0.16074995865189903,0.23873846990843414,0.673330773685335,0.3245440063592849,0.265324449566811,1.2231967573631464,autumn,winter,autumn,summer
fruity,43222,20473,0.18307217298352654,0.21015620864724194,0.8711242659065221,0.305618378832726,0.2857808718775258,1.0694150970457594,0.27183870433462,0.23873846990843414,1.1386464210769263,0.2394707438491144,0.265324449566811,0.9025581481092024,spring,summer,spring,winter
musky,41154,18127,0.19195417822992994,0.21015620864724194,0.913388091008698,0.3028038487037306,0.2857808718775258,1.0595665368167124,0.25623706761476595,0.23873846990843414,1.0732960955686917,0.2490049054515681,0.265324449566811,0.9384921210921667,spring,summer,spring,winter
white floral,39497,16700,0.1744990347231093,0.21015620864724194,0.830330142736896,0.3174141624159521,0.2857808718775258,1.1106907202382077,0.2749179173645839,0.23873846990843414,1.1515442713108868,0.23316888549635353,0.265324449566811,0.8788066304369722,spring,summer,spring,winter
vanilla,34562,16355,0.26701514159116074,0.21015620864724194,1.2705555705915854,0.2459143700984436,0.2857808718775258,0.8604997545246227,0.18569350189952147,0.23873846990843414,0.7778113932402366,0.30137698641088,0.265324449566811,1.1358809446431761,autumn,winter,autumn,summer
fresh,33478,14966,0.13611829365998704,0.21015620864724194,0.6477005582474541,0.340139846269124,0.2857808718775258,1.1902120811461947,0.323223107728945,0.23873846990843414,1.353879447467826,0.20051875234193792,0.265324449566811,0.7557492446298114,spring,summer,spring,winter
green,29755,13440,0.13783860059165134,0.21015620864724194,0.6558864069679738,0.33959152088395245,0.2857808718775258,1.1882933894522083,0.31112069974374923,0.23873846990843414,1.303186285239562,0.21144917878064626,0.265324449566811,0.7969456984679488,spring,summer,spring,winter
rose,25617,10486,0.2064051591715991,0.21015620864724194,0.9821511365294033,0.30455729652248986,0.2857808718775258,1.0657021742624218,0.23071088110949461,0.23873846990843414,0.9663749675449523,0.25832666319641767,0.265324449566811,0.9736255502204246,spring,spring,winter,summer
earthy,19049,8404,0.21773574227764228,0.21015620864724194,1.0360661894273273,0.2803879403662623,0.2857808718775258,0.9811291375947138,0.20994428070322294,0.23873846990843414,0.8793902414794945,0.2919320366528698,0.265324449566811,1.10028320846232,autumn,autumn,winter,summer
animalic,18242,7217,0.24522152410309814,0.21015620864724194,1.1668535784955807,0.2666635424701853,0.2857808718775258,0.933104937073838,0.19834613404657447,0.23873846990843414,0.8308092705907357,0.2897687993801357,0.265324449566811,1.0921300311872293,autumn,winter,autumn,summer
balsamic,18162,7967,0.2978898728322652,0.21015620864724194,1.4174688187884505,0.22087223061946368,0.2857808718775258,0.7728726879737445,0.14532630465825896,0.23873846990843414,0.6087259615678926,0.33591159189001496,0.265324449566811,1.2660408508844545,autumn,winter,autumn,summer
patchouli,14822,6369,0.2662176714497331,0.21015620864724194,1.2667609163838371,0.24719568822815108,0.2857808718775258,0.8649833230759028,0.1704520345964058,0.23873846990843414,0.7139697035914699,0.31613460572570584,0.265324449566811,1.1915019751924536,autumn,winter,autumn,summer
soft spicy,13661,6014,0.2120067505043652,0.21015620864724194,1.0088055540639749,0.28791968565299253,0.2857808718775258,1.0074841040319287,0.23162286812795863,0.23873846990843414,0.9701949929426764,0.26845069571468033,0.265324449566811,1.0117827292319779,spring,autumn,winter,summer
leather,10809,5086,0.3003466598489971,0.21015620864724194,1.4291591087520261,0.22410897057277568,0.2857808718775258,0.7841986382798207,0.1354944162465131,0.23873846990843414,0.5675432882621753,0.34004995333170823,0.265324449566811,1.2816382127123973,autumn,winter,autumn,summer
aquatic,8872,4236,0.10900378417787691,0.21015620864724194,0.5186798185955352,0.34907129738194664,0.2857808718775258,1.2214648765280014,0.36756931835619794,0.23873846990843414,1.5396317086943534,0.17435560008397652,0.265324449566811,0.6571410978846571,summer,summer,spring,winter
herbal,8607,3833,0.15960114406678927,0.21015620864724194,0.7594405375607439,0.3120953752802428,0.2857808718775258,1.092079302683331,0.2833136897746153,0.23873846990843414,1.1867115085527589,0.24498979087835349,0.265324449566811,0.9233592730648931,spring,summer,spring,winter
lavender,8336,3884,0.1917947337019495,0.21015620864724194,0.9126293957076799,0.2988195454650124,0.2857808718775258,1.045624724642433,0.24730811573989253,0.23873846990843414,1.0358955380536081,0.26207760509314604,0.265324449566811,0.9877627392463604,spring,spring,summer,winter
oud,8298,3430,0.3341763645003337,0.21015620864724194,1.5901331997346129,0.20383248313046004,0.2857808718775258,0.7132474675135516,0.12028498659112433,0.23873846990843414,0.5038357941946201,0.3417061657780825,0.265324449566811,1.2878804284187835,autumn,winter,autumn,summer
violet,7614,3290,0.1968407954241212,0.21015620864724194,0.9366404004486427,0.3157302320284161,0.2857808718775258,1.1047983371109784,0.22739287755437695,0.23873846990843414,0.9524768992680205,0.26003609499308694,0.265324449566811,0.9800683480834192,spring,spring,autumn,winter
iris,7451,3647,0.22436949971405848,0.21015620864724194,1.0676320302802678,0.2904693972872822,0.2857808718775258,1.016406015486459,0.19698046695271473,0.23873846990843414,0.8250889227373566,0.28818063604594435,0.265324449566811,1.0861442905712237,spring,autumn,winter,summer
smoky,7407,3318,0.31324673630948074,0.21015620864724194,1.4905423842855938,0.2075888912504102,0.2857808718775258,0.7263918326184351,0.12797528746121073,0.23873846990843414,0.5360480341115298,0.35118908497889906,0.265324449566811,1.3236212703061374,autumn,winter,autumn,summer
lactonic,7015,3348,0.20736409515004262,0.21015620864724194,0.9867141041648404,0.2801955680859667,0.2857808718775258,0.9804559914914363,0.2643059387891367,0.23873846990843414,1.1070940468476185,0.24813439797485526,0.265324449566811,0.9352112041690032,spring,summer,winter,autumn
yellow floral,6986,3153,0.18057612267815704,0.21015620864724194,0.8592471468747488,0.3169861868960967,0.2857808718775258,1.1091931549286624,0.25441366454382003,0.23873846990843414,1.0656584363692956,0.24802402588192698,0.265324449566811,0.9347952150164449,spring,spring,summer,winter
tropical,6512,3278,0.13406948105554578,0.21015620864724194,0.6379515595496317,0.31171654393218146,0.2857808718775258,1.0907537018984623,0.3662705489044589,0.23873846990843414,1.5341915739216159,0.1879434261078146,0.265324449566811,0.7083532121320346,summer,summer,spring,winter
mossy,6173,2755,0.19167794431548413,0.21015620864724194,0.9120736691497203,0.29535456811162575,0.2857808718775258,1.0335001295615154,0.2379380182088416,0.23873846990843414,0.996647160803621,0.2750294693640499,0.265324449566811,1.0365779324637594,spring,autumn,spring,winter
ozonic,5777,2844,0.12263046284022844,0.21015620864724194,0.5835205327960118,0.3461644826869854,0.2857808718775258,1.2112933955752558,0.34100684027133593,0.23873846990843414,1.4283698827513045,0.1901982142014515,0.265324449566811,0.7168514417423033,spring,summer,spring,winter
tobacco,4372,1966,0.3338327524820191,0.21015620864724194,1.5884981682476706,0.19722055010396602,0.2857808718775258,0.6901110938890508,0.11086023381748153,0.23873846990843414,0.4643584834065533,0.35808646359653457,0.265324449566811,1.3496172862364322,autumn,winter,autumn,summer
marine,4326,1914,0.0975495351433142,0.21015620864724194,0.46417631804091086,0.3253766377026482,0.2857808718775258,1.1385528904191025,0.40464429040498623,0.23873846990843414,1.6949270495039348,0.1724295367490512,0.265324449566811,0.6498818221636674,summer,summer,spring,winter
cinnamon,4259,1991,0.3375099095073334,0.21015620864724194,1.6059954244504917,0.1896069447506146,0.2857808718775258,0.663469683974764,0.11408281524637985,0.23873846990843414,0.47785685855377735,0.3588003304956736,0.265324449566811,1.3523078294574,autumn,winter,autumn,summer
caramel,4008,1937,0.2972564863726937,0.21015620864724194,1.4144549346703055,0.22466014170883214,0.2857808718775258,0.7861272877812215,0.16327270165833607,0.23873846990843414,0.6838977468564565,0.31481067026013726,0.265324449566811,1.1865121015953157,autumn,winter,autumn,summer
tuberose,3931,1867,0.20112702950609884,0.21015620864724194,0.9570358677515969,0.305920664846557,0.2857808718775258,1.0704728515828108,0.22969677563865143,0.23873846990843414,0.9621272002235309,0.2632555300086924,0.265324449566811,0.9922023034006233,spring,spring,autumn,winter
nutty,3619,1890,0.27924572339132087,0.21015620864724194,1.3287531459993611,0.23181892166223964,0.2857808718775258,0.8111771797014738,0.17667362906303094,0.23873846990843414,0.7400299965514248,0.3122617258834084,0.265324449566811,1.1769052056575666,autumn,winter,autumn,summer
aldehydic,3556,1516,0.1712056148478458,0.21015620864724194,0.8146588480534652,0.3119769814136177,0.2857808718775258,1.0916650206992107,0.28895362920298423,0.23873846990843414,1.2103354323825968,0.22786377453555104,0.265324449566811,0.8588118241932806,spring,summer,spring,winter
honey,3467,1582,0.27228940647460326,0.21015620864724194,1.295652449324755,0.24486520405448808,0.2857808718775258,0.8568285289556659,0.17085607868001942,0.23873846990843414,0.7156621165644131,0.3119893107908885,0.265324449566811,1.1758784812340743,autumn,winter,autumn,summer
almond,3438,1733,0.2713632865117341,0.21015620864724194,1.2912456322774237,0.25115643242841007,0.2857808718775258,0.8788426978277455,0.16964037608023366,0.23873846990843414,0.7105699225822198,0.3078399049796217,0.265324449566811,1.16023949350399,autumn,winter,autumn,summer
coconut,3269,1610,0.16217080745924448,0.21015620864724194,0.7716679345479465,0.27414726569509673,0.2857808718775258,0.9592918654562199,0.35779641629465186,0.23873846990843414,1.4986961105676906,0.20588551055100648,0.265324449566811,0.7759763975281996,summer,summer,spring,winter
salty,2520,1152,0.10366545443982429,0.21015620864724194,0.49327809588453375,0.31402781364970145,0.2857808718775258,1.098841261091404,0.41282622007637676,0.23873846990843414,1.7291985670960877,0.1694805118340973,0.265324449566811,0.6387670345149274,summer,summer,spring,winter
metallic,2235,975,0.3075654312905965,0.21015620864724194,1.4635086599171618,0.22055543527365054,0.2857808718775258,0.7717641626069771,0.13864843039437594,0.23873846990843414,0.5807544567390133,0.333230703041377,0.265324449566811,1.255936660136052,autumn,winter,autumn,summer
cacao,2035,974,0.3586694393886462,0.21015620864724194,1.706680196113984,0.17876061906420945,0.2857808718775258,0.6255163891473431,0.10148400308495578,0.23873846990843414,0.4250844161139133,0.36108593846218817,0.265324449566811,1.3609222182566465,autumn,winter,autumn,summer
sour,1912,693,0.1531273665122731,0.21015620864724194,0.7286359394183082,0.31280740877007546,0.2857808718775258,1.0945708392412357,0.33575424619015354,0.23873846990843414,1.4063684261649532,0.19831097852749857,0.265324449566811,0.7474282104467803,summer,summer,spring,winter
conifer,1828,774,0.1844121181701818,0.21015620864724194,0.8775002145177023,0.28875661041240636,0.2857808718775258,1.0104126581857298,0.27552155675807455,0.23873846990843414,1.1540727259571875,0.2513097146593379,0.265324449566811,0.947178878801578,spring,summer,spring,winter
coffee,1815,900,0.35451128165729295,0.21015620864724194,1.6868941628670056,0.1785168847618191,0.2857808718775258,0.6246635178519724,0.0973626057339377,0.23873846990843414,0.40782118512898313,0.3696092278469507,0.265324449566811,1.3930462437608107,autumn,winter,autumn,summer
cherry,1803,887,0.2615162288557618,0.21015620864724194,1.2443897353264985,0.26118732123858146,0.2857808718775258,0.9139426285693321,0.18557210573692065,0.23873846990843414,0.7773029030809113,0.291724344168737,0.265324449566811,1.0995004216348265,autumn,winter,autumn,summer
soapy,1720,669,0.13343167330790107,0.21015620864724194,0.6349166373279651,0.36021753730335515,0.2857808718775258,1.26046762660074,0.31830400847246426,0.23873846990843414,1.3332748953050872,0.18804678091628074,0.265324449566811,0.7087427533470825,spring,summer,spring,winter
chocolate,1554,764,0.3546849554032703,0.21015620864724194,1.6877205659844545,0.18101884064156273,0.2857808718775258,0.633418323109953,0.11129520246749117,0.23873846990843414,0.46618042961478884,0.3530010014876766,0.265324449566811,1.3304503300167514,winter,winter,autumn,summer
anis,1418,648,0.23175603403827466,0.21015620864724194,1.1027798585160486,0.2678281122862869,0.2857808718775258,0.9371799817346321,0.21121991741108273,0.23873846990843414,0.8847334804989498,0.2891959362643559,0.265324449566811,1.0899709270537234,autumn,winter,autumn,summer
rum,1166,679,0.32969561648412954,0.21015620864724194,1.5688121640866708,0.19282319469480227,0.2857808718775258,0.6747239359583119,0.13164587232214484,0.23873846990843414,0.5514229540494096,0.345835316498924,0.265324449566811,1.3034430753123627,autumn,winter,autumn,summer
bitter,1034,373,0.136662657233096,0.21015620864724194,0.6502908389563277,0.32294363731076764,0.2857808718775258,1.130039373136101,0.3297042946717052,0.23873846990843414,1.381027091269204,0.2106894107844313,0.265324449566811,0.7940821553702229,summer,summer,spring,winter
whiskey,808,356,0.3581749777570593,0.21015620864724194,1.7043273670694856,0.17444010134933988,0.2857808718775258,0.6103981004862281,0.09123279112457758,0.23873846990843414,0.38214532898518216,0.3761521297690228,0.265324449566811,1.41770624751378,autumn,winter,autumn,summer
camphor,793,345,0.17470952320174973,0.21015620864724194,0.8313317237988848,0.3018205330491489,0.2857808718775258,1.0561257339102004,0.2659599888143852,0.23873846990843414,1.1140223396605986,0.25750995493471635,0.265324449566811,0.9705474009468287,spring,summer,spring,winter
mineral,770,364,0.17363579387768352,0.21015620864724194,0.8262225274968686,0.2863212518505548,0.2857808718775258,1.0018908892308949,0.300664452844095,0.23873846990843414,1.259388371549051,0.2393785014276666,0.265324449566811,0.9022104891520335,summer,summer,spring,winter
savory,654,324,0.2614394294919666,0.21015620864724194,1.2440242959027024,0.26123718280175484,0.2857808718775258,0.9141171033788104,0.18486797426308232,0.23873846990843414,0.774353518869358,0.29245541344319614,0.265324449566811,1.1022558000993923,autumn,winter,autumn,summer
terpenic,557,213,0.10536339824519202,0.21015620864724194,0.5013575326820343,0.3020183530165592,0.2857808718775258,1.0568179424758426,0.432838456867824,0.23873846990843414,1.8130235023866705,0.15977979187042465,0.265324449566811,0.6022053079966561,summer,summer,spring,winter
cannabis,388,185,0.2092948793553375,0.21015620864724194,0.9959014806298194,0.2792677036484865,0.2857808718775258,0.9772092226248418,0.2152826318539247,0.23873846990843414,0.9017509073275636,0.2961547851422514,0.265324449566811,1.1161986225761567,autumn,autumn,winter,summer
beeswax,349,164,0.2520125498336598,0.21015620864724194,1.199167759334086,0.2601666247358145,0.2857808718775258,0.9103710231778963,0.1775177367192648,0.23873846990843414,0.7435656967532297,0.3103030887112605,0.265324449566811,1.1695231601078795,autumn,winter,autumn,summer
Champagne,311,160,0.17351701500691147,0.21015620864724194,0.8256573342459216,0.32741451783486175,0.2857808718775258,1.1456838090100672,0.27829083898945767,0.23873846990843414,1.1656723740258261,0.22077762816876906,0.265324449566811,0.8321043482017112,spring,summer,spring,winter
wine,236,101,0.2627593007292675,0.21015620864724194,1.2503047253308732,0.2377264433830242,0.2857808718775258,0.831848688196683,0.1711193617412163,0.23873846990843414,0.7167649261002951,0.328394894146492,0.265324449566811,1.2377106394930983,autumn,winter,autumn,summer
sand,215,103,0.11459265878521185,0.21015620864724194,0.5452737253057394,0.27702623542408433,0.2857808718775258,0.9693659117353615,0.4196596046544095,0.23873846990843414,1.7578214554837597,0.18872150113629443,0.265324449566811,0.7112857538926985,summer,summer,spring,winter
alcohol,154,90,0.33609445458684306,0.21015620864724194,1.5992601729459013,0.19409464794814232,0.2857808718775258,0.6791729854870184,0.12199529884655623,0.23873846990843414,0.5109997517088317,0.3478155986184579,0.265324449566811,1.3109067000283172,autumn,winter,autumn,summer
gourmand,151,66,0.22057540676415419,0.21015620864724194,1.0495783502375673,0.27949497044159427,0.2857808718775258,0.9780044710668199,0.22236328909569097,0.23873846990843414,0.9314095427560388,0.2775663336985606,0.265324449566811,1.046139299079812,spring,winter,autumn,summer
oily,132,9,0.16810596370702707,0.21015620864724194,0.7999095757822774,0.28493069834159174,0.2857808718775258,0.9970250859326287,0.31520823823239774,0.23873846990843414,1.3203076921507155,0.23175509971898345,0.265324449566811,0.8734781136731445,summer,summer,spring,winter
coca-cola,90,56,0.2401331670166453,0.21015620864724194,1.1426413169630465,0.2431820821920819,0.2857808718775258,0.8509389750070465,0.2296379155060254,0.23873846990843414,0.9618806537300034,0.2870468352852475,0.265324449566811,1.0818710290510434,autumn,winter,autumn,spring
vodka,87,52,0.19789523150205934,0.21015620864724194,0.9416577924387507,0.2871387065971938,0.2857808718775258,1.0047513142175937,0.2911287076744269,0.23873846990843414,1.2194461486918573,0.2238373542263201,0.265324449566811,0.8436363651814753,summer,summer,spring,autumn
paper,58,18,0.2831262947649502,0.21015620864724194,1.3472183219682667,0.2127266327103992,0.2857808718775258,0.7443697379493099,0.10260667168039876,0.23873846990843414,0.42978692005420227,0.40154040084425185,0.265324449566811,1.5133938900083932,autumn,autumn,winter,summer
clay,43,23,0.17246501637385664,0.21015620864724194,0.8206515405088416,0.3068332885746939,0.2857808718775258,1.0736662903953567,0.241535883510175,0.23873846990843414,1.011717481488483,0.2791658115412744,0.265324449566811,1.052167683743665,spring,spring,autumn,winter
plastic,39,24,0.2395361841589798,0.21015620864724194,1.139800654479134,0.25283093277013463,0.2857808718775258,0.884702083484747,0.25218853376010836,0.23873846990843414,1.0563380667423765,0.25544434931077714,0.265324449566811,0.9627621944673216,autumn,winter,summer,spring
vinyl,37,27,0.23179401839321795,0.21015620864724194,1.1029606019506004,0.2893776170428878,0.2857808718775258,1.0125856749674393,0.19296217564492035,0.23873846990843414,0.8082575703820551,0.2858661889189738,0.265324449566811,1.0774212078295113,spring,winter,autumn,summer
asphault,29,15,0.2382103573268877,0.21015620864724194,1.1334918861556742,0.28460824777913474,0.2857808718775258,0.995896771919383,0.19111776767366206,0.23873846990843414,0.8005319282935986,0.2860636272203155,0.265324449566811,1.0781653469454655,autumn,winter,autumn,summer
gasoline,25,14,0.28600292740743877,0.21015620864724194,1.36090639076721,0.22007697544881386,0.2857808718775258,0.7700899433994658,0.16074408999174045,0.23873846990843414,0.6733061917226507,0.33317600715200685,0.265324449566811,1.2557305129473575,autumn,winter,autumn,summer
rubber,21,10,0.3214481223036293,0.21015620864724194,1.529567574390327,0.1974980755214554,0.2857808718775258,0.6910822065309365,0.1267655222585247,0.23873846990843414,0.5309807100093437,0.35428827991639067,0.265324449566811,1.3353020443265926,autumn,winter,autumn,summer
milky,20,9,0.20180375276575846,0.21015620864724194,0.9602559641932659,0.2992469381035464,0.2857808718775258,1.0471202503426877,0.23129992042642136,0.23873846990843414,0.9688422670847067,0.2676493887042737,0.265324449566811,1.0087626268188197,spring,spring,autumn,winter
industrial glue,12,8,0.22381537506727023,0.21015620864724194,1.0649953028176098,0.2813159630482813,0.2857808718775258,0.9843764601881473,0.2138296293642817,0.23873846990843414,0.8956647391025586,0.2810390325201667,0.265324449566811,1.0592277981882654,spring,winter,autumn,summer
hot iron,10,6,0.24834695718286182,0.21015620864724194,1.181725530649085,0.23383057798088183,0.2857808718775258,0.8182163363302083,0.20148045100709897,0.23873846990843414,0.8439379337748745,0.31634201382915733,0.265324449566811,1.1922836901975733,autumn,autumn,winter,spring
sake,9,4,0.22707833371042574,0.21015620864724194,1.0805216518327492,0.32380524316584697,0.2857808718775258,1.1330542909975334,0.20262909547560448,0.23873846990843414,0.8487492424380576,0.24648732764812284,0.265324449566811,0.9290034448410499,spring,spring,winter,summer
spice,8,3,0.25499956079992975,0.21015620864724194,1.2133810485131071,0.2507816134583915,0.2857808718775258,0.8775311370939705,0.16883989368104965,0.23873846990843414,0.7072169547949544,0.3253789320606291,0.265324449566811,1.226343567627739,autumn,autumn,winter,summer
bacon,7,2,0.39502164502164505,0.21015620864724194,1.8796572681072168,0.10551948051948051,0.2857808718775258,0.36923213168970215,0.06926406926406926,0.23873846990843414,0.2901252960640773,0.4301948051948052,0.265324449566811,1.621391492179383,autumn,winter,autumn,summer
varnish,5,3,0.25331614195224644,0.21015620864724194,1.2053707267694893,0.23704169021292779,0.2857808718775258,0.8294526105110153,0.15404273815207134,0.23873846990843414,0.6452363467486114,0.35559942968275443,0.265324449566811,1.3402437290017308,autumn,autumn,winter,summer
Pear,4,1,0.148068669527897,0.21015620864724194,0.7045648114847651,0.3649856938483548,0.2857808718775258,1.27715228612212,0.2907725321888412,0.23873846990843414,1.2179542421477536,0.19617310443490701,0.265324449566811,0.7393706262472013,spring,spring,summer,winter
meat,4,3,0.3135306553911205,0.21015620864724194,1.4918933749770769,0.22755461592670892,0.2857808718775258,0.7962555871277126,0.159830866807611,0.23873846990843414,0.6694809884176295,0.29908386187455954,0.265324449566811,1.1272382261147313,winter,winter,autumn,summer
bbq,3,1,0.2702702702702703,0.21015620864724194,1.2860446617779107,0.13513513513513514,0.2857808718775258,0.47286277156103235,0.2702702702702703,0.23873846990843414,1.1320767464662476,0.32432432432432434,0.265324449566811,1.22236878227333,autumn,winter,autumn,spring
tennis ball,3,3,0.0371965348084751,0.21015620864724194,0.17699469860017988,0.4617875656681627,0.2857808718775258,1.6158798964895953,0.42854121003374734,0.23873846990843414,1.79502369349234,0.07247468948961487,0.265324449566811,0.27315496030592956,spring,summer,spring,winter
wet plaster,2,1,0.03896103896103896,0.21015620864724194,0.18539085384071177,0.42207792207792205,0.2857808718775258,1.4769285267588086,0.42207792207792205,0.23873846990843414,1.767951022890471,0.11688311688311688,0.265324449566811,0.4405290091959079,spring,summer,spring,winter
brown scotch tape,1,1,0.18475073313782991,0.21015620864724194,0.8791114682124075,0.36363636363636365,0.2857808718775258,1.2724307307460505,0.21407624633431085,0.23873846990843414,0.8966977396496583,0.2375366568914956,0.265324449566811,0.8952686315916838,spring,spring,summer,winter
foresty,1,1,0.08366533864541832,0.21015620864724194,0.398110239920891,0.33266932270916333,0.2857808718775258,1.1640713408269396,0.3207171314741036,0.23873846990843414,1.3433827049202065,0.26294820717131473,0.265324449566811,0.9910440127196121,spring,summer,spring,winter
