accord,note,accord_frequency,note_frequency,cooccurrence_count,p_note_given_accord,lift,representative_rank
Champagne,Champagne,311,410,311,1.0,321.780487804878,1
Champagne,Musk,311,49244,113,0.3633440514469453,0.9734379966573694,2
Champagne,Rose,311,27804,72,0.2315112540192926,1.0985210668524412,3
Champagne,Amber,311,36671,69,0.22186495176848875,0.7981959337573756,4
Champagne,Vanilla,311,35628,67,0.21543408360128619,0.7977494849421153,5
Champagne,Jasmine,311,33686,57,0.1832797427652733,0.7178084801704716,6
Champagne,Sandalwood,311,34292,48,0.15434083601286175,0.5937882449310874,7
Champagne,Patchouli,311,32473,37,0.1189710610932476,0.483350848090172,8
Champagne,White Musk,311,8339,30,0.09646302250803858,1.5261262213077744,9
Champagne,Bergamot,311,36337,29,0.0932475884244373,0.33855723754949535,10
Pear,Ambroxan,4,3051,2,0.5,21.620780072107507,1
Pear,Vetiver,4,17674,2,0.5,3.7323186601787937,2
Pear,Jasmine,4,33686,2,0.5,1.958231906429971,3
Pear,Borneol,4,18,1,0.25,1832.361111111111,4
Pear,Mugane,4,26,1,0.25,1268.5576923076924,5
Pear,Javanol,4,34,1,0.25,970.0735294117648,6
Pear,Orcanox™,4,106,1,0.25,311.1556603773585,7
Pear,Shiso,4,135,1,0.25,244.3148148148148,8
Pear,Acácia,4,180,1,0.25,183.23611111111111,9
Pear,Laurels,4,195,1,0.25,169.14102564102564,10
alcohol,Liquor,154,251,137,0.8896103896103896,467.5948155430227,1
alcohol,Vanilla,154,35628,52,0.33766233766233766,1.2503590492812453,2
alcohol,Amber,154,36671,37,0.24025974025974026,0.8643742339305591,3
alcohol,Patchouli,154,32473,31,0.2012987012987013,0.8178282777180322,4
alcohol,Musk,154,49244,29,0.18831168831168832,0.5045073722476046,5
alcohol,Sandalwood,154,34292,28,0.18181818181818182,0.6995005461120006,6
alcohol,Tonka Bean,154,14188,26,0.16883116883116883,1.5699109179515156,7
alcohol,Leather,154,10626,22,0.14285714285714285,1.7736818047377054,8
alcohol,Rose,154,27804,22,0.14285714285714285,0.6778572456172801,9
alcohol,Cedar,154,22305,19,0.12337662337662338,0.7297501870467573,10
aldehydic,Aldehydes,3556,3019,1892,0.532058492688414,23.250903259484083,1
aldehydic,Musk,3556,49244,1326,0.3728908886389201,0.9990150056480532,2
aldehydic,Jasmine,3556,33686,977,0.2747469066366704,1.0760363175377288,3
aldehydic,Rose,3556,27804,856,0.2407199100112486,1.1422161461582516,4
aldehydic,Bergamot,3556,36337,842,0.23678290213723285,0.8596958548852445,5
aldehydic,Amber,3556,36671,842,0.23678290213723285,0.8518657325670184,6
aldehydic,Sandalwood,3556,34292,823,0.2314398200224972,0.8904075427378996,7
aldehydic,Vanilla,3556,35628,604,0.16985376827896512,0.628966196503982,8
aldehydic,Lemon,3556,14685,562,0.1580427446569179,1.4198555875101926,9
aldehydic,Patchouli,3556,32473,549,0.15438695163104613,0.6272371055548891,10
almond,Almond,3438,2713,1867,0.5430482838859803,26.407799518274004,1
almond,Vanilla,3438,35628,1656,0.4816753926701571,1.783637435583637,2
almond,Musk,3438,49244,1114,0.3240255962769052,0.8680996043540756,3
almond,Sandalwood,3438,34292,935,0.2719604421175102,1.0463006278013274,4
almond,Heliotrope,3438,4180,883,0.2568353694008144,8.106289541877858,5
almond,Tonka Bean,3438,14188,875,0.2545084351367074,2.3665983822657037,6
almond,Jasmine,3438,33686,844,0.2454915648632926,0.9614588301494447,7
almond,Amber,3438,36671,652,0.18964514252472367,0.6822798302006161,8
almond,Bergamot,3438,36337,636,0.1849912739965096,0.6716542031086636,9
almond,Rose,3438,27804,583,0.16957533449680046,0.8046350841664108,10
amber,Amber,45478,36671,24418,0.5369189498218919,1.9316549057839218,1
amber,Musk,45478,49244,16470,0.3621531289854435,0.9702473866267883,2
amber,Vanilla,45478,35628,13616,0.29939751088438366,1.1086649155433013,3
amber,Patchouli,45478,32473,13095,0.28794142222613134,1.169836843971715,4
amber,Bergamot,45478,36337,13062,0.28721579664892916,1.0428043055809015,5
amber,Sandalwood,45478,34292,12249,0.2693390210651304,1.036215357783817,6
amber,Jasmine,45478,33686,11252,0.2474163331720832,0.9689971155789627,7
amber,Rose,45478,27804,9661,0.21243238488939706,1.0079918191072563,8
amber,Cedar,45478,22305,8208,0.18048287083864725,1.0675232077894075,9
amber,Tonka Bean,45478,14188,7895,0.17360042218215402,1.6142587890112474,10
animalic,Musk,18242,49244,7431,0.40735664949018746,1.0913525052237925,1
animalic,Amber,18242,36671,6327,0.34683696963052296,1.2478034796802622,2
animalic,Jasmine,18242,33686,4793,0.2627453130139239,1.0290325104175913,3
animalic,Leather,18242,10626,4686,0.25687972809998905,3.1893602981584372,4
animalic,Vanilla,18242,35628,3529,0.19345466505865586,0.7163599966652202,5
animalic,Sandalwood,18242,34292,3225,0.1767898256770091,0.6801551878446229,6
animalic,Bergamot,18242,36337,3158,0.1731169827869751,0.6285418041964286,7
animalic,Rose,18242,27804,3090,0.1693893213463436,0.8037524516336898,8
animalic,Patchouli,18242,32473,3069,0.16823813178379562,0.6835111238948098,9
animalic,Ambergris,18242,6452,2657,0.1456528889376165,2.9782990758741077,10
anis,Anise,1418,1341,627,0.4421720733427362,43.50168652953557,1
anis,Star Anise,1418,983,588,0.4146685472496474,55.653328014899266,2
anis,Musk,1418,49244,442,0.31170662905500707,0.8350957593052368,3
anis,Bergamot,1418,36337,412,0.29055007052186177,1.054910168807255,4
anis,Vanilla,1418,35628,402,0.2834978843441467,1.0497888144583831,5
anis,Patchouli,1418,32473,358,0.2524682651622003,1.0257179263649518,6
anis,Amber,1418,36671,331,0.23342736248236953,0.8397936225436724,7
anis,Sandalwood,1418,34292,326,0.229901269393512,0.8844883492093211,8
anis,Jasmine,1418,33686,276,0.19464033850493653,0.7623018422773935,9
anis,Cedar,1418,22305,255,0.17983074753173484,1.063666017568338,10
aquatic,Musk,8872,49244,3398,0.38300270513976553,1.0261056552897667,1
aquatic,Amber,8872,36671,1910,0.21528403967538323,0.774520011845145,2
aquatic,Sandalwood,8872,34292,1868,0.21055004508566275,0.8100392933673011,3
aquatic,Jasmine,8872,33686,1818,0.20491433724075744,0.8025395865396049,4
aquatic,Bergamot,8872,36337,1771,0.19961677186654644,0.7247555029956648,5
aquatic,Pear,8872,6133,1597,0.18000450856627592,3.872166120193834,6
aquatic,Cedar,8872,22305,1409,0.15881424706943192,0.9393572569320848,7
aquatic,Rose,8872,27804,1388,0.1564472497745717,0.7423423127161287,8
aquatic,Patchouli,8872,32473,1258,0.14179440937781784,0.5760766307152253,9
aquatic,Vanilla,8872,35628,1226,0.13818755635707844,0.511706643937054,10
aromatic,Bergamot,54606,36337,20820,0.38127678277112403,1.3843147742244652,1
aromatic,Musk,54606,49244,18620,0.3409881697981907,0.9135441727210482,2
aromatic,Amber,54606,36671,15062,0.27583049481741934,0.9923459186076773,3
aromatic,Sandalwood,54606,34292,14886,0.27260740577958464,1.048789660693474,4
aromatic,Patchouli,54606,32473,14824,0.2714719994139838,1.1029255345267417,5
aromatic,Vetiver,54606,17674,14073,0.2577189319854961,1.923778357861633,6
aromatic,Cedar,54606,22305,12931,0.23680547925136433,1.400661146721923,7
aromatic,Jasmine,54606,33686,11800,0.21609346958209721,0.8463222538136342,8
aromatic,Lavender,54606,12996,11163,0.20442808482584332,2.075269100575062,9
aromatic,Vanilla,54606,35628,10447,0.19131597260374317,0.7084404475584326,10
asphault,Asphalt,29,41,29,1.0,3217.8048780487807,1
asphault,Leather,29,10626,8,0.27586206896551724,3.4250407263900517,2
asphault,Woody Notes,29,8278,6,0.20689655172413793,3.2973981721388643,3
asphault,Lavender,29,12996,6,0.20689655172413793,2.100327952367307,4
asphault,Patchouli,29,32473,6,0.20689655172413793,0.8405709995678107,5
asphault,Musk,29,49244,6,0.20689655172413793,0.5542982306263813,6
asphault,Cedar,29,22305,5,0.1724137931034483,1.0197960871615301,7
asphault,Rose,29,27804,4,0.13793103448275862,0.6544828578373739,8
asphault,Amber,29,36671,4,0.13793103448275862,0.49622975591912805,9
asphault,Rain Notes,29,159,3,0.10344827586206896,85.83604424202993,10
bacon,Guaiac Wood,7,3983,3,0.42857142857142855,14.195688820343603,1
bacon,Maple,7,147,2,0.2857142857142857,256.4237123420797,2
bacon,Pepper,7,4316,2,0.2857142857142857,8.733615781808552,3
bacon,Nutmeg,7,6277,2,0.2857142857142857,6.00514349438995,4
bacon,Grapefruit,7,9759,2,0.2857142857142857,3.8625151874460206,5
bacon,Bergamot,7,36337,2,0.2857142857142857,1.0373527180087987,6
bacon,Bourbon Whiskey,7,74,1,0.14285714285714285,254.6911196911197,7
bacon,Maple syrup,7,99,1,0.14285714285714285,190.37518037518038,8
bacon,Syrup,7,133,1,0.14285714285714285,141.70784103114931,9
bacon,Pumpkin,7,145,1,0.14285714285714285,129.98029556650246,10
balsamic,Vanilla,18162,35628,6588,0.36273538156590684,1.3432041902433505,1
balsamic,Patchouli,18162,32473,6468,0.35612817971589034,1.4468632633239125,2
balsamic,Sandalwood,18162,34292,5861,0.3227067503578901,1.2415345146015526,3
balsamic,Musk,18162,49244,4363,0.24022684726351723,0.6435936958710874,4
balsamic,Amber,18162,36671,4227,0.23273868516683185,0.8373159917662493,5
balsamic,Incense,18162,7023,3895,0.21445876004845282,4.028697737888706,6
balsamic,Bergamot,18162,36337,3405,0.1874793524942187,0.6806877555814259,7
balsamic,Jasmine,18162,33686,2928,0.16121572514040303,0.6313955535763632,8
balsamic,Rose,18162,27804,2902,0.15978416473956614,0.7581759766253402,9
balsamic,Cedar,18162,22305,2743,0.15102962228829425,0.8933126235595005,10
bbq,Ember,3,16,1,0.3333333333333333,2748.5416666666665,1
bbq,Pecan,3,33,1,0.3333333333333333,1332.6262626262626,2
bbq,Smoke,3,1224,1,0.3333333333333333,35.92864923747277,3
bbq,Spices,3,2884,1,0.3333333333333333,15.248497457235322,4
bbq,Cedarwood,3,4766,1,0.3333333333333333,9.227164638410967,5
bbq,Incense,3,7023,1,0.3333333333333333,6.261806445488633,6
bbq,Amber,3,36671,1,0.3333333333333333,1.1992219101378927,7
beeswax,Beeswax,349,663,349,1.0,198.9894419306184,1
beeswax,Musk,349,49244,82,0.2349570200573066,0.6294752590398923,2
beeswax,Honey,349,3974,81,0.23209169054441262,7.705046988808343,3
beeswax,Vanilla,349,35628,79,0.22636103151862463,0.8382118246393889,4
beeswax,Jasmine,349,33686,74,0.21203438395415472,0.8304249918384977,5
beeswax,Patchouli,349,32473,65,0.18624641833810887,0.7566744671372126,6
beeswax,Sandalwood,349,34292,64,0.1833810888252149,0.7055134447891812,7
beeswax,Bergamot,349,36337,61,0.17478510028653296,0.6345982959738639,8
beeswax,Amber,349,36671,59,0.16905444126074498,0.6082013698980144,9
beeswax,Rose,349,27804,56,0.16045845272206305,0.7613754735873175,10
bitter,Grapefruit,1034,9759,311,0.30077369439071566,4.066100368989355,1
bitter,Musk,1034,49244,145,0.1402321083172147,0.3756969793333225,2
bitter,Bergamot,1034,36337,127,0.12282398452611218,0.4459412796469158,3
bitter,Fig,1034,1810,120,0.11605415860735009,8.459129914402043,4
bitter,Amber,1034,36671,120,0.11605415860735009,0.41752406929365704,5
bitter,Vetiver,1034,17674,119,0.11508704061895551,0.8590830184937649,6
bitter,Cedar,1034,22305,111,0.10735009671179883,0.634956209782005,7
bitter,Sandalwood,1034,34292,108,0.10444874274661509,0.4018407392558302,8
bitter,Patchouli,1034,32473,103,0.09961315280464217,0.40470431587831246,9
bitter,Artemisia,1034,1759,92,0.08897485493230174,6.673367033097538,10
brown scotch tape,Industrial glue,1,14,1,1.0,9423.57142857143,1
brown scotch tape,Hawthorn,1,364,1,1.0,362.44505494505495,2
brown scotch tape,Lilac,1,1417,1,1.0,93.10515172900494,3
brown scotch tape,Styrax,1,1435,1,1.0,91.93728222996516,4
brown scotch tape,Aldehydes,1,3019,1,1.0,43.69990062934747,5
brown scotch tape,Saffron,1,8393,1,1.0,15.719051590611224,6
brown scotch tape,Leather,1,10626,1,1.0,12.415772633163938,7
brown scotch tape,Musk,1,49244,1,1.0,2.6791081146941758,8
cacao,Cacao,2035,1305,952,0.4678132678132678,47.29394974912216,1
cacao,Vanilla,2035,35628,928,0.456019656019656,1.68863459129542,2
cacao,Tonka Bean,2035,14188,480,0.23587223587223588,2.193305897844945,3
cacao,Patchouli,2035,32473,451,0.22162162162162163,0.9003954220595738,4
cacao,Amber,2035,36671,427,0.20982800982800984,0.7548910402391354,5
cacao,Musk,2035,49244,416,0.20442260442260443,0.5476702583355171,6
cacao,Cocoa,2035,576,414,0.20343980343980345,46.59689803439804,7
cacao,Sandalwood,2035,34292,391,0.19213759213759213,0.739201928458898,8
cacao,Chocolate,2035,1099,320,0.15724815724815724,18.876933017060406,9
cacao,Bergamot,2035,36337,310,0.15233415233415235,0.5530848643928975,10
camphor,Eucalyptus,793,923,432,0.544766708701135,77.86681677024998,1
camphor,Musk,793,49244,199,0.2509457755359395,0.6723108635865587,2
camphor,Bergamot,793,36337,184,0.23203026481715006,0.8424402905393018,3
camphor,Patchouli,793,32473,178,0.2244640605296343,0.911943568677814,4
camphor,Cedar,793,22305,170,0.21437578814627994,1.2679936216157235,5
camphor,Sandalwood,793,34292,153,0.19293820933165196,0.7422821053634913,6
camphor,Amber,793,36671,148,0.18663303909205547,0.6714432889044444,7
camphor,Bay Leaf,793,678,143,0.18032786885245902,35.089462739977755,8
camphor,Lavender,793,12996,137,0.17276166456494324,1.7538047403857313,9
camphor,Camphor,793,182,123,0.15510718789407313,112.4356664772806,10
cannabis,cannabis,388,508,387,0.9974226804123711,259.03538233622857,1
cannabis,Patchouli,388,32473,112,0.28865979381443296,1.1727554152045745,2
cannabis,Musk,388,49244,93,0.23969072164948454,0.642157357388037,3
cannabis,Tobacco,388,5072,91,0.2345360824742268,6.1006201421184425,4
cannabis,Vetiver,388,17674,90,0.23195876288659795,1.7314880382272755,5
cannabis,Incense,388,7023,81,0.20876288659793815,3.9216983666333447,6
cannabis,Amber,388,36671,69,0.17783505154639176,0.6397910706148037,7
cannabis,Cedar,388,22305,59,0.15206185567010308,0.8994180954295764,8
cannabis,Woody Notes,388,8278,56,0.14432989690721648,2.3002468348597573,9
cannabis,Leather,388,10626,53,0.13659793814432988,1.6959689421589914,10
caramel,Caramel,4008,4734,3484,0.8692614770459082,24.22510913955781,1
caramel,Vanilla,4008,35628,2268,0.5658682634730539,2.095402492421691,2
caramel,Musk,4008,49244,1457,0.36352295409181634,0.9739172961849836,3
caramel,Amber,4008,36671,1059,0.26422155688622756,0.9505808404461291,4
caramel,Jasmine,4008,33686,1023,0.25523952095808383,0.9996363474440421,5
caramel,Sandalwood,4008,34292,843,0.21032934131736528,0.8091901901318092,6
caramel,Patchouli,4008,32473,826,0.2060878243512974,0.8372853344830063,7
caramel,Bergamot,4008,36337,729,0.18188622754491018,0.6603806037922778,8
caramel,Tonka Bean,4008,14188,653,0.1629241516966068,1.5149833192369138,9
caramel,Rose,4008,27804,620,0.15469061876247506,0.7340070973001487,10
cherry,Cherry,1803,1599,1282,0.7110371602884082,58.66612417564083,1
cherry,Vanilla,1803,35628,746,0.4137548530227399,1.5321285999576195,2
cherry,Musk,1803,49244,629,0.3488630061009429,0.9346417105616398,3
cherry,Sandalwood,1803,34292,458,0.2540210759844703,0.9772833475630226,4
cherry,Jasmine,1803,33686,426,0.23627287853577372,0.9253541787456102,5
cherry,Amber,1803,36671,421,0.23349972268441485,0.8400539503628167,6
cherry,Patchouli,1803,32473,415,0.23017193566278424,0.9351332944905345,7
cherry,Rose,1803,27804,405,0.22462562396006655,1.0658487472684355,8
cherry,Tonka Bean,1803,14188,345,0.1913477537437604,1.7792859565417471,9
cherry,Almond,1803,2713,248,0.13754853022739877,6.688823292628353,10
chocolate,Chocolate,1554,1099,740,0.47619047619047616,57.16452185969929,1
chocolate,Vanilla,1554,35628,722,0.4646074646074646,1.7204351298322331,2
chocolate,Dark Chocolate,1554,712,501,0.3223938223938224,59.737945208450824,3
chocolate,Musk,1554,49244,375,0.2413127413127413,0.6465029234300618,4
chocolate,Amber,1554,36671,347,0.2232947232947233,0.8033397737796308,5
chocolate,Patchouli,1554,32473,325,0.20913770913770913,0.8496762838831634,6
chocolate,Sandalwood,1554,34292,291,0.18725868725868725,0.7204315470091744,7
chocolate,Caramel,1554,4734,234,0.15057915057915058,4.196431629891706,8
chocolate,Tonka Bean,1554,14188,226,0.14543114543114544,1.3523210471335647,9
chocolate,Jasmine,1554,33686,223,0.1435006435006435,0.5620150773923854,10
cinnamon,Cinnamon,4259,8039,4050,0.9509274477576896,15.60590349330414,1
cinnamon,Vanilla,4259,35628,1797,0.42193003052359707,1.5624011711849715,2
cinnamon,Amber,4259,36671,1424,0.3343507865696173,1.2028823667783701,3
cinnamon,Patchouli,4259,32473,1316,0.3089927212960789,1.255363216228611,4
cinnamon,Sandalwood,4259,34292,1227,0.28809579713547784,1.108377420858614,5
cinnamon,Musk,4259,49244,1199,0.2815214839164123,0.7542264920212062,6
cinnamon,Bergamot,4259,36337,1154,0.2709556233857713,0.9837679333264939,7
cinnamon,Tonka Bean,4259,14188,859,0.20169053768490255,1.875460433942007,8
cinnamon,Cedar,4259,22305,816,0.1915942709556234,1.1332451094900422,9
cinnamon,Cardamom,4259,10562,806,0.18924630194881428,2.363876596866793,10
citrus,Bergamot,59969,36337,27031,0.45074955393620036,1.6365519622093985,1
citrus,Musk,59969,49244,24828,0.4140139071853791,1.1091880183365905,2
citrus,Jasmine,59969,33686,17800,0.29682002367890076,1.162484881670646,3
citrus,Amber,59969,36671,17549,0.2926345278393837,1.0528012123435382,4
citrus,Sandalwood,59969,34292,15905,0.26522036385465825,1.0203698414599633,5
citrus,Patchouli,59969,32473,15212,0.25366439326985607,1.0305775075937584,6
citrus,Vanilla,59969,35628,14450,0.24095782821124248,0.8922635644972836,7
citrus,Rose,59969,27804,13524,0.22551651686704796,1.0700760347529004,8
citrus,Lemon,59969,14685,12300,0.20510597141856626,1.8426714885428293,9
citrus,Cedar,59969,22305,12203,0.20348846904233855,1.2035971181688288,10
clay,Clay,43,56,43,1.0,2355.8928571428573,1
clay,Vetiver,43,17674,10,0.23255813953488372,1.7359621675250203,2
clay,Musk,43,49244,9,0.20930232558139536,0.5607435588894787,3
clay,Amber,43,36671,7,0.16279069767441862,0.5856665142533896,4
clay,Earthy Notes,43,470,6,0.13953488372093023,39.16773874319644,5
clay,Oakmoss,43,8737,6,0.13953488372093023,2.106997505929075,6
clay,Patchouli,43,32473,6,0.13953488372093023,0.5668967206387561,7
clay,Sandalwood,43,34292,6,0.13953488372093023,0.5368260005045586,8
clay,Tonka Bean,43,14188,5,0.11627906976744186,1.0812445499308292,9
clay,Mimosa,43,2076,4,0.09302325581395349,5.911636868754761,10
coca-cola,Coca-Cola,90,99,90,1.0,1332.6262626262626,1
coca-cola,Vanilla,90,35628,40,0.4444444444444444,1.645771740079588,2
coca-cola,Lime,90,3838,27,0.3,10.312402292860865,3
coca-cola,Cinnamon,90,8039,25,0.2777777777777778,4.558679216596868,4
coca-cola,Amber,90,36671,24,0.26666666666666666,0.9593775281103142,5
coca-cola,Musk,90,49244,22,0.24444444444444444,0.6548930947030208,6
coca-cola,Patchouli,90,32473,16,0.17777777777777778,0.7222684144434521,7
coca-cola,Rum,90,1971,15,0.16666666666666666,11.155927617114832,8
coca-cola,Tobacco,90,5072,14,0.15555555555555556,4.046223273746933,9
coca-cola,Lemon,90,14685,14,0.15555555555555556,1.3975106873983278,10
coconut,Coconut,3269,3886,2727,0.8342000611807893,28.321156477504253,1
coconut,Vanilla,3269,35628,1444,0.4417252982563475,1.635702778684179,2
coconut,Musk,3269,49244,1184,0.36219027225451206,0.9703468974603562,3
coconut,Sandalwood,3269,34292,888,0.27164270419088404,1.0450782096087523,4
coconut,Jasmine,3269,33686,834,0.25512389109819517,0.999183487282102,5
coconut,Amber,3269,36671,670,0.20495564392780666,0.7373618964139383,6
coconut,Bergamot,3269,36337,569,0.17405934536555523,0.6319632725342681,7
coconut,Coconut Milk,3269,536,439,0.13429183236463751,33.054331051989976,8
coconut,Tonka Bean,3269,14188,416,0.1272560416029367,1.1833161522889368,9
coconut,Peach,3269,7921,348,0.1064545732639951,1.7730781278524017,10
coffee,Coffee,1815,2469,1655,0.9118457300275482,48.7241017264214,1
coffee,Vanilla,1815,35628,784,0.4319559228650138,1.5995269143252853,2
coffee,Patchouli,1815,32473,540,0.2975206611570248,1.2087549911140418,3
coffee,Amber,1815,36671,452,0.2490358126721763,0.8959476088964091,4
coffee,Musk,1815,49244,437,0.24077134986225895,0.6450524772018484,5
coffee,Sandalwood,1815,34292,383,0.21101928374655649,0.8118445732148372,6
coffee,Jasmine,1815,33686,344,0.18953168044077134,0.7422939678368154,7
coffee,Tonka Bean,1815,14188,339,0.18677685950413223,1.736782567971537,8
coffee,Cedar,1815,22305,315,0.17355371900826447,1.0265385406303669,9
coffee,Bergamot,1815,36337,311,0.17134986225895316,0.6221258587066542,10
conifer,Lime,1828,3838,592,0.3238512035010941,11.132279645101445,1
conifer,Cedar,1828,22305,427,0.2335886214442013,1.381634020494664,2
conifer,Pine,1828,1005,376,0.20568927789934355,27.001578540557606,3
conifer,Bergamot,1828,36337,375,0.2051422319474836,0.7448169816118972,4
conifer,Musk,1828,49244,360,0.19693654266958424,0.527614289545899,5
conifer,Patchouli,1828,32473,303,0.16575492341356673,0.673422444675634,6
conifer,Vetiver,1828,17674,300,0.16411378555798686,1.2250498884613108,7
conifer,Amber,1828,36671,287,0.15700218818380743,0.5648413920288434,8
conifer,Fir,1828,876,264,0.14442013129102846,21.75039717034861,9
conifer,Lemon,1828,14685,255,0.13949671772428884,1.2532381320643804,10
earthy,Patchouli,19049,32473,9540,0.5008136910074019,2.034685746762127,1
earthy,Vetiver,19049,17674,8223,0.43167620347524804,3.222306298771612,2
earthy,Bergamot,19049,36337,6116,0.32106672266260694,1.1657080309568135,3
earthy,Musk,19049,49244,5842,0.3066827654995013,0.821636285686565,4
earthy,Amber,19049,36671,5000,0.2624809701296656,0.9443187911212343,5
earthy,Oakmoss,19049,8737,4643,0.24373982886240747,3.6805076824788165,6
earthy,Jasmine,19049,33686,4462,0.23423801774371358,0.9173847200892992,7
earthy,Sandalwood,19049,34292,4437,0.23292561289306526,0.8961237638219438,8
earthy,Cedar,19049,22305,4036,0.21187463908866608,1.2531997818860217,9
earthy,Rose,19049,27804,3646,0.19140112341855214,0.90819846829987,10
floral,Musk,46586,49244,19408,0.41660584725024685,1.1161321059971787,1
floral,Jasmine,46586,33686,15533,0.33342635126432835,1.3058522389806697,2
floral,Rose,46586,27804,14177,0.3043188940883527,1.443993371352193,3
floral,Bergamot,46586,36337,12702,0.272657021422745,0.9899452578997372,4
floral,Amber,46586,36671,11892,0.2552698235521401,0.918375496202281,5
floral,Sandalwood,46586,34292,11877,0.2549478384063882,0.9808488370743845,6
floral,Vanilla,46586,35628,11185,0.2400935903490319,0.8890633034340344,7
floral,Patchouli,46586,32473,8220,0.17644785987206457,0.7168652773972678,8
floral,Cedar,46586,22305,6551,0.1406216459880651,0.8317513452232874,9
floral,Violet,46586,9921,5269,0.11310264886446572,1.5040452035771559,10
foresty,Cedar Leaves,1,61,1,1.0,2162.7868852459014,1
foresty,Green Apple,1,1658,1,1.0,79.57177322074789,2
foresty,Pineapple,1,4299,1,1.0,30.688532216794602,3
foresty,Geranium,1,8423,1,1.0,15.663065416122521,4
foresty,Grapefruit,1,9759,1,1.0,13.518803156061072,5
foresty,Lavender,1,12996,1,1.0,10.15158510310865,6
foresty,Lemon,1,14685,1,1.0,8.983997276132108,7
foresty,Cedar,1,22305,1,1.0,5.914817305536875,8
foresty,Patchouli,1,32473,1,1.0,4.062759831244419,9
foresty,Sandalwood,1,34292,1,1.0,3.8472530036160038,10
fresh,Musk,33478,49244,13628,0.4070733018698847,1.09059338631496,1
fresh,Jasmine,33478,33686,9964,0.2976282932074795,1.165650440030362,2
fresh,Amber,33478,36671,8114,0.24236812234900532,0.871959487919726,3
fresh,Bergamot,33478,36337,8010,0.23926160463588028,0.8686953655946194,4
fresh,Sandalwood,33478,34292,7388,0.22068223908238246,0.849020407154401,5
fresh,Rose,33478,27804,6860,0.20491068761574766,0.9723013601332754,6
fresh,Vanilla,33478,35628,6397,0.191080709719816,0.7075692722952545,7
fresh,Cedar,33478,22305,5534,0.16530258677340343,0.9777346008973375,8
fresh,Lemon,33478,14685,5167,0.1543401636895872,1.3865916101850349,9
fresh,Patchouli,33478,32473,4897,0.14627516578051258,0.5942808678416847,10
fresh spicy,Bergamot,47271,36337,19324,0.40879185970256604,1.4842147136681492,1
fresh spicy,Musk,47271,49244,16260,0.34397410674620804,0.9215438206284466,2
fresh spicy,Amber,47271,36671,13103,0.2771889742125193,0.9972332733729016,3
fresh spicy,Patchouli,47271,32473,12593,0.26640011846586703,1.082319700341879,4
fresh spicy,Sandalwood,47271,34292,11721,0.24795329060100274,0.9539390420211796,5
fresh spicy,Cedar,47271,22305,10430,0.2206426773285947,1.3050611262031606,6
fresh spicy,Jasmine,47271,33686,9812,0.20756912271794548,0.8129369577919179,7
fresh spicy,Lavender,47271,12996,9370,0.1982187810708468,2.012234825075163,8
fresh spicy,Vetiver,47271,17674,9193,0.19447441348818514,1.4516809647785598,9
fresh spicy,Vanilla,47271,35628,8663,0.1832624653593112,0.6786184196377548,10
fruity,Musk,43222,49244,18130,0.4194623108602101,1.1237848808339599,1
fruity,Vanilla,43222,35628,13657,0.3159733469066679,1.1700450111540557,2
fruity,Jasmine,43222,33686,12933,0.2992226181111471,1.1718945558215175,3
fruity,Amber,43222,36671,11888,0.27504511591319236,0.98952038783855,4
fruity,Sandalwood,43222,34292,11202,0.259173569015779,0.9971062918538354,5
fruity,Rose,43222,27804,10492,0.24274674934061358,1.1518335002340365,6
fruity,Bergamot,43222,36337,10260,0.23737911248901022,0.8618605363864689,7
fruity,Patchouli,43222,32473,9478,0.21928647448058858,0.8909082800549396,8
fruity,Cedar,43222,22305,6533,0.15114987737726157,0.8940239104408034,9
fruity,Peach,43222,7921,6113,0.14143260376660033,2.3556625949914887,10
gasoline,Gasoline,25,53,24,0.96,2389.675471698113,1
gasoline,Leather,25,10626,10,0.4,4.966309053265575,2
gasoline,Amber,25,36671,6,0.24,0.8634397752992828,3
gasoline,Metallic notes,25,402,5,0.2,65.636815920398,4
gasoline,Woody Notes,25,8278,5,0.2,3.1874848997342355,5
gasoline,Rose,25,27804,5,0.2,0.9490001438641922,6
gasoline,Patchouli,25,32473,5,0.2,0.8125519662488837,7
gasoline,Smoke,25,1224,4,0.16,17.245751633986927,8
gasoline,Vetiver,25,17674,4,0.16,1.194341971257214,9
gasoline,Cedar,25,22305,4,0.16,0.9463707688859,10
gourmand,Candy apple,151,108,93,0.6158940397350994,752.360191317145,1
gourmand,Vanilla,151,35628,59,0.39072847682119205,1.4468622416924852,2
gourmand,Musk,151,49244,59,0.39072847682119205,1.0468038328937508,3
gourmand,Jasmine,151,33686,27,0.17880794701986755,0.700294853955089,4
gourmand,Sandalwood,151,34292,27,0.17880794701986755,0.6879194112425967,5
gourmand,Cereals,151,36,24,0.15894039735099338,582.4724061810155,6
gourmand,Patchouli,151,32473,24,0.15894039735099338,0.6457366619196426,7
gourmand,Amber,151,36671,22,0.1456953642384106,0.5241632190006684,8
gourmand,Milk,151,1657,16,0.10596026490066225,8.436534549393102,9
gourmand,Rose,151,27804,16,0.10596026490066225,0.5027815331730819,10
green,Musk,29755,49244,10870,0.3653167534868089,0.9787230787002418,1
green,Bergamot,29755,36337,8959,0.30109225340278944,1.0931860360357215,2
green,Jasmine,29755,33686,7374,0.24782389514367334,0.9705933172921932,3
green,Amber,29755,36671,6953,0.23367501260292387,0.8406845848955237,4
green,Sandalwood,29755,34292,6687,0.22473533859855485,0.8646137064419498,5
green,Cedar,29755,22305,5640,0.18954797513023022,1.121141643529759,6
green,Vetiver,29755,17674,5418,0.18208704419425306,1.3592137456460227,7
green,Rose,29755,27804,5357,0.1800369685767098,0.8542755454008533,8
green,Patchouli,29755,32473,5271,0.17714669803394387,0.7197044890098918,9
green,Vanilla,29755,35628,4485,0.1507309695849437,0.5581547327198165,10
herbal,Lavender,8607,12996,2829,0.3286859532938306,3.336683427058716,1
herbal,Bergamot,8607,36337,2643,0.3070756361101429,1.1149101101359813,2
herbal,Musk,8607,49244,2295,0.26664342976646915,0.7143665764172341,3
herbal,Patchouli,8607,32473,1957,0.22737306843267108,0.9237621691350444,4
herbal,Sage,8607,3530,1890,0.219588706866504,8.206894645013563,5
herbal,Geranium,8607,8423,1871,0.21738120134774022,3.404855976944956,6
herbal,Amber,8607,36671,1840,0.21377948181712558,0.7691071155990669,7
herbal,Cedar,8607,22305,1797,0.20878354827466017,1.2349165444463535,8
herbal,Vetiver,8607,17674,1657,0.19251771813640062,1.4370749436310588,9
herbal,Sandalwood,8607,34292,1635,0.1899616591146741,0.7308305636008093,10
honey,Honey,3467,3974,2784,0.8029997115661955,26.65821639328842,1
honey,Vanilla,3467,35628,1164,0.335736948370349,1.2432293588890801,2
honey,Musk,3467,49244,939,0.2708393423709259,0.7256078799243817,3
honey,Amber,3467,36671,888,0.25612921834438995,0.9214673113952542,4
honey,Patchouli,3467,32473,841,0.24257282953562156,0.9855151479886229,5
honey,Jasmine,3467,33686,811,0.23391981540236514,0.9161384921342408,6
honey,Rose,3467,27804,628,0.181136429189501,0.8594924867994126,7
honey,Sandalwood,3467,34292,621,0.17911739255840783,0.6891099265202014,8
honey,Bergamot,3467,36337,599,0.17277184886068647,0.6272887145386347,9
honey,Orange Blossom,3467,11479,498,0.14364003461205654,1.6508781049192978,10
hot iron,Hot iron,10,25,10,1.0,5277.2,1
hot iron,Musk,10,49244,4,0.4,1.0716432458776703,2
hot iron,Metallic notes,10,402,3,0.3,98.45522388059702,3
hot iron,Cedar,10,22305,3,0.3,1.7744451916610626,4
hot iron,Amber,10,36671,3,0.3,1.0792997191241036,5
hot iron,Resins,10,981,2,0.2,26.89704383282365,6
hot iron,Ambergris,10,6452,2,0.2,4.089584624922504,7
hot iron,Leather,10,10626,2,0.2,2.4831545266327875,8
hot iron,Thistle,10,11,1,0.1,1199.3636363636363,9
hot iron,Motor Oil,10,14,1,0.1,942.3571428571429,10
industrial glue,Industrial glue,12,14,12,1.0,9423.57142857143,1
industrial glue,Leather,12,10626,6,0.5,6.207886316581969,2
industrial glue,Musk,12,49244,3,0.25,0.6697770286735439,3
industrial glue,Ink,12,147,2,0.16666666666666666,149.58049886621316,4
industrial glue,Hawthorn,12,364,2,0.16666666666666666,60.40750915750916,5
industrial glue,Styrax,12,1435,2,0.16666666666666666,15.32288037166086,6
industrial glue,Almond,12,2713,2,0.16666666666666666,8.104804029979112,7
industrial glue,Woody Notes,12,8278,2,0.16666666666666666,2.656237416445196,8
industrial glue,Saffron,12,8393,2,0.16666666666666666,2.619841931768537,9
industrial glue,Vetiver,12,17674,2,0.16666666666666666,1.2441062200595978,10
iris,Iris,7451,9451,5305,0.7119849684606093,9.938861166967325,1
iris,Musk,7451,49244,2925,0.3925647564085358,1.0517234244370506,2
iris,Sandalwood,7451,34292,2264,0.30385183196886323,1.1689948731964344,3
iris,Vanilla,7451,35628,2214,0.2971413233123071,1.1003102836138057,4
iris,Bergamot,7451,36337,2192,0.29418869950342236,1.068121064630721,5
iris,Jasmine,7451,33686,2082,0.2794255804589988,1.0943601742550528,6
iris,Amber,7451,36671,2029,0.27231244128304927,0.9796891379693133,7
iris,Patchouli,7451,32473,1814,0.24345725405985774,0.9891083524194572,8
iris,Rose,7451,27804,1800,0.241578311636022,1.1462892624852676,9
iris,Cedar,7451,22305,1327,0.17809689974500068,1.0534106246741959,10
lactonic,Vanilla,7015,35628,2529,0.3605131860299359,1.3349754303617782,1
lactonic,Musk,7015,49244,1926,0.2745545260156807,0.7355612585746234,2
lactonic,Coconut,7015,3886,1465,0.20883820384889523,7.090073143022323,3
lactonic,Jasmine,7015,33686,1393,0.19857448325017818,0.7777097778066855,4
lactonic,Sandalwood,7015,34292,1374,0.19586600142551674,0.7535460622905757,5
lactonic,Milk,7015,1657,1345,0.1917320028510335,15.265662725489952,6
lactonic,Gardenia,7015,4004,1125,0.16037063435495366,5.284140307304955,7
lactonic,Amber,7015,36671,1024,0.1459729151817534,0.5251617545179768,8
lactonic,Bergamot,7015,36337,814,0.11603706343549537,0.42129977100599675,9
lactonic,Peach,7015,7921,766,0.10919458303635067,1.8187149779050302,10
lavender,Lavender,8336,12996,8248,0.989443378119002,10.044418657682359,1
lavender,Bergamot,8336,36337,3393,0.40702975047984646,1.4778169628974913,2
lavender,Musk,8336,49244,2808,0.33685220729366605,0.9024634820131053,3
lavender,Patchouli,8336,32473,2582,0.30974088291746643,1.258402817211263,4
lavender,Amber,8336,36671,2504,0.30038387715930903,1.0806807808248382,5
lavender,Sandalwood,8336,34292,2275,0.2729126679462572,1.049964081481095,6
lavender,Cedar,8336,22305,2087,0.25035988483685223,1.4808329794452326,7
lavender,Vanilla,8336,35628,1837,0.22036948176583493,0.8160251972989391,8
lavender,Vetiver,8336,17674,1752,0.21017274472168906,1.5688633139715082,9
lavender,Lemon,8336,14685,1527,0.1831813819577735,1.6457010365467524,10
leather,Leather,10809,10626,7698,0.7121842908687205,8.842318228337126,1
leather,Patchouli,10809,32473,3675,0.33999444907021925,1.3813157905285631,2
leather,Amber,10809,36671,3594,0.3325006938662226,1.1962263516612786,3
leather,Musk,10809,49244,3359,0.3107595522249977,0.8325584380847199,4
leather,Saffron,10809,8393,3164,0.2927190304375983,4.601265541002305,5
leather,Bergamot,10809,36337,2787,0.25784068831529283,0.9361510859299497,6
leather,Sandalwood,10809,34292,2485,0.22990100841891017,0.8844873451740003,7
leather,Vanilla,10809,35628,2441,0.2258303265797021,0.8362466314600904,8
leather,Rose,10809,27804,2331,0.21565362198168192,1.0232765914272515,9
leather,Jasmine,10809,33686,1970,0.18225552780090665,0.71379717932594,10
marine,Sea Notes,4326,2183,1815,0.41955617198335643,25.3559531698416,1
marine,Musk,4326,49244,1560,0.3606102635228849,0.9661138832461661,2
marine,Amber,4326,36671,1175,0.2716134997688396,0.9771745800360777,3
marine,Bergamot,4326,36337,1167,0.2697642163661581,0.9794422507413171,4
marine,Patchouli,4326,32473,949,0.2193712436430883,0.8912526768032716,5
marine,Sandalwood,4326,34292,853,0.19717984281091078,0.758600742506808,6
marine,Cedar,4326,22305,802,0.18539066111881647,1.0965518906704979,7
marine,Jasmine,4326,33686,768,0.17753120665742025,0.6952945465271464,8
marine,Lemon,4326,14685,665,0.15372168284789645,1.3810351799879454,9
marine,Sea water,4326,762,663,0.15325936199722606,26.5347869137717,10
meat,Fire,4,77,2,0.5,856.6883116883117,1
meat,Salt,4,939,2,0.5,70.25026624068158,2
meat,Spray Paint,4,13,1,0.25,2537.1153846153848,3
meat,Bluebell,4,19,1,0.25,1735.921052631579,4
meat,Strawberry Syrup,4,20,1,0.25,1649.125,5
meat,Steam Accord,4,24,1,0.25,1374.2708333333333,6
meat,Butterscotch,4,28,1,0.25,1177.9464285714287,7
meat,Gasoline,4,53,1,0.25,622.311320754717,8
meat,Marshamallow,4,69,1,0.25,478.0072463768116,9
meat,Blood,4,76,1,0.25,433.98026315789474,10
metallic,Saffron,2235,8393,1881,0.8416107382550335,13.229322613843271,1
metallic,Amber,2235,36671,697,0.3118568232662192,1.1219566058605521,2
metallic,Musk,2235,49244,605,0.27069351230425054,0.7252171854093854,3
metallic,Rose,2235,27804,604,0.2702460850111857,1.2823178677717497,4
metallic,Patchouli,2235,32473,529,0.2366890380313199,0.961610716209529,5
metallic,Sandalwood,2235,34292,491,0.2196868008948546,0.8451907045975203,6
metallic,Vanilla,2235,35628,430,0.19239373601789708,0.7124313908398215,7
metallic,Jasmine,2235,33686,398,0.17807606263982104,0.6974284552654393,8
metallic,Agarwood (Oud),2235,5939,373,0.1668903803131991,3.7073325264725305,9
metallic,Leather,2235,10626,357,0.1597315436241611,1.9831905279818907,10
milky,Fig Milk,20,24,14,0.7,3847.9583333333335,1
milky,Sandalwood,20,34292,12,0.6,2.3083518021696023,2
milky,Massoia,20,49,6,0.3,807.734693877551,3
milky,Musk,20,49244,6,0.3,0.8037324344082528,4
milky,Fig Leaf,20,725,4,0.2,36.39448275862069,5
milky,Fig,20,1810,4,0.2,14.577900552486188,6
milky,Tonka Bean,20,14188,4,0.2,1.8597406258810263,7
milky,Jasmine,20,33686,4,0.2,0.7832927625719883,8
milky,Amber,20,36671,4,0.2,0.7195331460827357,9
milky,Cashmere Wood,20,2688,3,0.15,7.362165178571429,10
mineral,Mineral notes,770,433,325,0.42207792207792205,128.60217150055487,1
mineral,Musk,770,49244,176,0.22857142857142856,0.6123675690729545,2
mineral,Patchouli,770,32473,135,0.17532467532467533,0.7123020483350604,3
mineral,Solar Notes,770,570,123,0.15974025974025974,36.97286397812714,4
mineral,Amber,770,36671,123,0.15974025974025974,0.5746920582349122,5
mineral,Metallic notes,770,402,111,0.14415584415584415,47.30965303353363,6
mineral,Vetiver,770,17674,96,0.12467532467532468,0.9306560814991278,7
mineral,Sand,770,304,95,0.12337662337662338,53.54301948051948,8
mineral,Bergamot,770,36337,93,0.12077922077922078,0.43851728534008305,9
mineral,Cedar,770,22305,90,0.11688311688311688,0.691342282465349,10
mossy,Oakmoss,6173,8737,3780,0.6123440790539446,9.246486705915865,1
mossy,Bergamot,6173,36337,2304,0.37323829580430906,1.355129162161502,2
mossy,Musk,6173,49244,2162,0.3502348938927588,0.9383171462771438,3
mossy,Patchouli,6173,32473,2137,0.34618499919002105,1.406466508888599,4
mossy,Jasmine,6173,33686,1909,0.309249959501053,1.2111662755142765,5
mossy,Moss,6173,4302,1843,0.2985582374858254,9.155924749303798,6
mossy,Amber,6173,36671,1809,0.29305038069010203,1.0542973118934624,7
mossy,Sandalwood,6173,34292,1419,0.22987202332739348,0.8843758321936027,8
mossy,Rose,6173,27804,1321,0.21399643609266158,1.0154132431918013,9
mossy,Cedar,6173,22305,1307,0.21172849505912847,1.2523353666510117,10
musky,Musk,41154,49244,30302,0.7363075278223259,1.972647472699201,1
musky,Amber,41154,36671,12091,0.2937989016863488,1.0569902402301548,2
musky,Bergamot,41154,36337,12011,0.29185498371968704,1.0596479621911086,3
musky,Jasmine,41154,33686,11550,0.2806531564367984,1.099167931149641,4
musky,Vanilla,41154,35628,10544,0.25620838800602613,0.9487361802412436,5
musky,Sandalwood,41154,34292,10325,0.25088691257228946,0.9652254279616863,6
musky,Rose,41154,27804,9844,0.23919910579773535,1.1349999290711847,7
musky,Patchouli,41154,32473,8413,0.20442727316907228,0.8305389138421366,8
musky,Cedar,41154,22305,7064,0.17164795645623754,1.0152663033073939,9
musky,White Musk,41154,8339,5520,0.13413033969966467,2.1220548886649193,10
nutty,Vanilla,3619,35628,1589,0.43907156673114117,1.6258760468968074,1
nutty,Almond,3619,2713,1144,0.3161094224924012,15.3720295279847,2
nutty,Musk,3619,49244,840,0.23210831721470018,0.6218432761379131,3
nutty,Sandalwood,3619,34292,780,0.21552915169936446,0.8291951762421893,4
nutty,Hazelnut,3619,963,698,0.19287095882840563,26.423121078122072,5
nutty,Tonka Bean,3619,14188,673,0.18596297319701574,1.729214480820573,6
nutty,Jasmine,3619,33686,630,0.17408123791102514,0.6817828687763922,7
nutty,Amber,3619,36671,523,0.14451505940867643,0.519916876763292,8
nutty,Cherry,3619,1599,486,0.1342912406742194,11.080077162069896,9
nutty,Coconut,3619,3886,470,0.12987012987012986,4.409100935091671,10
oily,Oily Notes,132,240,132,1.0,549.7083333333334,1
oily,Vanilla,132,35628,35,0.26515151515151514,0.9818524585702086,2
oily,Coconut,132,3886,27,0.20454545454545456,6.944333972769382,3
oily,Sugar,132,2094,19,0.14393939393939395,9.068731729906515,4
oily,Olive,132,169,18,0.13636363636363635,106.45239376008607,5
oily,Herbal Notes,132,997,11,0.08333333333333333,11.027248411902374,6
oily,Custard,132,234,9,0.06818181818181818,38.44114219114219,7
oily,Pumpkin,132,145,8,0.06060606060606061,55.14315569487983,8
oily,Wildflowers,132,251,8,0.06060606060606061,31.855607871544127,9
oily,Wild Berries,132,403,8,0.06060606060606061,19.840589518008873,10
oud,Agarwood (Oud),8298,5939,4409,0.5313328512894674,11.803122254692612,1
oud,Amber,8298,36671,2860,0.3446613641841408,1.2399763785229116,2
oud,Patchouli,8298,32473,2629,0.316823330923114,1.2871771024754852,3
oud,Musk,8298,49244,2561,0.3086285852012533,0.8268493470392606,4
oud,Oud,8298,3780,2539,0.3059773439382984,10.679256874544896,5
oud,Saffron,8298,8393,2399,0.2891058086285852,4.544469120978106,6
oud,Rose,8298,27804,2394,0.2885032537960954,1.3689481467889106,7
oud,Sandalwood,8298,34292,2370,0.2856109906001446,1.0988177414521485,8
oud,Vanilla,8298,35628,1982,0.2388527355989395,0.8844684351512319,9
oud,Leather,8298,10626,1555,0.18739455290431428,2.326648161553377,10
ozonic,Musk,5777,49244,2167,0.3751081876406439,1.0049553893962748,1
ozonic,Violet Leaf,5777,2849,1640,0.2838843690496798,13.145968693830905,2
ozonic,Bergamot,5777,36337,1308,0.22641509433962265,0.8220530972899913,3
ozonic,Sandalwood,5777,34292,1271,0.2200103860135018,0.8464356184171613,4
ozonic,Amber,5777,36671,1259,0.2179331833131383,0.7840507451256398,5
ozonic,Jasmine,5777,33686,1133,0.19612255495932146,0.7681068893838175,6
ozonic,Cedar,5777,22305,979,0.1694651203046564,1.00235522626287,7
ozonic,Patchouli,5777,32473,902,0.15613640297732387,0.6343447062112628,8
ozonic,Rose,5777,27804,849,0.14696209105071836,0.6973352277485713,9
ozonic,Ozonic notes,5777,1107,847,0.14661589060065777,17.473382517565295,10
paper,Paper,58,108,58,1.0,1221.5740740740741,1
paper,Amber,58,36671,13,0.22413793103448276,0.8063733533685831,2
paper,Leather,58,10626,12,0.20689655172413793,2.568780544792539,3
paper,Rose,58,27804,12,0.20689655172413793,0.9817242867560609,4
paper,Sandalwood,58,34292,11,0.1896551724137931,0.7296514317202766,5
paper,Vanilla,58,35628,10,0.1724137931034483,0.6384459336515642,6
paper,Musk,58,49244,9,0.15517241379310345,0.4157236729697859,7
paper,Ink,58,147,8,0.13793103448275862,123.7907576823833,8
paper,Tobacco,58,5072,7,0.1206896551724138,3.139311160665724,9
paper,Woody Notes,58,8278,5,0.08620689655172414,1.37391590505786,10
patchouli,Patchouli,14822,32473,14457,0.9753744433949535,3.9627121090474,1
patchouli,Musk,14822,49244,4788,0.3230333288355148,0.8654412125998998,2
patchouli,Bergamot,14822,36337,4589,0.30960734043988664,1.1241020564227715,3
patchouli,Amber,14822,36671,4519,0.3048846309539873,1.0968729885129815,4
patchouli,Vanilla,14822,35628,4173,0.2815409526379706,1.0425423229349797,5
patchouli,Jasmine,14822,33686,3866,0.2608284981783835,1.0215253744782442,6
patchouli,Rose,14822,27804,3835,0.2587370125489138,1.2277073106595524,7
patchouli,Sandalwood,14822,34292,3386,0.228444204560788,0.8788826521551605,8
patchouli,Cedar,14822,22305,2607,0.17588719471056538,1.040340623096386,9
patchouli,Vetiver,14822,17674,2345,0.15821076777762785,1.1809860016353084,10
plastic,Plastic,39,29,26,0.6666666666666666,3032.8735632183907,1
plastic,Musk,39,49244,16,0.41025641025641024,1.0991212778232518,2
plastic,latex,39,25,15,0.38461538461538464,2029.6923076923076,3
plastic,Leather,39,10626,9,0.23076923076923078,2.865178299960909,4
plastic,Metallic notes,39,402,8,0.20512820512820512,67.31981120040821,5
plastic,Smoke,39,1224,7,0.1794871794871795,19.346195743254565,6
plastic,Peach,39,7921,6,0.15384615384615385,2.562419274955571,7
plastic,Rose,39,27804,6,0.15384615384615385,0.7300001106647632,8
plastic,Patchouli,39,32473,6,0.15384615384615385,0.6250399740376028,9
plastic,Vanilla,39,35628,6,0.15384615384615385,0.5696902177198573,10
powdery,Musk,62885,49244,32661,0.5193766398982269,1.3914661705339346,1
powdery,Sandalwood,62885,34292,23852,0.37929553947682276,1.4592459035103589,2
powdery,Vanilla,62885,35628,23052,0.36657390474675994,1.3574181894363995,3
powdery,Amber,62885,36671,20646,0.328313588296096,1.18116254544201,4
powdery,Bergamot,62885,36337,18614,0.2960006360817365,1.074699725301029,5
powdery,Jasmine,62885,33686,18196,0.28935358193527866,1.1332428327709232,6
powdery,Rose,62885,27804,14741,0.23441202194481991,1.1122852127456513,7
powdery,Patchouli,62885,32473,12611,0.20054066947602767,0.8147485764780689,8
powdery,Cedar,62885,22305,12028,0.1912697781664944,1.1313257939253802,9
powdery,Violet,62885,9921,8579,0.1364236304365111,1.8141688905845084,10
rose,Rose,25617,27804,17330,0.6765038841394386,3.2100114168650604,1
rose,Musk,25617,49244,11097,0.4331888979974236,1.1605598918203253,2
rose,Jasmine,25617,33686,7738,0.3020650349377367,1.1830267784639197,3
rose,Amber,25617,36671,7664,0.2991763282195417,1.0763364233864399,4
rose,Sandalwood,25617,34292,7133,0.2784479056876293,1.0712595415073176,5
rose,Vanilla,25617,35628,6937,0.27079673654214,1.0027566366903706,6
rose,Patchouli,25617,32473,6935,0.27071866338759415,1.0998649111792966,7
rose,Bergamot,25617,36337,6744,0.2632626771284694,0.9558368878432166,8
rose,Cedar,25617,22305,3942,0.15388218760979036,0.9101850262882603,9
rose,Peony,25617,5269,2935,0.11457235429597533,2.8687665026130245,10
rubber,Rubber,21,37,19,0.9047619047619048,3226.087516087516,1
rubber,Leather,21,10626,11,0.5238095238095238,6.50349995070492,2
rubber,Cedar,21,22305,6,0.2857142857142857,1.6899478015819642,3
rubber,Patchouli,21,32473,6,0.2857142857142857,1.1607885232126909,4
rubber,Musk,21,49244,6,0.2857142857142857,0.7654594613411931,5
rubber,Metallic notes,21,402,5,0.23809523809523808,78.13906657190239,6
rubber,Gasoline,21,53,4,0.19047619047619047,474.1419586702606,7
rubber,Smoke,21,1224,4,0.19047619047619047,20.530656707127296,8
rubber,Rose,21,27804,4,0.19047619047619047,0.9038096608230402,9
rubber,Agarwood (Oud),21,5939,3,0.14285714285714285,3.173453924422101,10
rum,Rum,1166,1971,1126,0.9656946826758147,64.63931988098439,1
rum,Vanilla,1166,35628,514,0.44082332761578047,1.6323627936552687,2
rum,Patchouli,1166,32473,303,0.25986277873070324,1.0557600590626577,3
rum,Sandalwood,1166,34292,298,0.2555746140651801,0.9832602016102651,4
rum,Amber,1166,36671,283,0.24271012006861065,0.8731898813954296,5
rum,Musk,1166,49244,283,0.24271012006861065,0.6502466521942125,6
rum,Tonka Bean,1166,14188,234,0.2006861063464837,1.866120525112179,7
rum,Tobacco,1166,5072,213,0.18267581475128644,4.7516601419828906,8
rum,Cinnamon,1166,8039,204,0.17495711835334476,2.8712641652390567,9
rum,Bergamot,1166,36337,190,0.16295025728987994,0.591629123049615,10
sake,Sake,9,22,9,1.0,5996.818181818182,1
sake,Rose,9,27804,4,0.4444444444444444,2.108889208587094,2
sake,Musk,9,49244,3,0.3333333333333333,0.893036038231392,3
sake,Cherry Blossom,9,595,2,0.2222222222222222,49.27357609710551,4
sake,Vetiver,9,17674,2,0.2222222222222222,1.6588082934127972,5
sake,Cedar,9,22305,2,0.2222222222222222,1.3144038456748612,6
sake,Sandalwood,9,34292,2,0.2222222222222222,0.8549451119146675,7
sake,Avocado,9,17,1,0.1111111111111111,862.2875816993464,8
sake,Water,9,57,1,0.1111111111111111,257.1734892787524,9
sake,Plumeria,9,70,1,0.1111111111111111,209.4126984126984,10
salty,Sea Notes,2520,2183,802,0.31825396825396823,19.23373615746497,1
salty,Musk,2520,49244,722,0.2865079365079365,0.7675857376226964,2
salty,Salt,2520,939,675,0.26785714285714285,37.63407120036513,3
salty,Sea Salt,2520,713,558,0.22142857142857142,40.97204968944099,4
salty,Amber,2520,36671,526,0.20873015873015874,0.7509413389672995,5
salty,Bergamot,2520,36337,499,0.198015873015873,0.7189430642866534,6
salty,Sandalwood,2520,34292,404,0.16031746031746033,0.6167818307384387,7
salty,Patchouli,2520,32473,396,0.15714285714285714,0.6384336877669801,8
salty,Jasmine,2520,33686,356,0.14126984126984127,0.5532782211818013,9
salty,Ambergris,2520,6452,343,0.1361111111111111,2.7831895364055934,10
sand,Sand,215,304,215,1.0,433.98026315789474,1
sand,Musk,215,49244,66,0.30697674418604654,0.8224238863712354,2
sand,Amber,215,36671,38,0.17674418604651163,0.6358665011893944,3
sand,Sandalwood,215,34292,35,0.16279069767441862,0.6262970005886518,4
sand,Vanilla,215,35628,34,0.15813953488372093,0.5855885493771557,5
sand,Sea Notes,215,2183,33,0.15348837209302327,9.276097540188987,6
sand,Bergamot,215,36337,33,0.15348837209302327,0.5572755299070523,7
sand,Sea water,215,762,29,0.13488372093023257,23.353293047671368,8
sand,Jasmine,215,33686,24,0.11162790697674418,0.4371866581797144,9
sand,Patchouli,215,32473,23,0.10697674418604651,0.4346208191563796,10
savory,Milk,654,1657,373,0.5703363914373089,45.41006645885586,1
savory,Vanilla,654,35628,243,0.37155963302752293,1.375880273529839,2
savory,Rice,654,371,195,0.2981651376146789,106.02945176685873,3
savory,Musk,654,49244,150,0.22935779816513763,0.6144743382326091,4
savory,Sandalwood,654,34292,101,0.154434250764526,0.5941476351150098,5
savory,Sugar,654,2094,87,0.13302752293577982,8.381242168537455,6
savory,Caramel,654,4734,80,0.12232415902140673,3.409004288063834,7
savory,Amber,654,36671,66,0.10091743119266056,0.36306718380321523,8
savory,Jasmine,654,33686,58,0.08868501529051988,0.3473316531282517,9
savory,Bergamot,654,36337,56,0.0856269113149847,0.3108885821555421,10
smoky,Incense,7407,7023,3855,0.5204536249493722,9.776939589857706,1
smoky,Leather,7407,10626,2545,0.34359389766437154,4.265983711543435,2
smoky,Amber,7407,36671,2150,0.29026596462805454,1.0442799136478207,3
smoky,Patchouli,7407,32473,2068,0.27919535574456594,1.1343036763890182,4
smoky,Musk,7407,49244,1930,0.2605643310382071,0.6980800136843202,5
smoky,Vanilla,7407,35628,1579,0.2131767247198596,0.7893905156700088,6
smoky,Sandalwood,7407,34292,1498,0.2022411232617794,0.7780727689235553,7
smoky,Bergamot,7407,36337,1461,0.19724584852166868,0.7161473097796668,8
smoky,Cedar,7407,22305,1261,0.1702443634399892,1.0069643070449574,9
smoky,Rose,7407,27804,1237,0.16700418523018767,0.7924349790468515,10
soapy,Orange Blossom,1720,11479,829,0.4819767441860465,5.539436524127983,1
soapy,Jasmine,1720,33686,485,0.2819767441860465,1.1043517146727162,2
soapy,Musk,1720,49244,449,0.261046511627907,0.6993718276149331,3
soapy,Aldehydes,1720,3019,324,0.1883720930232558,8.231841746458477,4
soapy,Lily-of-the-Valley,1720,7339,323,0.1877906976744186,3.37583141356943,5
soapy,Bergamot,1720,36337,292,0.1697674418604651,0.6163805103517396,6
soapy,Rose,1720,27804,280,0.16279069767441862,0.7724419775638773,7
soapy,Neroli,1720,6490,272,0.15813953488372093,3.2146916544236213,8
soapy,Amber,1720,36671,262,0.15232558139534882,0.5480165240513859,9
soapy,Vanilla,1720,35628,238,0.13837209302325582,0.5123899807050112,10
soft spicy,Pink Pepper,13661,10387,4687,0.3430934777834712,4.357785936649019,1
soft spicy,Amber,13661,36671,4236,0.31007978918087986,1.1155634312299496,2
soft spicy,Musk,13661,49244,4173,0.30546812092818976,0.818382121559095,3
soft spicy,Vanilla,13661,35628,4138,0.3029060830100285,1.1216571104612403,4
soft spicy,Bergamot,13661,36337,3045,0.22289729888002344,0.8092809159050415,5
soft spicy,Patchouli,13661,32473,2988,0.2187248371275895,0.8886264823774483,6
soft spicy,Jasmine,13661,33686,2731,0.19991215869994877,0.7829487352990631,7
soft spicy,Sandalwood,13661,34292,2577,0.18863919186003952,0.7257426974832327,8
soft spicy,Rose,13661,27804,2361,0.1728277578508162,0.8200678353207517,9
soft spicy,Cedar,13661,22305,2019,0.14779298733621257,0.8741685191332224,10
sour,Fruity Notes,1912,2476,375,0.1961297071129707,10.450481526419315,1
sour,Musk,1912,49244,338,0.17677824267782427,0.47360802445953526,2
sour,Floral Notes,1912,4436,310,0.16213389121338911,4.821984731240403,3
sour,Red Berries,1912,1527,276,0.14435146443514643,12.471701835578829,4
sour,Vanilla,1912,35628,216,0.11297071129707113,0.4183290092461714,5
sour,Lime,1912,3838,189,0.09884937238493724,3.397914981434281,6
sour,Amber,1912,36671,180,0.09414225941422594,0.33869238047827516,7
sour,Jasmine,1912,33686,167,0.08734309623430962,0.3420760757048171,8
sour,Pomegranate,1912,881,166,0.08682008368200837,13.00133216818089,9
sour,Plum,1912,3763,160,0.08368200836820083,2.9338738676632303,10
spice,Amber,8,36671,3,0.375,1.3491246489051294,1
spice,Clove,8,2098,2,0.25,15.720924690181125,2
spice,Tonka Bean,8,14188,2,0.25,2.324675782351283,3
spice,Vanilla,8,35628,2,0.25,0.9257466037947681,4
spice,Cherry Tree,8,16,1,0.125,1030.703125,5
spice,Bakhoor,8,21,1,0.125,785.297619047619,6
spice,Bushman Candle,8,25,1,0.125,659.65,7
spice,Wintergreen,8,27,1,0.125,610.7870370370371,8
spice,Molasses,8,28,1,0.125,588.9732142857143,9
spice,Dark Patchouli,8,43,1,0.125,383.5174418604651,10
sweet,Musk,60625,49244,23175,0.3822680412371134,1.0241374112665984,1
sweet,Vanilla,60625,35628,23111,0.3812123711340206,1.4116242316074812,2
sweet,Jasmine,60625,33686,16194,0.26711752577319586,1.0461561234714045,3
sweet,Amber,60625,36671,15476,0.2552742268041237,0.9183913376310447,4
sweet,Sandalwood,60625,34292,14514,0.23940618556701032,0.9210561665069308,5
sweet,Bergamot,60625,36337,13598,0.22429690721649484,0.8143625221969938,6
sweet,Patchouli,60625,32473,12250,0.2020618556701031,0.8209287906432021,7
sweet,Rose,60625,27804,11875,0.1958762886597938,0.9294331305886419,8
sweet,Tonka Bean,60625,14188,9307,0.15351752577319588,1.4275138973257493,9
sweet,Cedar,60625,22305,7892,0.13017731958762888,0.7699750626853117,10
tennis ball,Laurels,3,195,2,0.6666666666666666,451.04273504273505,1
tennis ball,Lime (Linden) Blossom,3,326,2,0.6666666666666666,269.7955010224949,2
tennis ball,Ivy,3,419,2,0.6666666666666666,209.91249005568815,3
tennis ball,Oakmoss,3,8737,2,0.6666666666666666,10.066765861661136,4
tennis ball,Vetiver,3,17674,2,0.6666666666666666,4.976424880238391,5
tennis ball,Green Grass,3,213,1,0.3333333333333333,206.46322378716744,6
tennis ball,Cotton Flower,3,327,1,0.3333333333333333,134.48521916411823,7
tennis ball,Rosemary,3,3207,1,0.3333333333333333,13.712711776322628,8
tennis ball,Floral Notes,3,4436,1,0.3333333333333333,9.913585813044785,9
tennis ball,Grapefruit,3,9759,1,0.3333333333333333,4.506267718687024,10
terpenic,Mango,557,1569,307,0.5511669658886894,46.345097393049585,1
terpenic,Orange,557,8200,146,0.2621184919210054,4.217230809651005,2
terpenic,Musk,557,49244,121,0.21723518850987433,0.5819965563339233,3
terpenic,Ginger,557,6847,83,0.1490125673249551,2.8712177606515743,4
terpenic,Jasmine,557,33686,77,0.13824057450628366,0.5414142075228285,5
terpenic,Vanilla,557,35628,74,0.13285457809694792,0.49195869788734536,6
terpenic,Amber,557,36671,64,0.11490125673249552,0.413376313727963,7
terpenic,Sandalwood,557,34292,60,0.10771992818671454,0.41442581726563776,8
terpenic,Pineapple,557,4299,50,0.08976660682226212,2.754805405457325,9
terpenic,Lemon,557,14685,46,0.08258527827648116,0.7419459150845188,10
tobacco,Tobacco,4372,5072,3528,0.8069533394327539,20.9900146039754,1
tobacco,Vanilla,4372,35628,1331,0.3044373284537969,1.1273272915378192,2
tobacco,Amber,4372,36671,1248,0.28545288197621227,1.0269640511336393,3
tobacco,Patchouli,4372,32473,1126,0.257548032936871,1.046355802831934,4
tobacco,Musk,4372,49244,1013,0.2317017383348582,0.6207540073616652,5
tobacco,Saffron,4372,8393,974,0.22278133577310155,3.501911310442665,6
tobacco,Leather,4372,10626,948,0.21683440073193047,2.692166618536005,7
tobacco,Sandalwood,4372,34292,941,0.21523330283623054,0.8280569708148809,8
tobacco,Bergamot,4372,36337,888,0.2031107044830741,0.7374410447326958,9
tobacco,Tonka Bean,4372,14188,767,0.17543458371454712,1.6313141125923458,10
tropical,Musk,6512,49244,2529,0.38835995085995084,1.0404582957711257,1
tropical,Vanilla,6512,35628,2008,0.3083538083538084,1.1418299634028837,2
tropical,Jasmine,6512,33686,1578,0.24232186732186733,0.9490448244307415,3
tropical,Sandalwood,6512,34292,1526,0.23433660933660933,0.9015522241274604,4
tropical,Amber,6512,36671,1491,0.22896191646191646,0.8237284404248763,5
tropical,Pineapple,6512,4299,1362,0.20915233415233414,6.418578144851697,6
tropical,Mango,6512,1569,1259,0.19333538083538085,16.256683743538428,7
tropical,Coconut,6512,3886,1221,0.1875,6.3656394750386,8
tropical,Bergamot,6512,36337,1106,0.16984029484029484,0.6166450201799846,9
tropical,Rose,6512,27804,1101,0.16907248157248156,0.802249046678805,10
tuberose,Tuberose,3931,6058,3791,0.9643856525057237,21.002211808365818,1
tuberose,Jasmine,3931,33686,1866,0.4746883744594251,1.8590998409556478,2
tuberose,Musk,3931,49244,1497,0.38081912999236833,1.0202556213933303,3
tuberose,Vanilla,3931,35628,1299,0.3304502671076062,1.2236528499917618,4
tuberose,Sandalwood,3931,34292,1270,0.3230730094123633,1.242943605848976,5
tuberose,Amber,3931,36671,1023,0.26023912490460444,0.9362533813821402,6
tuberose,Bergamot,3931,36337,1004,0.2554057491732384,0.9273104683497629,7
tuberose,Orange Blossom,3931,11479,936,0.2381073518188756,2.7366062309839063,8
tuberose,Patchouli,3931,32473,839,0.2134316967692699,0.8671217243485289,9
tuberose,Rose,3931,27804,748,0.19028237089799033,0.902889986785062,10
vanilla,Vanilla,34562,35628,25290,0.731728487934726,2.7095806504218145,1
vanilla,Musk,34562,49244,12262,0.35478270933395056,0.9505012355297722,2
vanilla,Amber,34562,36671,9764,0.28250679937503614,1.01636503072042,3
vanilla,Jasmine,34562,33686,9498,0.2748104855043111,1.076285321872106,4
vanilla,Sandalwood,34562,34292,9433,0.27292980730281813,1.050030020922104,5
vanilla,Bergamot,34562,36337,9103,0.2633817487413923,0.9562692052577781,6
vanilla,Tonka Bean,34562,14188,8712,0.25206874602164225,2.343912437456672,7
vanilla,Patchouli,34562,32473,8090,0.23407210230889416,0.9509787348755091,8
vanilla,Rose,34562,27804,6949,0.2010589664949945,0.9540249406446779,9
vanilla,Cedar,34562,22305,4628,0.1339042879462994,0.7920193996303645,10
varnish,Varnish Accord,5,14,5,1.0,9423.57142857143,1
varnish,Paper,5,108,2,0.4,488.6296296296296,2
varnish,Cedar,5,22305,2,0.4,2.36592692221475,3
varnish,Amber,5,36671,2,0.4,1.4390662921654713,4
varnish,Rose Oxide,5,29,1,0.2,909.8620689655172,5
varnish,Blood,5,76,1,0.2,347.1842105263158,6
varnish,Ink,5,147,1,0.2,179.49659863945578,7
varnish,Metallic notes,5,402,1,0.2,65.636815920398,8
varnish,Resin,5,571,1,0.2,46.21015761821366,9
varnish,Seaweed,5,675,1,0.2,39.09037037037037,10
vinyl,Vinyl,37,41,37,1.0,3217.8048780487807,1
vinyl,Musk,37,49244,13,0.35135135135135137,0.9413082565141699,2
vinyl,Rose,37,27804,10,0.2702702702702703,1.282432626843503,3
vinyl,Patchouli,37,32473,9,0.24324324324324326,0.988238877870264,4
vinyl,Sandalwood,37,34292,9,0.24324324324324326,0.9358182981768658,5
vinyl,Saffron,37,8393,8,0.21621621621621623,3.398713857429454,6
vinyl,Amber,37,36671,8,0.21621621621621623,0.7778736714407953,7
vinyl,Leather,37,10626,6,0.16216216216216217,2.0133685351076656,8
vinyl,Blackberry,37,1342,5,0.13513513513513514,13.284931727554678,9
vinyl,Styrax,37,1435,5,0.13513513513513514,12.4239570581034,10
violet,Violet,7614,9921,5805,0.7624113475177305,10.138587751034592,1
violet,Musk,7614,49244,3285,0.4314420803782506,1.155879978561908,2
violet,Iris,7614,9451,2566,0.33701076963488313,4.704457818001283,3
violet,Sandalwood,7614,34292,2176,0.2857893354347255,1.0995038791526692,4
violet,Rose,7614,27804,2130,0.2797478329393223,1.3274036685255644,5
violet,Amber,7614,36671,2114,0.2776464407670081,0.9988790851187964,6
violet,Jasmine,7614,33686,2096,0.27528237457315474,1.0781334583339162,7
violet,Vanilla,7614,35628,2060,0.2705542421854479,1.0018586833817822,8
violet,Bergamot,7614,36337,1996,0.26214867349619125,0.9517922364078627,9
violet,Patchouli,7614,32473,1479,0.19424743892829,0.7891806921999599,10
vodka,Vodka,87,111,85,0.9770114942528736,1161.2353733043387,1
vodka,Musk,87,49244,31,0.3563218390804598,0.9546247305232121,2
vodka,Ginger,87,6847,24,0.27586206896551724,5.3153910849453325,3
vodka,Amber,87,36671,24,0.27586206896551724,0.9924595118382561,4
vodka,Lime,87,3838,16,0.1839080459770115,6.321779183362983,5
vodka,Sandalwood,87,34292,16,0.1839080459770115,0.7075407822742076,6
vodka,Pepper,87,4316,14,0.16091954022988506,4.918933026535852,7
vodka,Mint,87,4605,14,0.16091954022988506,4.610231257878119,8
vodka,Bergamot,87,36337,14,0.16091954022988506,0.5842561285336911,9
vodka,Leather,87,10626,13,0.14942528735632185,1.855230393461278,10
warm spicy,Patchouli,45319,32473,18143,0.4003398133233302,1.6264845124179148,1
warm spicy,Sandalwood,45319,34292,16364,0.3610847547386306,1.3891844072281445,2
warm spicy,Amber,45319,36671,14109,0.3113263752509985,1.1200482312144264,3
warm spicy,Musk,45319,49244,14073,0.31053200644321366,0.8319488183342778,4
warm spicy,Vanilla,45319,35628,13294,0.2933427480747589,1.0862442111121293,5
warm spicy,Bergamot,45319,36337,12283,0.2710342240561354,0.9840533114931321,6
warm spicy,Rose,45319,27804,9389,0.2071757982303228,0.9830493116287761,7
warm spicy,Jasmine,45319,33686,9360,0.20653589002405173,0.8088903393360193,8
warm spicy,Cardamom,45319,10562,9026,0.19916591275182594,2.487782509879606,9
warm spicy,Cedar,45319,22305,8796,0.19409077870208963,1.1480114967122477,10
wet plaster,Carrot Seeds,2,424,1,0.5,155.57783018867926,1
wet plaster,Pink Grapefruit,2,738,1,0.5,89.38346883468834,2
wet plaster,Green Leaves,2,1138,1,0.5,57.96572934973638,3
wet plaster,Apricot,2,1974,1,0.5,33.41691995947315,4
wet plaster,Ambergris,2,6452,1,0.5,10.223961562306261,5
wet plaster,White Musk,2,8339,1,0.5,7.910420913778631,6
wet plaster,Jasmine,2,33686,1,0.5,1.958231906429971,7
whiskey,Whiskey,808,542,469,0.5804455445544554,141.28815626027549,1
whiskey,Tobacco,808,5072,433,0.5358910891089109,13.939296408939,2
whiskey,Vanilla,808,35628,249,0.30816831683168316,1.1411430908163231,3
whiskey,Amber,808,36671,221,0.27351485148514854,0.9840150079473056,4
whiskey,Musk,808,49244,173,0.2141089108910891,0.573620920596649,5
whiskey,Patchouli,808,32473,158,0.19554455445544555,0.794450561060171,6
whiskey,Sandalwood,808,34292,152,0.18811881188118812,0.723740664046575,7
whiskey,Leather,808,10626,150,0.18564356435643564,2.304908285859642,8
whiskey,Cedar,808,22305,130,0.1608910891089109,0.9516413981680616,9
whiskey,Bergamot,808,36337,123,0.15222772277227722,0.5526984469093909,10
white floral,Jasmine,39497,33686,23098,0.5848039091576576,2.2903633478349983,1
white floral,Musk,39497,49244,17841,0.45170519279945315,1.210167047478512,2
white floral,Bergamot,39497,36337,12550,0.31774565156847356,1.1536501035151145,3
white floral,Vanilla,39497,35628,11980,0.3033141757601843,1.1231682723712002,4
white floral,Amber,39497,36671,11882,0.300832974656303,1.082296483499388,5
white floral,Sandalwood,39497,34292,11712,0.29652885029242726,1.1408215099463412,6
white floral,Rose,39497,27804,10504,0.2659442489302985,1.261905652473539,7
white floral,Orange Blossom,39497,11479,9381,0.2375117097501076,2.7297604205359085,8
white floral,Patchouli,39497,32473,8836,0.2237131934070942,0.9088929758937561,9
white floral,Cedar,39497,22305,6417,0.16246803554700356,0.9609687482499969,10
wine,Red Wine,236,255,194,0.8220338983050848,425.2977733466268,1
wine,Musk,236,49244,70,0.2966101694915254,0.7946507119855607,2
wine,Amber,236,36671,66,0.2796610169491525,1.006126856810605,3
wine,Vanilla,236,35628,55,0.2330508474576271,0.8629841221815635,4
wine,Rose,236,27804,54,0.2288135593220339,1.0857205035734403,5
wine,Patchouli,236,32473,52,0.22033898305084745,0.8951843695962278,6
wine,White Wine,236,73,43,0.18220338983050846,329.2889482238217,7
wine,Sandalwood,236,34292,38,0.16101694915254236,0.619472941260204,8
wine,Leather,236,10626,32,0.13559322033898305,1.6834945943273136,9
wine,Cedar,236,22305,32,0.13559322033898305,0.8020091261744915,10
woody,Musk,81432,49244,31022,0.3809558895765792,1.020622015105152,1
woody,Sandalwood,81432,34292,29401,0.3610497101876412,1.3890495819740905,2
woody,Patchouli,81432,32473,26573,0.326321347873072,1.3257652642162532,3
woody,Bergamot,81432,36337,26164,0.32129875233323507,1.1665504690900104,4
woody,Amber,81432,36671,24304,0.2984576088024364,1.0737507111697373,5
woody,Jasmine,81432,33686,21633,0.2656572354848217,1.0404369494007162,6
woody,Vanilla,81432,35628,20970,0.25751547303271444,0.9535762983385543,7
woody,Cedar,81432,22305,19660,0.24142843108360348,1.4280050622219147,8
woody,Rose,81432,27804,17745,0.21791187739463602,1.033992014986129,9
woody,Vetiver,81432,17674,15494,0.190269181648492,1.4202904342472302,10
yellow floral,Ylang-Ylang,6986,7086,3899,0.5581162324649298,10.39123264875786,1
yellow floral,Jasmine,6986,33686,2908,0.41626109361580305,1.6302715098477971,2
yellow floral,Musk,6986,49244,2598,0.3718866304036645,0.9963244892607314,3
yellow floral,Sandalwood,6986,34292,2139,0.3061837961637561,1.177966529449561,4
yellow floral,Vanilla,6986,35628,2099,0.30045805897509303,1.112592110715842,5
yellow floral,Bergamot,6986,36337,2036,0.29144002290294874,1.0581413496322214,6
yellow floral,Rose,6986,27804,1775,0.2540795877469224,1.20560782662392,7
yellow floral,Amber,6986,36671,1756,0.25135986258230747,0.904308763613859,8
yellow floral,Patchouli,6986,32473,1462,0.20927569424563414,0.850236884236951,9
yellow floral,Mimosa,6986,2076,1225,0.17535070140280562,11.143553967279454,10
