query_id,query_text,gold_scent,pred_scent,scent_match,gold_context,pred_context,context_match,gold_performance,pred_performance,performance_match,gold_avoid,pred_avoid,avoid_match,gold_additional,pred_additional,additional_match,overall_exact_match,parser_error,error_components,error_type
UQ0001,비가 온 뒤의 숲같은 향을 찾고 있어,[],[],True,"{""season"":[],""daypart"":[],""gender"":[]}","{""season"":[],""daypart"":[],""gender"":[]}",True,"{""intensity"":"""",""longevity"":""""}","{""intensity"":"""",""longevity"":""""}",True,[],[],True,"[""비가 온 뒤"",""숲""]",[],False,False,,"[""MISSED_ADDITIONAL""]",MISSED_ADDITIONAL
UQ0002,시트러스 계열의 깔끔한 향의 향수가 있어?,"[""Citrus""]","[""citrus""]",True,"{""season"":[],""daypart"":[],""gender"":[]}","{""season"":[],""daypart"":[],""gender"":[]}",True,"{""intensity"":"""",""longevity"":""""}","{""intensity"":"""",""longevity"":""""}",True,[],[],True,"[""깔끔한""]",[],False,False,,"[""MISSED_ADDITIONAL""]",MISSED_ADDITIONAL
UQ0003,향수 가격 적당한 거 추천해줘. 그냥 구색 갖추려고 사는 거야.,[],[],True,"{""season"":[],""daypart"":[],""gender"":[]}","{""season"":[],""daypart"":[],""gender"":[]}",True,"{""intensity"":"""",""longevity"":""""}","{""intensity"":"""",""longevity"":""""}",True,[],[],True,"[""가격 적당"",""구색 갖추려고""]",[],False,False,,"[""MISSED_ADDITIONAL""]",MISSED_ADDITIONAL
UQ0004,"여성스러운 향을 사고 싶은데, 너무 달콤한 건 싫어. 그런 향기가 있을까?",[],[],True,"{""season"":[],""daypart"":[],""gender"":[""female""]}","{""season"":[],""daypart"":[],""gender"":[]}",False,"{""intensity"":"""",""longevity"":""""}","{""intensity"":"""",""longevity"":""""}",True,"[""달콤한""]",[],False,[],[],True,False,,"[""MISSED_GENDER"",""MISSED_AVOID""]",MULTIPLE_ERRORS
UQ0005,난 바닐라 향기가 좋은데. 너무 단 건 싫어.,"[""Vanilla""]","[""vanilla""]",True,"{""season"":[],""daypart"":[],""gender"":[]}","{""season"":[],""daypart"":[],""gender"":[]}",True,"{""intensity"":"""",""longevity"":""""}","{""intensity"":"""",""longevity"":""""}",True,"[""너무 단""]",[],False,[],[],True,False,,"[""MISSED_AVOID""]",MISSED_AVOID
UQ0006,바다 냄새 나는 향수가 있나? 가능함?,"[""Sea Notes""]",[],False,"{""season"":[],""daypart"":[],""gender"":[]}","{""season"":[],""daypart"":[],""gender"":[]}",True,"{""intensity"":"""",""longevity"":""""}","{""intensity"":"""",""longevity"":""""}",True,[],[],True,[],[],True,False,,"[""MISSED_SCENT""]",MISSED_SCENT
UQ0007,30대 초반 남자가 쓰기 좋은 향수 추천해줘,[],[],True,"{""season"":[],""daypart"":[],""gender"":[""male""]}","{""season"":[],""daypart"":[],""gender"":[]}",False,"{""intensity"":"""",""longevity"":""""}","{""intensity"":"""",""longevity"":""""}",True,[],[],True,"[""30대 초반""]",[],False,False,,"[""MISSED_GENDER"",""MISSED_ADDITIONAL""]",MULTIPLE_ERRORS
UQ0008,레몬 말고. 레몬 껍질 냄새나는 향수 있음?,"[""Lemon Peel"",""Lemon Zest""]",[],False,"{""season"":[],""daypart"":[],""gender"":[]}","{""season"":[],""daypart"":[],""gender"":[]}",True,"{""intensity"":"""",""longevity"":""""}","{""intensity"":"""",""longevity"":""""}",True,[],[],True,[],[],True,False,,"[""MISSED_SCENT""]",MISSED_SCENT
UQ0009,"중성적인 향수 뿌리고 싶어. 너무 여성스럽지 않되, 너무 남자 향수도 아니었으면 좋겠다.",[],[],True,"{""season"":[],""daypart"":[],""gender"":[""neuter""]}","{""season"":[],""daypart"":[],""gender"":[]}",False,"{""intensity"":"""",""longevity"":""""}","{""intensity"":"""",""longevity"":""""}",True,[],[],True,[],[],True,False,,"[""MISSED_GENDER""]",MISSED_GENDER
UQ0010,"케이크 같으면서도, 너무 느끼하지 않고, 딱 맡았을 때 공주처럼 느껴지는 향수 그런 거 없음?","[""Cake""]",[],False,"{""season"":[],""daypart"":[],""gender"":[]}","{""season"":[],""daypart"":[],""gender"":[]}",True,"{""intensity"":"""",""longevity"":""""}","{""intensity"":"""",""longevity"":""""}",True,"[""너무 느끼""]",[],False,"[""공주""]",[],False,False,,"[""MISSED_SCENT"",""MISSED_AVOID"",""MISSED_ADDITIONAL""]",MULTIPLE_ERRORS
UQ0011,나무 냄새 나는데 너무 절 냄새만 나면 안됨,"[""Trees""]",[],False,"{""season"":[],""daypart"":[],""gender"":[]}","{""season"":[],""daypart"":[],""gender"":[]}",True,"{""intensity"":"""",""longevity"":""""}","{""intensity"":"""",""longevity"":""""}",True,"[""절 냄새""]",[],False,[],[],True,False,,"[""MISSED_SCENT"",""MISSED_AVOID""]",MULTIPLE_ERRORS
UQ0012,깨끗한 냄새 없나?,[],[],True,"{""season"":[],""daypart"":[],""gender"":[]}","{""season"":[],""daypart"":[],""gender"":[]}",True,"{""intensity"":"""",""longevity"":""""}","{""intensity"":"""",""longevity"":""""}",True,[],[],True,"[""깨끗한 냄새""]",[],False,False,,"[""MISSED_ADDITIONAL""]",MISSED_ADDITIONAL
UQ0013,코코넛 향기 나는데 머리 너무 안 아팠으면 좋겠음,"[""Coconut""]",[],False,"{""season"":[],""daypart"":[],""gender"":[]}","{""season"":[],""daypart"":[],""gender"":[]}",True,"{""intensity"":"""",""longevity"":""""}","{""intensity"":"""",""longevity"":""""}",True,[],[],True,"[""머리 너무 안 아팠으면""]",[],False,False,,"[""MISSED_SCENT"",""MISSED_ADDITIONAL""]",MULTIPLE_ERRORS
UQ0014,나 향수를 잘 모르는데 혹시 추천해줄 수 있어?,[],[],True,"{""season"":[],""daypart"":[],""gender"":[]}","{""season"":[],""daypart"":[],""gender"":[]}",True,"{""intensity"":"""",""longevity"":""""}","{""intensity"":"""",""longevity"":""""}",True,[],[],True,"[""잘 모르는데 혹시 추천""]",[],False,False,,"[""MISSED_ADDITIONAL""]",MISSED_ADDITIONAL
UQ0016,여름에 뿌릴 향수 가지고 싶은데 향기 너무 많이 나면 코 아파서... 안 그런거 추천 가능한가?,[],[],True,"{""season"":[""summer""],""daypart"":[],""gender"":[]}","{""season"":[""summer""],""daypart"":[],""gender"":[]}",True,"{""intensity"":"""",""longevity"":""""}","{""intensity"":"""",""longevity"":""""}",True,"[""향기 너무 많이 나면""]",[],False,[],[],True,False,,"[""MISSED_AVOID""]",MISSED_AVOID
UQ0017,어른스러운 느낌 나는 향수 가지고 싶다. 나는 34살 금융맨임.,[],[],True,"{""season"":[],""daypart"":[],""gender"":[]}","{""season"":[],""daypart"":[],""gender"":[]}",True,"{""intensity"":"""",""longevity"":""""}","{""intensity"":"""",""longevity"":""""}",True,[],[],True,"[""어른스러운 느낌"",""34살"",""금융맨""]",[],False,False,,"[""MISSED_ADDITIONAL""]",MISSED_ADDITIONAL
UQ0018,여자친구가 생겼는데 여친한테 점수 딸만한 향기 없나...?,[],[],True,"{""season"":[],""daypart"":[],""gender"":[]}","{""season"":[],""daypart"":[],""gender"":[]}",True,"{""intensity"":"""",""longevity"":""""}","{""intensity"":"""",""longevity"":""""}",True,[],[],True,"[""여친한테 점수 딸만한""]",[],False,False,,"[""MISSED_ADDITIONAL""]",MISSED_ADDITIONAL
UQ0019,옷에 향수 뿌리고 싶어. 아무거나 추천 해줘.,[],[],True,"{""season"":[],""daypart"":[],""gender"":[]}","{""season"":[],""daypart"":[],""gender"":[]}",True,"{""intensity"":"""",""longevity"":""""}","{""intensity"":"""",""longevity"":""""}",True,[],[],True,"[""옷에 향수"",""아무거나 추천""]",[],False,False,,"[""MISSED_ADDITIONAL""]",MISSED_ADDITIONAL
UQ0020,향수 분사 적당히 되는 거 없나? 입자가 너무 작은 건 싫은데.,[],[],True,"{""season"":[],""daypart"":[],""gender"":[]}","{""season"":[],""daypart"":[],""gender"":[]}",True,"{""intensity"":"""",""longevity"":""""}","{""intensity"":"""",""longevity"":""""}",True,"[""입자가 너무 작은 건""]",[],False,"[""분사 적당히 되는 거""]",[],False,False,,"[""MISSED_AVOID"",""MISSED_ADDITIONAL""]",MULTIPLE_ERRORS
UQ0021,"나는 이솝 테싯 퍼퓸을 자주 쓰는데, 이게 내 체향에 잘 맞는 거 같더라고. 비슷한데 다른 향 없나?",[],[],True,"{""season"":[],""daypart"":[],""gender"":[]}","{""season"":[],""daypart"":[],""gender"":[]}",True,"{""intensity"":"""",""longevity"":""""}","{""intensity"":"""",""longevity"":""""}",True,[],[],True,"[""이솝 테싯 퍼퓸"",""체향에 잘 맞는""]",[],False,False,,"[""MISSED_ADDITIONAL""]",MISSED_ADDITIONAL
UQ0022,나 조말론 블랙베리는 별로더라... 이런 나한테 추천해줄 만한 향수 없나,[],[],True,"{""season"":[],""daypart"":[],""gender"":[]}","{""season"":[],""daypart"":[],""gender"":[]}",True,"{""intensity"":"""",""longevity"":""""}","{""intensity"":"""",""longevity"":""""}",True,"[""조말론 블랙베리""]",[],False,[],[],True,False,,"[""MISSED_AVOID""]",MISSED_AVOID
UQ0023,남자가 뿌릴 깔끔한 향수 추천 좀.,[],[],True,"{""season"":[],""daypart"":[],""gender"":[""male""]}","{""season"":[],""daypart"":[],""gender"":[]}",False,"{""intensity"":"""",""longevity"":""""}","{""intensity"":"""",""longevity"":""""}",True,[],[],True,"[""깔끔한""]",[],False,False,,"[""MISSED_GENDER"",""MISSED_ADDITIONAL""]",MULTIPLE_ERRORS
UQ0024,나 25살 여잔데 이번에 회사 취직해서 나한테 선물할 겸 하나 사고 싶음! 어떤 게 좋을까???,[],[],True,"{""season"":[],""daypart"":[],""gender"":[""female""]}","{""season"":[],""daypart"":[],""gender"":[]}",False,"{""intensity"":"""",""longevity"":""""}","{""intensity"":"""",""longevity"":""""}",True,[],[],True,"[""25살"",""회사 취직"",""나한테 선물""]",[],False,False,,"[""MISSED_GENDER"",""MISSED_ADDITIONAL""]",MULTIPLE_ERRORS
UQ0025,소개팅할 때 부담스럽지 않으면서 좋은 인상을 줄 수 있는 향수 추천해줘.,[],[],True,"{""season"":[],""daypart"":[],""gender"":[]}","{""season"":[],""daypart"":[],""gender"":[]}",True,"{""intensity"":"""",""longevity"":""""}","{""intensity"":"""",""longevity"":""""}",True,"[""부담""]",[],False,"[""소개팅"",""좋은 인상""]",[],False,False,,"[""MISSED_AVOID"",""MISSED_ADDITIONAL""]",MULTIPLE_ERRORS
UQ0026,조용하고 차분한 사람에게 잘 어울릴 것 같은 향수를 추천해줘.,[],[],True,"{""season"":[],""daypart"":[],""gender"":[]}","{""season"":[],""daypart"":[],""gender"":[]}",True,"{""intensity"":"""",""longevity"":""""}","{""intensity"":"""",""longevity"":""""}",True,[],[],True,"[""조용"",""차분한""]",[],False,False,,"[""MISSED_ADDITIONAL""]",MISSED_ADDITIONAL
UQ0027,지나갈 때 은은하게 좋은 냄새가 나는 정도의 향수를 찾고 있어.,[],[],True,"{""season"":[],""daypart"":[],""gender"":[]}","{""season"":[],""daypart"":[],""gender"":[]}",True,"{""intensity"":"""",""longevity"":""""}","{""intensity"":"""",""longevity"":""""}",True,[],[],True,"[""지나갈 때 은은"",""좋은 냄새""]",[],False,False,,"[""MISSED_ADDITIONAL""]",MISSED_ADDITIONAL
UQ0028,회사에서 매일 사용해도 부담 없는 깔끔한 향수 추천해줘.,[],[],True,"{""season"":[],""daypart"":[],""gender"":[]}","{""season"":[],""daypart"":[],""gender"":[]}",True,"{""intensity"":"""",""longevity"":""""}","{""intensity"":"""",""longevity"":""""}",True,[],[],True,"[""회사"",""매일 사용"",""부담 없는"",""깔끔한""]",[],False,False,,"[""MISSED_ADDITIONAL""]",MISSED_ADDITIONAL
UQ0029,처음 향수를 사는 사람도 무난하게 사용할 수 있는 향수를 추천해줘.,[],[],True,"{""season"":[],""daypart"":[],""gender"":[]}","{""season"":[],""daypart"":[],""gender"":[]}",True,"{""intensity"":"""",""longevity"":""""}","{""intensity"":"""",""longevity"":""""}",True,[],[],True,"[""처음 향수를 사는"",""무난하게 사용""]",[],False,False,,"[""MISSED_ADDITIONAL""]",MISSED_ADDITIONAL
UQ0030,사람 많은 곳에서도 너무 강하게 느껴지지 않는 은은한 향수를 추천해줘.,[],[],True,"{""season"":[],""daypart"":[],""gender"":[]}","{""season"":[],""daypart"":[],""gender"":[]}",True,"{""intensity"":""LOW"",""longevity"":""""}","{""intensity"":"""",""longevity"":""""}",False,"[""강하게""]",[],False,"[""사람 많은 곳"",""은은한""]",[],False,False,,"[""MISSED_INTENSITY"",""MISSED_AVOID"",""MISSED_ADDITIONAL""]",MULTIPLE_ERRORS
UQ0031,특별히 원하는 향은 모르겠는데 사람들이 맡았을 때 그냥 ‘좋은 냄새 난다’고 느낄 만한 향수를 추천해줘.,[],[],True,"{""season"":[],""daypart"":[],""gender"":[]}","{""season"":[],""daypart"":[],""gender"":[]}",True,"{""intensity"":"""",""longevity"":""""}","{""intensity"":"""",""longevity"":""""}",True,[],[],True,"[""좋은 냄새""]",[],False,False,,"[""MISSED_ADDITIONAL""]",MISSED_ADDITIONAL
UQ0032,향수 냄새가 강하면 머리가 아파서 최대한 부드럽고 편안한 향을 찾고 있어.,[],[],True,"{""season"":[],""daypart"":[],""gender"":[]}","{""season"":[],""daypart"":[],""gender"":[]}",True,"{""intensity"":"""",""longevity"":""""}","{""intensity"":"""",""longevity"":""""}",True,"[""강하면""]",[],False,"[""부드럽"",""편안한 향""]",[],False,False,,"[""MISSED_AVOID"",""MISSED_ADDITIONAL""]",MULTIPLE_ERRORS
UQ0033,내가 20대 후반인데 너무 어려 보이지 않으면서 세련된 향수를 찾고 있어.,[],[],True,"{""season"":[],""daypart"":[],""gender"":[]}","{""season"":[],""daypart"":[],""gender"":[]}",True,"{""intensity"":"""",""longevity"":""""}","{""intensity"":"""",""longevity"":""""}",True,"[""어려 보이지""]",[],False,"["" 20대 후반"",""세련된 향수""]",[],False,False,,"[""MISSED_AVOID"",""MISSED_ADDITIONAL""]",MULTIPLE_ERRORS
UQ0034,너무 향수 뿌린 티 안나는 걸로 추천해줘,[],[],True,"{""season"":[],""daypart"":[],""gender"":[]}","{""season"":[],""daypart"":[],""gender"":[]}",True,"{""intensity"":""LOW"",""longevity"":""""}","{""intensity"":"""",""longevity"":""""}",False,[],[],True,"[""향수 뿌린 티 안나는""]",[],False,False,,"[""MISSED_INTENSITY"",""MISSED_ADDITIONAL""]",MULTIPLE_ERRORS
UQ0035,나한테 무슨 향이 어울리는지 모르겠음 그냥 골라줘,[],[],True,"{""season"":[],""daypart"":[],""gender"":[]}","{""season"":[],""daypart"":[],""gender"":[]}",True,"{""intensity"":"""",""longevity"":""""}","{""intensity"":"""",""longevity"":""""}",True,[],[],True,"[""그냥 골라줘""]",[],False,False,,"[""MISSED_ADDITIONAL""]",MISSED_ADDITIONAL
UQ0036,면접 갈 때 향수 뿌려도 됨? 뿌린다면 뭐가 좋아,[],[],True,"{""season"":[],""daypart"":[],""gender"":[]}","{""season"":[],""daypart"":[],""gender"":[]}",True,"{""intensity"":"""",""longevity"":""""}","{""intensity"":"""",""longevity"":""""}",True,[],[],True,"[""면접""]",[],False,False,,"[""MISSED_ADDITIONAL""]",MISSED_ADDITIONAL
UQ0037,남자친구한테서 났으면 하는 향 찾아줘,[],[],True,"{""season"":[],""daypart"":[],""gender"":[]}","{""season"":[],""daypart"":[],""gender"":[]}",True,"{""intensity"":"""",""longevity"":""""}","{""intensity"":"""",""longevity"":""""}",True,[],[],True,"[""남자친구""]",[],False,False,,"[""MISSED_ADDITIONAL""]",MISSED_ADDITIONAL
UQ0038,향수 하나만 사서 사계절 내내 쓰고 싶은데 가능?,[],[],True,"{""season"":[],""daypart"":[],""gender"":[]}","{""season"":[],""daypart"":[],""gender"":[]}",True,"{""intensity"":"""",""longevity"":""""}","{""intensity"":"""",""longevity"":""""}",True,[],[],True,"[""사계절""]",[],False,False,,"[""MISSED_ADDITIONAL""]",MISSED_ADDITIONAL
UQ0039,출근할때 매일 막 뿌릴 수 있는거,[],[],True,"{""season"":[],""daypart"":[],""gender"":[]}","{""season"":[],""daypart"":[],""gender"":[]}",True,"{""intensity"":"""",""longevity"":""""}","{""intensity"":"""",""longevity"":""""}",True,[],[],True,"[""출근할때"",""매일"",""막 뿌릴""]",[],False,False,,"[""MISSED_ADDITIONAL""]",MISSED_ADDITIONAL
UQ0040,담배 피우는데 담배냄새랑 섞여도 이상하지 않은 향수 있을까,[],[],True,"{""season"":[],""daypart"":[],""gender"":[]}","{""season"":[],""daypart"":[],""gender"":[]}",True,"{""intensity"":"""",""longevity"":""""}","{""intensity"":"""",""longevity"":""""}",True,[],[],True,"[""담배냄새랑 섞여도 이상하지 않은""]",[],False,False,,"[""MISSED_ADDITIONAL""]",MISSED_ADDITIONAL
UQ0041,여자 향수인데 남자가 써도 안 이상한거 추천해줘,[],[],True,"{""season"":[],""daypart"":[],""gender"":[""male""]}","{""season"":[],""daypart"":[],""gender"":[]}",False,"{""intensity"":"""",""longevity"":""""}","{""intensity"":"""",""longevity"":""""}",True,[],[],True,"[""여자 향수""]",[],False,False,,"[""MISSED_GENDER"",""MISSED_ADDITIONAL""]",MULTIPLE_ERRORS
UQ0042,여름에 땀 많이 나는데 땀냄새랑 섞여서 이상해지지 않는거,[],[],True,"{""season"":[""summer""],""daypart"":[],""gender"":[]}","{""season"":[""summer""],""daypart"":[],""gender"":[]}",True,"{""intensity"":"""",""longevity"":""""}","{""intensity"":"""",""longevity"":""""}",True,[],[],True,"[""땀냄새랑 섞여서 이상해지지 않는""]",[],False,False,,"[""MISSED_ADDITIONAL""]",MISSED_ADDITIONAL
UQ0043,향수 입문자한테 괜찮은 향수 추천해줘,[],[],True,"{""season"":[],""daypart"":[],""gender"":[]}","{""season"":[],""daypart"":[],""gender"":[]}",True,"{""intensity"":"""",""longevity"":""""}","{""intensity"":"""",""longevity"":""""}",True,[],[],True,"[""향수 입문자"",""괜찮은 향수""]",[],False,False,,"[""MISSED_ADDITIONAL""]",MISSED_ADDITIONAL
UQ0044,면세점에서 사기 좋은 향수 추천해줘,[],[],True,"{""season"":[],""daypart"":[],""gender"":[]}","{""season"":[],""daypart"":[],""gender"":[]}",True,"{""intensity"":"""",""longevity"":""""}","{""intensity"":"""",""longevity"":""""}",True,[],[],True,"[""면세점에서 사기 좋은""]",[],False,False,,"[""MISSED_ADDITIONAL""]",MISSED_ADDITIONAL
UQ0045,헬스장에서 반응 좋은 향수 추천해줘,[],[],True,"{""season"":[],""daypart"":[],""gender"":[]}","{""season"":[],""daypart"":[],""gender"":[]}",True,"{""intensity"":"""",""longevity"":""""}","{""intensity"":"""",""longevity"":""""}",True,[],[],True,"[""헬스장"",""반응 좋은""]",[],False,False,,"[""MISSED_ADDITIONAL""]",MISSED_ADDITIONAL
UQ0046,오늘 뿌리기 좋은 향수 추천해줘,[],[],True,"{""season"":[],""daypart"":[],""gender"":[]}","{""season"":[],""daypart"":[],""gender"":[]}",True,"{""intensity"":"""",""longevity"":""""}","{""intensity"":"""",""longevity"":""""}",True,[],[],True,"[""오늘"",""뿌리기 좋은""]",[],False,False,,"[""MISSED_ADDITIONAL""]",MISSED_ADDITIONAL
UQ0047,남자가 쓰기 좋은 엄청 섹시한 느낌의 향수 추천해줘,[],[],True,"{""season"":[],""daypart"":[],""gender"":[""male""]}","{""season"":[],""daypart"":[],""gender"":[]}",False,"{""intensity"":"""",""longevity"":""""}","{""intensity"":"""",""longevity"":""""}",True,[],[],True,"[""엄청 섹시한 느낌""]",[],False,False,,"[""MISSED_GENDER"",""MISSED_ADDITIONAL""]",MULTIPLE_ERRORS
UQ0048,비누향이나 섬유유연제 향이 강하게 나는 향수 추천해줘,"[""Soap""]",[],False,"{""season"":[],""daypart"":[],""gender"":[]}","{""season"":[],""daypart"":[],""gender"":[]}",True,"{""intensity"":""HIGH"",""longevity"":""""}","{""intensity"":"""",""longevity"":""""}",False,[],[],True,"[""섬유유연제 향""]",[],False,False,,"[""MISSED_SCENT"",""MISSED_INTENSITY"",""MISSED_ADDITIONAL""]",MULTIPLE_ERRORS
UQ0049,나한테 맞는 향수 추천해줘,[],[],True,"{""season"":[],""daypart"":[],""gender"":[]}","{""season"":[],""daypart"":[],""gender"":[]}",True,"{""intensity"":"""",""longevity"":""""}","{""intensity"":"""",""longevity"":""""}",True,[],[],True,"[""나한테 맞는""]",[],False,False,,"[""MISSED_ADDITIONAL""]",MISSED_ADDITIONAL
UQ0050,향수 입문자에게 괜찮은 향수 추천해줘,[],[],True,"{""season"":[],""daypart"":[],""gender"":[]}","{""season"":[],""daypart"":[],""gender"":[]}",True,"{""intensity"":"""",""longevity"":""""}","{""intensity"":"""",""longevity"":""""}",True,[],[],True,"[""향수 입문자"",""괜찮은 향수""]",[],False,False,,"[""MISSED_ADDITIONAL""]",MISSED_ADDITIONAL
UQ0051,향수 입문용으로 조말론이나 메종 마르지엘라는 어때?,[],[],True,"{""season"":[],""daypart"":[],""gender"":[]}","{""season"":[],""daypart"":[],""gender"":[]}",True,"{""intensity"":"""",""longevity"":""""}","{""intensity"":"""",""longevity"":""""}",True,[],[],True,"[""향수 입문용"",""조말론"",""메종 마르지엘라""]",[],False,False,,"[""MISSED_ADDITIONAL""]",MISSED_ADDITIONAL
UQ0052,향수 사보려고 하는데 난 달콤한 향기는 별로 안 좋아하거든 좀 화한거 사고싶어,[],[],True,"{""season"":[],""daypart"":[],""gender"":[]}","{""season"":[],""daypart"":[],""gender"":[]}",True,"{""intensity"":"""",""longevity"":""""}","{""intensity"":"""",""longevity"":""""}",True,"[""달콤한 향기""]",[],False,"[""화한거""]",[],False,False,,"[""MISSED_AVOID"",""MISSED_ADDITIONAL""]",MULTIPLE_ERRORS
UQ0053,맑고 산뜻한거 갖고싶은데,[],[],True,"{""season"":[],""daypart"":[],""gender"":[]}","{""season"":[],""daypart"":[],""gender"":[]}",True,"{""intensity"":"""",""longevity"":""""}","{""intensity"":"""",""longevity"":""""}",True,[],[],True,"[""맑고 산뜻""]",[],False,False,,"[""MISSED_ADDITIONAL""]",MISSED_ADDITIONAL
UQ0054,홍차향 같은 향수도 있나? 근데 너무 음식같은 느낌 안 났으면 좋곘음,[],[],True,"{""season"":[],""daypart"":[],""gender"":[]}","{""season"":[],""daypart"":[],""gender"":[]}",True,"{""intensity"":"""",""longevity"":""""}","{""intensity"":"""",""longevity"":""""}",True,"[""너무 음식같은 느낌""]",[],False,"[""홍차향""]",[],False,False,,"[""MISSED_AVOID"",""MISSED_ADDITIONAL""]",MULTIPLE_ERRORS
UQ0055,플로럴 계열인데 톡 쏘는 거 추천 받고싶음,"[""floral""]","[""floral""]",True,"{""season"":[],""daypart"":[],""gender"":[]}","{""season"":[],""daypart"":[],""gender"":[]}",True,"{""intensity"":"""",""longevity"":""""}","{""intensity"":"""",""longevity"":""""}",True,[],[],True,"[""플로럴 계열"",""톡 쏘는 거""]",[],False,False,,"[""MISSED_ADDITIONAL""]",MISSED_ADDITIONAL
UQ0056,아로마 계열이면 다 좋은데 너무 진한 향 아니고 은은한 게 좋아,"[""aromatic""]",[],False,"{""season"":[],""daypart"":[],""gender"":[]}","{""season"":[],""daypart"":[],""gender"":[]}",True,"{""intensity"":""LOW"",""longevity"":""""}","{""intensity"":"""",""longevity"":""""}",False,"[""너무 진한 향""]",[],False,"[""아로마 계열""]",[],False,False,,"[""MISSED_SCENT"",""MISSED_INTENSITY"",""MISSED_AVOID"",""MISSED_ADDITIONAL""]",MULTIPLE_ERRORS
UQ0057,대학교 들어가는데 좀 어른스러운 느낌의 향수 추천해줘,[],[],True,"{""season"":[],""daypart"":[],""gender"":[]}","{""season"":[],""daypart"":[],""gender"":[]}",True,"{""intensity"":"""",""longevity"":""""}","{""intensity"":"""",""longevity"":""""}",True,[],[],True,"[""대학교 들어가는데"",""어른스러운""]",[],False,False,,"[""MISSED_ADDITIONAL""]",MISSED_ADDITIONAL
UQ0058,내 추구미 겨울 느낌나는 서늘한 여자임 추천해줘,[],[],True,"{""season"":[],""daypart"":[],""gender"":[""female""]}","{""season"":[""winter""],""daypart"":[],""gender"":[]}",False,"{""intensity"":"""",""longevity"":""""}","{""intensity"":"""",""longevity"":""""}",True,[],[],True,"[""겨울 느낌"",""서늘한 여자""]",[],False,False,,"[""EXTRA_SEASON"",""MISSED_GENDER"",""MISSED_ADDITIONAL""]",MULTIPLE_ERRORS
UQ0059,무조건 달콤한 향이 좋아 달콤한데 약간 민트계열도 있었으면 좋겠어,"[""Mint""]",[],False,"{""season"":[],""daypart"":[],""gender"":[]}","{""season"":[],""daypart"":[],""gender"":[]}",True,"{""intensity"":"""",""longevity"":""""}","{""intensity"":"""",""longevity"":""""}",True,[],[],True,"[""무조건 달콤한 향"",""약간 민트계열""]",[],False,False,,"[""MISSED_SCENT"",""MISSED_ADDITIONAL""]",MULTIPLE_ERRORS
UQ0060,살같에서 날 것 같은 베이비 파우더 같은 거 가지고 싶어,[],[],True,"{""season"":[],""daypart"":[],""gender"":[]}","{""season"":[],""daypart"":[],""gender"":[]}",True,"{""intensity"":"""",""longevity"":""""}","{""intensity"":"""",""longevity"":""""}",True,[],[],True,"[""살같에서 날 것 같은"",""베이비 파우더""]",[],False,False,,"[""MISSED_ADDITIONAL""]",MISSED_ADDITIONAL
UQ0061,흰 꽃에서만 나는 맑은 향에 시트러스 향 섞인 거 갖고싶어.,"[""Citrus""]","[""citrus""]",True,"{""season"":[],""daypart"":[],""gender"":[]}","{""season"":[],""daypart"":[],""gender"":[]}",True,"{""intensity"":"""",""longevity"":""""}","{""intensity"":"""",""longevity"":""""}",True,[],[],True,"[""흰 꽃에서만 나는 맑은 향""]",[],False,False,,"[""MISSED_ADDITIONAL""]",MISSED_ADDITIONAL
UQ0062,풍성한 복숭아!!! 나는 복숭아 밭한다!!! 할 정도로 복숭아 향나는 폭닥한거,"[""Peach""]",[],False,"{""season"":[],""daypart"":[],""gender"":[]}","{""season"":[],""daypart"":[],""gender"":[]}",True,"{""intensity"":"""",""longevity"":""""}","{""intensity"":"""",""longevity"":""""}",True,[],[],True,"[""풍성한 복숭아"",""폭닥""]",[],False,False,,"[""MISSED_SCENT"",""MISSED_ADDITIONAL""]",MULTIPLE_ERRORS
UQ0063,쨍한 허브 비누향에 세제 잔뜩 쓴 것 같은 향 갖고 싶어,"[""herbal"",""Soap""]",[],False,"{""season"":[],""daypart"":[],""gender"":[]}","{""season"":[],""daypart"":[],""gender"":[]}",True,"{""intensity"":"""",""longevity"":""""}","{""intensity"":"""",""longevity"":""""}",True,[],[],True,"[""쨍한 허브 비누향"",""세제 잔뜩""]",[],False,False,,"[""MISSED_SCENT"",""MISSED_ADDITIONAL""]",MULTIPLE_ERRORS
UQ0064,차가운데 쨍한 향수 추천,[],[],True,"{""season"":[],""daypart"":[],""gender"":[]}","{""season"":[],""daypart"":[],""gender"":[]}",True,"{""intensity"":"""",""longevity"":""""}","{""intensity"":"""",""longevity"":""""}",True,[],[],True,"[""차가운데"",""쨍한""]",[],False,False,,"[""MISSED_ADDITIONAL""]",MISSED_ADDITIONAL
UQ0065,은은하게 잔향 좋은 거. 향은 딱히 선호 없음 모름 잘,[],[],True,"{""season"":[],""daypart"":[],""gender"":[]}","{""season"":[],""daypart"":[],""gender"":[]}",True,"{""intensity"":""LOW"",""longevity"":""""}","{""intensity"":"""",""longevity"":""""}",False,[],[],True,"[""잔향 좋은 거"",""선호 없음""]",[],False,False,,"[""MISSED_INTENSITY"",""MISSED_ADDITIONAL""]",MULTIPLE_ERRORS
UQ0066,자연스러운 향수 갖고싶음 은은한 살냄새 같은 걸로,[],[],True,"{""season"":[],""daypart"":[],""gender"":[]}","{""season"":[],""daypart"":[],""gender"":[]}",True,"{""intensity"":""LOW"",""longevity"":""""}","{""intensity"":"""",""longevity"":""""}",False,[],[],True,"[""자연스러운"",""은은한 살냄새""]",[],False,False,,"[""MISSED_INTENSITY"",""MISSED_ADDITIONAL""]",MULTIPLE_ERRORS
UQ0067,중성적인 향수 원해. 약간 담백하고 부드러운데 엣지있는거?,[],[],True,"{""season"":[],""daypart"":[],""gender"":[""neuter""]}","{""season"":[],""daypart"":[],""gender"":[]}",False,"{""intensity"":"""",""longevity"":""""}","{""intensity"":"""",""longevity"":""""}",True,[],[],True,"[""담백"",""부드러운"",""엣지있는""]",[],False,False,,"[""MISSED_GENDER"",""MISSED_ADDITIONAL""]",MULTIPLE_ERRORS
UQ0068,장마철 호수에 떠있는 연꽃같은 느낌 원해,[],[],True,"{""season"":[],""daypart"":[],""gender"":[]}","{""season"":[],""daypart"":[],""gender"":[]}",True,"{""intensity"":"""",""longevity"":""""}","{""intensity"":"""",""longevity"":""""}",True,[],[],True,"[""장마철"",""호수에 떠있는 연꽃""]",[],False,False,,"[""MISSED_ADDITIONAL""]",MISSED_ADDITIONAL
UQ0069,땀 냄새랑 섞여도 안 이상한 거. 바디스프레이처럼 쓸 수 있는 거 필요함,[],[],True,"{""season"":[],""daypart"":[],""gender"":[]}","{""season"":[],""daypart"":[],""gender"":[]}",True,"{""intensity"":"""",""longevity"":""""}","{""intensity"":"""",""longevity"":""""}",True,[],[],True,"[""땀 냄새랑 섞여도 안 이상한 거"",""바디스프레이""]",[],False,False,,"[""MISSED_ADDITIONAL""]",MISSED_ADDITIONAL
UQ0070,10만원 이내에서 살 수 있는 저렴한 시원한 향기 나는 향수,[],[],True,"{""season"":[],""daypart"":[],""gender"":[]}","{""season"":[],""daypart"":[],""gender"":[]}",True,"{""intensity"":"""",""longevity"":""""}","{""intensity"":"""",""longevity"":""""}",True,[],[],True,"[""10만원 이내"",""저렴한"",""시원한""]",[],False,False,,"[""MISSED_ADDITIONAL""]",MISSED_ADDITIONAL
UQ0071,무조건 20만원 이내에서 조합 괜찮은 향수 2개. 중성적인 느낌으로!,[],[],True,"{""season"":[],""daypart"":[],""gender"":[""neuter""]}","{""season"":[],""daypart"":[],""gender"":[]}",False,"{""intensity"":"""",""longevity"":""""}","{""intensity"":"""",""longevity"":""""}",True,[],[],True,"[""20만원 이내"",""조합 괜찮은"",""향수 2개""]",[],False,False,,"[""MISSED_GENDER"",""MISSED_ADDITIONAL""]",MULTIPLE_ERRORS
UQ0072,이슬을 머금은 장미같은 향수 추천해줘,"[""Rose""]",[],False,"{""season"":[],""daypart"":[],""gender"":[]}","{""season"":[],""daypart"":[],""gender"":[]}",True,"{""intensity"":"""",""longevity"":""""}","{""intensity"":"""",""longevity"":""""}",True,[],[],True,"[""이슬을 머금은 장미""]",[],False,False,,"[""MISSED_SCENT"",""MISSED_ADDITIONAL""]",MULTIPLE_ERRORS
UQ0073,첫 인상이 포근하고 릴랙싱한 향수를 가지고 싶어,[],[],True,"{""season"":[],""daypart"":[],""gender"":[]}","{""season"":[],""daypart"":[],""gender"":[]}",True,"{""intensity"":"""",""longevity"":""""}","{""intensity"":"""",""longevity"":""""}",True,[],[],True,"[""첫 인상이 포근"",""릴랙싱""]",[],False,False,,"[""MISSED_ADDITIONAL""]",MISSED_ADDITIONAL
UQ0074,비 오는 날에 뿌릴 만한 30대 여성 향수 추천해줘,[],[],True,"{""season"":[],""daypart"":[],""gender"":[""female""]}","{""season"":[],""daypart"":[],""gender"":[]}",False,"{""intensity"":"""",""longevity"":""""}","{""intensity"":"""",""longevity"":""""}",True,[],[],True,"[""비 오는 날"",""30대""]",[],False,False,,"[""MISSED_GENDER"",""MISSED_ADDITIONAL""]",MULTIPLE_ERRORS
UQ0075,회사나 중요한 공식석상에서 뿌리기 적합한 향수 추천해줘,[],[],True,"{""season"":[],""daypart"":[],""gender"":[]}","{""season"":[],""daypart"":[],""gender"":[]}",True,"{""intensity"":"""",""longevity"":""""}","{""intensity"":"""",""longevity"":""""}",True,[],[],True,"[""회사"",""중요한 공식석상""]",[],False,False,,"[""MISSED_ADDITIONAL""]",MISSED_ADDITIONAL
UQ0076,산뜻하면서 과일냄새 나는 향수 사고싶어,[],[],True,"{""season"":[],""daypart"":[],""gender"":[]}","{""season"":[],""daypart"":[],""gender"":[]}",True,"{""intensity"":"""",""longevity"":""""}","{""intensity"":"""",""longevity"":""""}",True,[],[],True,"[""산뜻"",""과일냄새""]",[],False,False,,"[""MISSED_ADDITIONAL""]",MISSED_ADDITIONAL
UQ0077,지금 단종된 템버린즈 볼드 시트러스랑 비슷한 향수 추천해줘,[],"[""citrus""]",False,"{""season"":[],""daypart"":[],""gender"":[]}","{""season"":[],""daypart"":[],""gender"":[]}",True,"{""intensity"":"""",""longevity"":""""}","{""intensity"":"""",""longevity"":""""}",True,[],[],True,"[""템버린즈 볼드 시트러스랑 비슷한 향수""]",[],False,False,,"[""EXTRA_SCENT"",""MISSED_ADDITIONAL""]",MULTIPLE_ERRORS
UQ0078,가볍고 부드러운 느낌의 향수,[],[],True,"{""season"":[],""daypart"":[],""gender"":[]}","{""season"":[],""daypart"":[],""gender"":[]}",True,"{""intensity"":"""",""longevity"":""""}","{""intensity"":"""",""longevity"":""""}",True,[],[],True,"[""가볍고"",""부드러운""]",[],False,False,,"[""MISSED_ADDITIONAL""]",MISSED_ADDITIONAL
UQ0079,물 대신 과즙을 마시고 자란 꽃 같은 느낌과 최대한 비슷한 느낌의 향수,[],[],True,"{""season"":[],""daypart"":[],""gender"":[]}","{""season"":[],""daypart"":[],""gender"":[]}",True,"{""intensity"":"""",""longevity"":""""}","{""intensity"":"""",""longevity"":""""}",True,[],[],True,"[""물 대신 과즙을 마시고 자란 꽃""]",[],False,False,,"[""MISSED_ADDITIONAL""]",MISSED_ADDITIONAL
UQ0080,바다에 누워서 가만히 하늘을 올려다보고있는 듯한 느낌의 향수,"[""Sea Notes""]",[],False,"{""season"":[],""daypart"":[],""gender"":[]}","{""season"":[],""daypart"":[],""gender"":[]}",True,"{""intensity"":"""",""longevity"":""""}","{""intensity"":"""",""longevity"":""""}",True,[],[],True,"[""바다에 누워서"",""하늘을 올려다보고있는 듯""]",[],False,False,,"[""MISSED_SCENT"",""MISSED_ADDITIONAL""]",MULTIPLE_ERRORS
UQ0081,휴양지에 놀러갔을 때 어울릴만한 향수 추천해줘,[],[],True,"{""season"":[],""daypart"":[],""gender"":[]}","{""season"":[],""daypart"":[],""gender"":[]}",True,"{""intensity"":"""",""longevity"":""""}","{""intensity"":"""",""longevity"":""""}",True,[],[],True,"[""휴양지에 놀러갔을 때""]",[],False,False,,"[""MISSED_ADDITIONAL""]",MISSED_ADDITIONAL
UQ0082,뿌리고 슥 지나갔을 때 향이 너무 좋아서 사람들이 다 돌아볼 것 같은 향수 추천해줘,[],[],True,"{""season"":[],""daypart"":[],""gender"":[]}","{""season"":[],""daypart"":[],""gender"":[]}",True,"{""intensity"":"""",""longevity"":""""}","{""intensity"":"""",""longevity"":""""}",True,[],[],True,"[""슥 지나갔을 때"",""향이 너무 좋아서 사람들이 다 돌아볼 것 같은""]",[],False,False,,"[""MISSED_ADDITIONAL""]",MISSED_ADDITIONAL
UQ0083,귀엽고 산뜻한 20대 여자가 뿌리면 잘어울릴 향수 알려줘,[],[],True,"{""season"":[],""daypart"":[],""gender"":[""female""]}","{""season"":[],""daypart"":[],""gender"":[]}",False,"{""intensity"":"""",""longevity"":""""}","{""intensity"":"""",""longevity"":""""}",True,[],[],True,"[""귀엽고"",""산뜻한"",""20대""]",[],False,False,,"[""MISSED_GENDER"",""MISSED_ADDITIONAL""]",MULTIPLE_ERRORS
UQ0084,40대 남성 데일리 향수 추천,[],[],True,"{""season"":[],""daypart"":[],""gender"":[""male""]}","{""season"":[],""daypart"":[],""gender"":[]}",False,"{""intensity"":"""",""longevity"":""""}","{""intensity"":"""",""longevity"":""""}",True,[],[],True,"[""40대"",""데일리 향수""]",[],False,False,,"[""MISSED_GENDER"",""MISSED_ADDITIONAL""]",MULTIPLE_ERRORS
UQ0085,여름에 남자가 쓰기 좋은 시원한 향수 추천해줘,[],[],True,"{""season"":[""summer""],""daypart"":[],""gender"":[""male""]}","{""season"":[""summer""],""daypart"":[],""gender"":[]}",False,"{""intensity"":"""",""longevity"":""""}","{""intensity"":"""",""longevity"":""""}",True,[],[],True,"[""시원한 향수""]",[],False,False,,"[""MISSED_GENDER"",""MISSED_ADDITIONAL""]",MULTIPLE_ERRORS
UQ0086,봄에 데일리로 쓰기 좋은 향수 추천해줘,[],[],True,"{""season"":[""spring""],""daypart"":[],""gender"":[]}","{""season"":[""spring""],""daypart"":[],""gender"":[]}",True,"{""intensity"":"""",""longevity"":""""}","{""intensity"":"""",""longevity"":""""}",True,[],[],True,"[""데일리로 쓰기 좋은""]",[],False,False,,"[""MISSED_ADDITIONAL""]",MISSED_ADDITIONAL
UQ0088,출근할 때 부담 없이 뿌릴 수 있는 향수 추천해줘,[],[],True,"{""season"":[],""daypart"":[],""gender"":[]}","{""season"":[],""daypart"":[],""gender"":[]}",True,"{""intensity"":"""",""longevity"":""""}","{""intensity"":"""",""longevity"":""""}",True,[],[],True,"[""출근"",""부담 없이""]",[],False,False,,"[""MISSED_ADDITIONAL""]",MISSED_ADDITIONAL
UQ0089,소개팅할 때 쓰기 좋은 남자 향수 추천해줘,[],[],True,"{""season"":[],""daypart"":[],""gender"":[""male""]}","{""season"":[],""daypart"":[],""gender"":[]}",False,"{""intensity"":"""",""longevity"":""""}","{""intensity"":"""",""longevity"":""""}",True,[],[],True,"[""소개팅""]",[],False,False,,"[""MISSED_GENDER"",""MISSED_ADDITIONAL""]",MULTIPLE_ERRORS
UQ0090,데이트할 때 반응 좋은 향수 추천해줘,[],[],True,"{""season"":[],""daypart"":[],""gender"":[]}","{""season"":[],""daypart"":[],""gender"":[]}",True,"{""intensity"":"""",""longevity"":""""}","{""intensity"":"""",""longevity"":""""}",True,[],[],True,"[""데이트"",""반응 좋은""]",[],False,False,,"[""MISSED_ADDITIONAL""]",MISSED_ADDITIONAL
UQ0091,회사에서 쓰기 좋은 은은한 향수 추천해줘,[],[],True,"{""season"":[],""daypart"":[],""gender"":[]}","{""season"":[],""daypart"":[],""gender"":[]}",True,"{""intensity"":""LOW"",""longevity"":""""}","{""intensity"":"""",""longevity"":""""}",False,[],[],True,"[""회사"",""은은한""]",[],False,False,,"[""MISSED_INTENSITY"",""MISSED_ADDITIONAL""]",MULTIPLE_ERRORS
UQ0092,향이 너무 세지 않은 향수 추천해줘,[],[],True,"{""season"":[],""daypart"":[],""gender"":[]}","{""season"":[],""daypart"":[],""gender"":[]}",True,"{""intensity"":""LOW"",""longevity"":""""}","{""intensity"":"""",""longevity"":""""}",False,"[""향이 너무 세""]",[],False,[],[],True,False,,"[""MISSED_INTENSITY"",""MISSED_AVOID""]",MULTIPLE_ERRORS
UQ0093,인기많은 남자 향수 추천해줘.,[],[],True,"{""season"":[],""daypart"":[],""gender"":[""male""]}","{""season"":[],""daypart"":[],""gender"":[]}",False,"{""intensity"":"""",""longevity"":""""}","{""intensity"":"""",""longevity"":""""}",True,[],[],True,"[""인기많은 남자""]",[],False,False,,"[""MISSED_GENDER"",""MISSED_ADDITIONAL""]",MULTIPLE_ERRORS
UQ0094,너무 흔하지 않으면서 섹시한 느낌의 향수 추천해줘,[],[],True,"{""season"":[],""daypart"":[],""gender"":[]}","{""season"":[],""daypart"":[],""gender"":[]}",True,"{""intensity"":"""",""longevity"":""""}","{""intensity"":"""",""longevity"":""""}",True,[],[],True,"[""흔하지 않으면서"",""섹시한""]",[],False,False,,"[""MISSED_ADDITIONAL""]",MISSED_ADDITIONAL
UQ0095,햇살 내리쬐는 일본 여름같은 향수,[],[],True,"{""season"":[],""daypart"":[],""gender"":[]}","{""season"":[""summer""],""daypart"":[],""gender"":[]}",False,"{""intensity"":"""",""longevity"":""""}","{""intensity"":"""",""longevity"":""""}",True,[],[],True,"[""햇살 내리쬐는 일본 여름""]",[],False,False,,"[""EXTRA_SEASON"",""MISSED_ADDITIONAL""]",MULTIPLE_ERRORS
UQ0096,중성적이면서 살짝 꿀 향이 나는 향수 찾고있어,[],[],True,"{""season"":[],""daypart"":[],""gender"":[""neuter""]}","{""season"":[],""daypart"":[],""gender"":[]}",False,"{""intensity"":"""",""longevity"":""""}","{""intensity"":"""",""longevity"":""""}",True,[],[],True,"[""꿀 향""]",[],False,False,,"[""MISSED_GENDER"",""MISSED_ADDITIONAL""]",MULTIPLE_ERRORS
UQ0097,마사지숍에서 날 것 같은 향수,[],[],True,"{""season"":[],""daypart"":[],""gender"":[]}","{""season"":[],""daypart"":[],""gender"":[]}",True,"{""intensity"":"""",""longevity"":""""}","{""intensity"":"""",""longevity"":""""}",True,[],[],True,"[""마사지숍""]",[],False,False,,"[""MISSED_ADDITIONAL""]",MISSED_ADDITIONAL
UQ0098,양키캔들 핑크 샌즈 쓰고 있는데 이거 향 너무 좋아서 이거랑 비슷한 향수 갖고싶어,[],[],True,"{""season"":[],""daypart"":[],""gender"":[]}","{""season"":[],""daypart"":[],""gender"":[]}",True,"{""intensity"":"""",""longevity"":""""}","{""intensity"":"""",""longevity"":""""}",True,[],[],True,"[""양키캔들 핑크 샌즈""]",[],False,False,,"[""MISSED_ADDITIONAL""]",MISSED_ADDITIONAL
UQ0099,갓 세탁한 포근한 이불 같은 느낌의 향수 가지고싶어,[],[],True,"{""season"":[],""daypart"":[],""gender"":[]}","{""season"":[],""daypart"":[],""gender"":[]}",True,"{""intensity"":"""",""longevity"":""""}","{""intensity"":"""",""longevity"":""""}",True,[],[],True,"[""갓 세탁한 포근한 이불""]",[],False,False,,"[""MISSED_ADDITIONAL""]",MISSED_ADDITIONAL
UQ0100,샤넬 no5랑 믹스해서 사용하기 좋은 향수 추천해줘,[],[],True,"{""season"":[],""daypart"":[],""gender"":[]}","{""season"":[],""daypart"":[],""gender"":[]}",True,"{""intensity"":"""",""longevity"":""""}","{""intensity"":"""",""longevity"":""""}",True,[],[],True,"[""샤넬 no5랑 믹스해서 사용하기 좋은""]",[],False,False,,"[""MISSED_ADDITIONAL""]",MISSED_ADDITIONAL
UQ0101,봄에 쓰기 좋은 달달한 꽃 향수 사고싶어,[],[],True,"{""season"":[""spring""],""daypart"":[],""gender"":[]}","{""season"":[""spring""],""daypart"":[],""gender"":[]}",True,"{""intensity"":"""",""longevity"":""""}","{""intensity"":"""",""longevity"":""""}",True,[],[],True,"[""달달한 꽃""]",[],False,False,,"[""MISSED_ADDITIONAL""]",MISSED_ADDITIONAL
UQ0102,아빠 선물용으로 실패 확률 낮은 향수 추천해줘,[],[],True,"{""season"":[],""daypart"":[],""gender"":[]}","{""season"":[],""daypart"":[""day""],""gender"":[]}",False,"{""intensity"":"""",""longevity"":""""}","{""intensity"":"""",""longevity"":""""}",True,[],[],True,"[""아빠 선물용"",""실패 확률 낮은""]",[],False,False,,"[""EXTRA_DAYPART"",""MISSED_ADDITIONAL""]",MULTIPLE_ERRORS
UQ0103,평소에 스트릿룩 많이 입는데 스트릿룩이랑 어울리는 향수 추천해줘,[],[],True,"{""season"":[],""daypart"":[],""gender"":[]}","{""season"":[],""daypart"":[],""gender"":[]}",True,"{""intensity"":"""",""longevity"":""""}","{""intensity"":"""",""longevity"":""""}",True,[],[],True,"[""스트릿룩이랑 어울리는""]",[],False,False,,"[""MISSED_ADDITIONAL""]",MISSED_ADDITIONAL
UQ0104,향수 하나만 산다면 사계절용으로 뭐가 좋아?,[],[],True,"{""season"":[],""daypart"":[],""gender"":[]}","{""season"":[],""daypart"":[],""gender"":[]}",True,"{""intensity"":"""",""longevity"":""""}","{""intensity"":"""",""longevity"":""""}",True,[],[],True,"[""사계절용""]",[],False,False,,"[""MISSED_ADDITIONAL""]",MISSED_ADDITIONAL
UQ0105,시향 없이 블라인드 구매해도 괜찮은 향수 추천해줘,[],[],True,"{""season"":[],""daypart"":[],""gender"":[]}","{""season"":[],""daypart"":[],""gender"":[]}",True,"{""intensity"":"""",""longevity"":""""}","{""intensity"":"""",""longevity"":""""}",True,[],[],True,"[""시향 없이"",""블라인드 구매""]",[],False,False,,"[""MISSED_ADDITIONAL""]",MISSED_ADDITIONAL
UQ0106,지속력 좋은 남자 향수 추천해줘,[],[],True,"{""season"":[],""daypart"":[],""gender"":[""male""]}","{""season"":[],""daypart"":[],""gender"":[]}",False,"{""intensity"":"""",""longevity"":""HIGH""}","{""intensity"":"""",""longevity"":""""}",False,[],[],True,[],[],True,False,,"[""MISSED_GENDER"",""MISSED_LONGEVITY""]",MULTIPLE_ERRORS
UQ0107,잔향이 좋은 향수 추천해줘,[],[],True,"{""season"":[],""daypart"":[],""gender"":[]}","{""season"":[],""daypart"":[],""gender"":[]}",True,"{""intensity"":"""",""longevity"":""""}","{""intensity"":"""",""longevity"":""""}",True,[],[],True,"[""잔향이 좋은""]",[],False,False,,"[""MISSED_ADDITIONAL""]",MISSED_ADDITIONAL
UQ0108,처음 맡았을 때 호불호 적은 향수 추천해줘,[],[],True,"{""season"":[],""daypart"":[],""gender"":[]}","{""season"":[],""daypart"":[],""gender"":[]}",True,"{""intensity"":"""",""longevity"":""""}","{""intensity"":"""",""longevity"":""""}",True,[],[],True,"[""호불호 적은""]",[],False,False,,"[""MISSED_ADDITIONAL""]",MISSED_ADDITIONAL
UQ0109,여자들이 좋아할 만한 남자 향수 추천해줘,[],[],True,"{""season"":[],""daypart"":[],""gender"":[""male""]}","{""season"":[],""daypart"":[],""gender"":[]}",False,"{""intensity"":"""",""longevity"":""""}","{""intensity"":"""",""longevity"":""""}",True,[],[],True,"[""여자들이 좋아할 만한""]",[],False,False,,"[""MISSED_GENDER"",""MISSED_ADDITIONAL""]",MULTIPLE_ERRORS
UQ0110,남자가 쓰기 좋은 머스크 향수 추천해줘,"[""Musk""]",[],False,"{""season"":[],""daypart"":[],""gender"":[""male""]}","{""season"":[],""daypart"":[],""gender"":[]}",False,"{""intensity"":"""",""longevity"":""""}","{""intensity"":"""",""longevity"":""""}",True,[],[],True,[],[],True,False,,"[""MISSED_SCENT"",""MISSED_GENDER""]",MULTIPLE_ERRORS
UQ0111,남자가 쓰기 좋은 파우더리 향수 추천해줘,"[""powdery""]","[""powdery""]",True,"{""season"":[],""daypart"":[],""gender"":[""male""]}","{""season"":[],""daypart"":[],""gender"":[]}",False,"{""intensity"":"""",""longevity"":""""}","{""intensity"":"""",""longevity"":""""}",True,[],[],True,[],[],True,False,,"[""MISSED_GENDER""]",MISSED_GENDER
UQ0112,깨끗하고 포근한 느낌의 향수 추천해줘,[],[],True,"{""season"":[],""daypart"":[],""gender"":[]}","{""season"":[],""daypart"":[],""gender"":[]}",True,"{""intensity"":"""",""longevity"":""""}","{""intensity"":"""",""longevity"":""""}",True,[],[],True,"[""깨끗하고"",""포근한""]",[],False,False,,"[""MISSED_ADDITIONAL""]",MISSED_ADDITIONAL
UQ0113,샤워하고 나온 것 같은 향수 추천해줘,[],[],True,"{""season"":[],""daypart"":[],""gender"":[]}","{""season"":[],""daypart"":[],""gender"":[]}",True,"{""intensity"":"""",""longevity"":""""}","{""intensity"":"""",""longevity"":""""}",True,[],[],True,"[""샤워하고 나온 것 같은""]",[],False,False,,"[""MISSED_ADDITIONAL""]",MISSED_ADDITIONAL
UQ0114,부드러운 우디 향수 추천해줘,"[""woody""]","[""woody""]",True,"{""season"":[],""daypart"":[],""gender"":[]}","{""season"":[],""daypart"":[],""gender"":[]}",True,"{""intensity"":"""",""longevity"":""""}","{""intensity"":"""",""longevity"":""""}",True,[],[],True,"[""부드러운""]",[],False,False,,"[""MISSED_ADDITIONAL""]",MISSED_ADDITIONAL
UQ0115,호텔 로비 같은 고급스러운 향수 추천해줘,[],[],True,"{""season"":[],""daypart"":[],""gender"":[]}","{""season"":[],""daypart"":[],""gender"":[]}",True,"{""intensity"":"""",""longevity"":""""}","{""intensity"":"""",""longevity"":""""}",True,[],[],True,"[""호텔 로비 같은"",""고급스러운""]",[],False,False,,"[""MISSED_ADDITIONAL""]",MISSED_ADDITIONAL
UQ0116,달달하지만 너무 느끼하지 않은 향수 추천해줘,[],[],True,"{""season"":[],""daypart"":[],""gender"":[]}","{""season"":[],""daypart"":[],""gender"":[]}",True,"{""intensity"":"""",""longevity"":""""}","{""intensity"":"""",""longevity"":""""}",True,"[""느끼""]",[],False,"[""달달하지만""]",[],False,False,,"[""MISSED_AVOID"",""MISSED_ADDITIONAL""]",MULTIPLE_ERRORS
UQ0117,시트러스 향이 오래가는 향수 추천해줘,"[""Citrus""]","[""citrus""]",True,"{""season"":[],""daypart"":[],""gender"":[]}","{""season"":[],""daypart"":[],""gender"":[]}",True,"{""intensity"":"""",""longevity"":""HIGH""}","{""intensity"":"""",""longevity"":""""}",False,[],[],True,[],[],True,False,,"[""MISSED_LONGEVITY""]",MISSED_LONGEVITY
UQ0118,니치 향수 입문용으로 추천해줄 만한 거 있어?,[],[],True,"{""season"":[],""daypart"":[],""gender"":[]}","{""season"":[],""daypart"":[],""gender"":[]}",True,"{""intensity"":"""",""longevity"":""""}","{""intensity"":"""",""longevity"":""""}",True,[],[],True,"[""니치 향수 입문용""]",[],False,False,,"[""MISSED_ADDITIONAL""]",MISSED_ADDITIONAL
UQ0119,10만 원대에서 살 만한 향수 추천해줘,[],[],True,"{""season"":[],""daypart"":[],""gender"":[]}","{""season"":[],""daypart"":[],""gender"":[]}",True,"{""intensity"":"""",""longevity"":""""}","{""intensity"":"""",""longevity"":""""}",True,[],[],True,"[""10만 원대""]",[],False,False,,"[""MISSED_ADDITIONAL""]",MISSED_ADDITIONAL
UQ0120,20만 원 이하로 가성비 좋은 향수 추천해줘,[],[],True,"{""season"":[],""daypart"":[],""gender"":[]}","{""season"":[],""daypart"":[],""gender"":[]}",True,"{""intensity"":"""",""longevity"":""""}","{""intensity"":"""",""longevity"":""""}",True,[],[],True,"[""20만 원 이하"",""가성비""]",[],False,False,,"[""MISSED_ADDITIONAL""]",MISSED_ADDITIONAL
UQ0121,20대 후반 남자한테 어울리는 향수 내놔,[],[],True,"{""season"":[],""daypart"":[],""gender"":[""male""]}","{""season"":[],""daypart"":[],""gender"":[]}",False,"{""intensity"":"""",""longevity"":""""}","{""intensity"":"""",""longevity"":""""}",True,[],[],True,"[""20대 후반""]",[],False,False,,"[""MISSED_GENDER"",""MISSED_ADDITIONAL""]",MULTIPLE_ERRORS
UQ0122,결혼하는 사람한테 선물해줄 향수는 뭐가 있을까?,[],[],True,"{""season"":[],""daypart"":[],""gender"":[]}","{""season"":[],""daypart"":[],""gender"":[]}",True,"{""intensity"":"""",""longevity"":""""}","{""intensity"":"""",""longevity"":""""}",True,[],[],True,"[""결혼하는 사람"",""선물""]",[],False,False,,"[""MISSED_ADDITIONAL""]",MISSED_ADDITIONAL
UQ0123,운동하고 뿌리면 좋을 남자 향수가 필요해,[],[],True,"{""season"":[],""daypart"":[],""gender"":[""male""]}","{""season"":[],""daypart"":[],""gender"":[]}",False,"{""intensity"":"""",""longevity"":""""}","{""intensity"":"""",""longevity"":""""}",True,[],[],True,"[""운동하고 뿌리면 좋을""]",[],False,False,,"[""MISSED_GENDER"",""MISSED_ADDITIONAL""]",MULTIPLE_ERRORS
UQ0124,요즘 올리브영이나 백화점에서 가장 핫하고 인기 많은 여자 향수 알려줘.,[],[],True,"{""season"":[],""daypart"":[],""gender"":[""female""]}","{""season"":[],""daypart"":[],""gender"":[]}",False,"{""intensity"":"""",""longevity"":""""}","{""intensity"":"""",""longevity"":""""}",True,[],[],True,"[""올리브영이나 백화점"",""가장 핫"",""인기 많은""]",[],False,False,,"[""MISSED_GENDER"",""MISSED_ADDITIONAL""]",MULTIPLE_ERRORS
UQ0125,호불호 안 갈리고 누구나 맡았을 때 '좋다'고 느낄 만한 향수 추천좀,[],[],True,"{""season"":[],""daypart"":[],""gender"":[]}","{""season"":[],""daypart"":[],""gender"":[]}",True,"{""intensity"":"""",""longevity"":""""}","{""intensity"":"""",""longevity"":""""}",True,[],[],True,"[""호불호 안 갈리고"",""누구나 맡았을 때 '좋다'고""]",[],False,False,,"[""MISSED_ADDITIONAL""]",MISSED_ADDITIONAL
UQ0126,향수 초보인데 실패 확률 제일 적고 남들이 다들 좋다고 하는 남자 향수는 뭐가 있어,[],[],True,"{""season"":[],""daypart"":[],""gender"":[""male""]}","{""season"":[],""daypart"":[],""gender"":[]}",False,"{""intensity"":"""",""longevity"":""""}","{""intensity"":"""",""longevity"":""""}",True,[],[],True,"[""향수 초보"",""실패 확률 제일 적고"",""다들 좋다고""]",[],False,False,,"[""MISSED_GENDER"",""MISSED_ADDITIONAL""]",MULTIPLE_ERRORS
UQ0127,이번에 향수 하나 장만하려는데 남자 향수는 요즘 뭐가 제일 잘 나가냐?,[],[],True,"{""season"":[],""daypart"":[],""gender"":[""male""]}","{""season"":[],""daypart"":[],""gender"":[]}",False,"{""intensity"":"""",""longevity"":""""}","{""intensity"":"""",""longevity"":""""}",True,[],[],True,"[""제일 잘 나가냐""]",[],False,False,,"[""MISSED_GENDER"",""MISSED_ADDITIONAL""]",MULTIPLE_ERRORS
UQ0128,호불호 안 갈리는 여자친구 선물용 향수 추천,[],[],True,"{""season"":[],""daypart"":[],""gender"":[]}","{""season"":[],""daypart"":[],""gender"":[]}",True,"{""intensity"":"""",""longevity"":""""}","{""intensity"":"""",""longevity"":""""}",True,[],[],True,"[""호불호 안 갈리는"",""여자친구 선물""]",[],False,False,,"[""MISSED_ADDITIONAL""]",MISSED_ADDITIONAL
UQ0129,비누 향이나 세탁 건조기처럼 포근하고 깨끗한 향 나는 남자 향수 찾고 있어요,[],[],True,"{""season"":[],""daypart"":[],""gender"":[""male""]}","{""season"":[],""daypart"":[],""gender"":[]}",False,"{""intensity"":"""",""longevity"":""""}","{""intensity"":"""",""longevity"":""""}",True,[],[],True,"[""비누 향"",""세탁 건조기처럼 포근"",""깨끗한""]",[],False,False,,"[""MISSED_GENDER"",""MISSED_ADDITIONAL""]",MULTIPLE_ERRORS
UQ0130,향수병 디자인이 독특하거나 예술적인 향수 추천해 주세용,[],[],True,"{""season"":[],""daypart"":[],""gender"":[]}","{""season"":[],""daypart"":[],""gender"":[]}",True,"{""intensity"":"""",""longevity"":""""}","{""intensity"":"""",""longevity"":""""}",True,[],[],True,"[""향수병 디자인이 독특하거나 예술적인""]",[],False,False,,"[""MISSED_ADDITIONAL""]",MISSED_ADDITIONAL
UQ0132,바다가 떠오르는 여름용 남자 향수가 필요해,"[""Sea Notes""]",[],False,"{""season"":[""summer""],""daypart"":[],""gender"":[""male""]}","{""season"":[""summer""],""daypart"":[],""gender"":[]}",False,"{""intensity"":"""",""longevity"":""""}","{""intensity"":"""",""longevity"":""""}",True,[],[],True,"[""바다가 떠오르는""]",[],False,False,,"[""MISSED_SCENT"",""MISSED_GENDER"",""MISSED_ADDITIONAL""]",MULTIPLE_ERRORS
UQ0133,디자인이 엄청 고급스럽고 화려해서 선물용으로 소장 가치 있는 향수 병 디자인 추천해 줄래,[],[],True,"{""season"":[],""daypart"":[],""gender"":[]}","{""season"":[],""daypart"":[],""gender"":[]}",True,"{""intensity"":"""",""longevity"":""""}","{""intensity"":"""",""longevity"":""""}",True,[],[],True,"[""디자인이 엄청 고급스럽고 화려해서 선물용으로 소장 가치 있는 향수 병""]",[],False,False,,"[""MISSED_ADDITIONAL""]",MISSED_ADDITIONAL
UQ0134,요즘은 어떤 향수가 인기가 많냐?,[],[],True,"{""season"":[],""daypart"":[],""gender"":[]}","{""season"":[],""daypart"":[],""gender"":[]}",True,"{""intensity"":"""",""longevity"":""""}","{""intensity"":"""",""longevity"":""""}",True,[],[],True,"[""어떤 향수"",""인기가 많냐""]",[],False,False,,"[""MISSED_ADDITIONAL""]",MISSED_ADDITIONAL
UQ0135,SNS에서 인기 많은 남자 향수는 어떤게 있니,[],[],True,"{""season"":[],""daypart"":[],""gender"":[""male""]}","{""season"":[],""daypart"":[],""gender"":[]}",False,"{""intensity"":"""",""longevity"":""""}","{""intensity"":"""",""longevity"":""""}",True,[],[],True,"[""SNS에서 인기 많은""]",[],False,False,,"[""MISSED_GENDER"",""MISSED_ADDITIONAL""]",MULTIPLE_ERRORS
UQ0136,겨울용 남자 향수가 필요한데 남들이 잘 안쓰는 독특한걸 찾고 싶어,[],[],True,"{""season"":[""winter""],""daypart"":[],""gender"":[""male""]}","{""season"":[""winter""],""daypart"":[],""gender"":[]}",False,"{""intensity"":"""",""longevity"":""""}","{""intensity"":"""",""longevity"":""""}",True,[],[],True,"[""남들이 잘 안쓰는 독특한""]",[],False,False,,"[""MISSED_GENDER"",""MISSED_ADDITIONAL""]",MULTIPLE_ERRORS
UQ0137,그린 노트나 허브 향 나는 향수 추천해 줄래?,"[""green"",""herbal""]",[],False,"{""season"":[],""daypart"":[],""gender"":[]}","{""season"":[],""daypart"":[],""gender"":[]}",True,"{""intensity"":"""",""longevity"":""""}","{""intensity"":"""",""longevity"":""""}",True,[],[],True,[],[],True,False,,"[""MISSED_SCENT""]",MISSED_SCENT
UQ0138,향이 오래가는 남자 향수 골라줘봐라,[],[],True,"{""season"":[],""daypart"":[],""gender"":[""male""]}","{""season"":[],""daypart"":[],""gender"":[]}",False,"{""intensity"":"""",""longevity"":""HIGH""}","{""intensity"":"""",""longevity"":""""}",False,[],[],True,[],[],True,False,,"[""MISSED_GENDER"",""MISSED_LONGEVITY""]",MULTIPLE_ERRORS
UQ0139,은은한 스모키함이나 가죽 향이 감도는 시크한 느낌의 남자 향수 찾아줘,"[""smoky"",""Leather""]",[],False,"{""season"":[],""daypart"":[],""gender"":[""male""]}","{""season"":[],""daypart"":[],""gender"":[]}",False,"{""intensity"":""LOW"",""longevity"":""""}","{""intensity"":"""",""longevity"":""""}",False,[],[],True,"[""시크한""]",[],False,False,,"[""MISSED_SCENT"",""MISSED_GENDER"",""MISSED_INTENSITY"",""MISSED_ADDITIONAL""]",MULTIPLE_ERRORS
UQ0140,중성적인 향수에는 뭐가 있을까?,[],[],True,"{""season"":[],""daypart"":[],""gender"":[""neuter""]}","{""season"":[],""daypart"":[],""gender"":[]}",False,"{""intensity"":"""",""longevity"":""""}","{""intensity"":"""",""longevity"":""""}",True,[],[],True,[],[],True,False,,"[""MISSED_GENDER""]",MISSED_GENDER
UQ0141,"남친한테 향수 선물할 건데, 제일 유명한 남자 향수로 5개 정도 추천해줘",[],[],True,"{""season"":[],""daypart"":[],""gender"":[""male""]}","{""season"":[],""daypart"":[],""gender"":[]}",False,"{""intensity"":"""",""longevity"":""""}","{""intensity"":"""",""longevity"":""""}",True,[],[],True,"[""남친한테 향수 선물"",""제일 유명한"",""5개""]",[],False,False,,"[""MISSED_GENDER"",""MISSED_ADDITIONAL""]",MULTIPLE_ERRORS
UQ0142,밀폐된 공간에서 써도 안 어지러울만한 거 추천해줘,[],[],True,"{""season"":[],""daypart"":[],""gender"":[]}","{""season"":[],""daypart"":[],""gender"":[]}",True,"{""intensity"":"""",""longevity"":""""}","{""intensity"":"""",""longevity"":""""}",True,[],[],True,"[""밀폐된 공간"",""안 어지러울만한 거""]",[],False,False,,"[""MISSED_ADDITIONAL""]",MISSED_ADDITIONAL
UQ0143,카리스마 있어보이는 딱딱한 향수 근데 여자걸로 추천해줘,[],[],True,"{""season"":[],""daypart"":[],""gender"":[""female""]}","{""season"":[],""daypart"":[],""gender"":[]}",False,"{""intensity"":"""",""longevity"":""""}","{""intensity"":"""",""longevity"":""""}",True,[],[],True,"[""카리스마"",""딱딱한""]",[],False,False,,"[""MISSED_GENDER"",""MISSED_ADDITIONAL""]",MULTIPLE_ERRORS
UQ0144,한 5만원 이내로 살 수 있는데 백화점 향수 느낌 나는 거,[],[],True,"{""season"":[],""daypart"":[],""gender"":[]}","{""season"":[],""daypart"":[],""gender"":[]}",True,"{""intensity"":"""",""longevity"":""""}","{""intensity"":"""",""longevity"":""""}",True,[],[],True,"[""5만원 이내"",""백화점 향수""]",[],False,False,,"[""MISSED_ADDITIONAL""]",MISSED_ADDITIONAL
UQ0145,천연 향신료 사용하는 성분 좋은 향수 추천해줘,[],[],True,"{""season"":[],""daypart"":[],""gender"":[]}","{""season"":[],""daypart"":[],""gender"":[]}",True,"{""intensity"":"""",""longevity"":""""}","{""intensity"":"""",""longevity"":""""}",True,[],[],True,"[""천연 향신료"",""성분 좋은""]",[],False,False,,"[""MISSED_ADDITIONAL""]",MISSED_ADDITIONAL
UQ0146,가격 상관 없음. 리한나가 쓰는 향수 갖고싶어,[],[],True,"{""season"":[],""daypart"":[],""gender"":[]}","{""season"":[],""daypart"":[],""gender"":[]}",True,"{""intensity"":"""",""longevity"":""""}","{""intensity"":"""",""longevity"":""""}",True,[],[],True,"[""가격 상관 없음"",""리한나가 쓰는 향수""]",[],False,False,,"[""MISSED_ADDITIONAL""]",MISSED_ADDITIONAL
UQ0147,지속력은 길었으면 좋겠는데 향이 멀리까지 퍼지는 건 싫어. 그런 향수 있어?,[],[],True,"{""season"":[],""daypart"":[],""gender"":[]}","{""season"":[],""daypart"":[],""gender"":[]}",True,"{""intensity"":""LOW"",""longevity"":""HIGH""}","{""intensity"":"""",""longevity"":""""}",False,[],[],True,[],[],True,False,,"[""MISSED_INTENSITY"",""MISSED_LONGEVITY""]",MULTIPLE_ERRORS
UQ0148,"향추 추천해줘. 달콤한 향은 좋은데, 바닐라는 싫어.",[],"[""vanilla""]",False,"{""season"":[],""daypart"":[],""gender"":[]}","{""season"":[],""daypart"":[],""gender"":[]}",True,"{""intensity"":"""",""longevity"":""""}","{""intensity"":"""",""longevity"":""""}",True,"[""바닐라""]",[],False,"[""달콤한 향""]",[],False,False,,"[""EXTRA_SCENT"",""MISSED_AVOID"",""MISSED_ADDITIONAL""]",MULTIPLE_ERRORS
UQ0149,"시원한 향은 좋은데, 남자 스킨 냄새는 진짜 별로야. 안 그런 거 있어?",[],[],True,"{""season"":[],""daypart"":[],""gender"":[]}","{""season"":[],""daypart"":[],""gender"":[]}",True,"{""intensity"":"""",""longevity"":""""}","{""intensity"":"""",""longevity"":""""}",True,"[""남자 스킨 냄새""]",[],False,"[""시원한 향""]",[],False,False,,"[""MISSED_AVOID"",""MISSED_ADDITIONAL""]",MULTIPLE_ERRORS
UQ0150,우디 향 좋아하는데 무겁거나 중후한 건 싫어. 추천 좀.,"[""woody""]","[""woody""]",True,"{""season"":[],""daypart"":[],""gender"":[]}","{""season"":[],""daypart"":[],""gender"":[]}",True,"{""intensity"":"""",""longevity"":""""}","{""intensity"":"""",""longevity"":""""}",True,"[""무겁거나"",""중후한""]",[],False,[],[],True,False,,"[""MISSED_AVOID""]",MISSED_AVOID
UQ0151,"꽃향은 좋은데, 화장품 냄새 같은 꽃향은 싫음.",[],[],True,"{""season"":[],""daypart"":[],""gender"":[]}","{""season"":[],""daypart"":[],""gender"":[]}",True,"{""intensity"":"""",""longevity"":""""}","{""intensity"":"""",""longevity"":""""}",True,"[""화장품 냄새""]",[],False,"[""꽃향""]",[],False,False,,"[""MISSED_AVOID"",""MISSED_ADDITIONAL""]",MULTIPLE_ERRORS
UQ0152,패출리 들어간 향은 싫어. 그거 뺀 걸로 추천 좀.,[],[],True,"{""season"":[],""daypart"":[],""gender"":[]}","{""season"":[],""daypart"":[],""gender"":[]}",True,"{""intensity"":"""",""longevity"":""""}","{""intensity"":"""",""longevity"":""""}",True,"[""패출리""]",[],False,[],[],True,False,,"[""MISSED_AVOID""]",MISSED_AVOID
UQ0153,인센스나 절 냄새 나는 향수 개극혐이니까 그거 말고 다양한 종류로 추천 좀.,[],[],True,"{""season"":[],""daypart"":[],""gender"":[]}","{""season"":[],""daypart"":[],""gender"":[]}",True,"{""intensity"":"""",""longevity"":""""}","{""intensity"":"""",""longevity"":""""}",True,"[""인센스"",""절 냄새""]",[],False,"[""다양한 종류로 추천""]",[],False,False,,"[""MISSED_AVOID"",""MISSED_ADDITIONAL""]",MULTIPLE_ERRORS
UQ0154,"과일 향수 추천하는데 복숭아, 체리는 빼고 해줘. 그거 싫어.",[],[],True,"{""season"":[],""daypart"":[],""gender"":[]}","{""season"":[],""daypart"":[],""gender"":[]}",True,"{""intensity"":"""",""longevity"":""""}","{""intensity"":"""",""longevity"":""""}",True,"[""복숭아"",""체리""]",[],False,"[""과일 향수""]",[],False,False,,"[""MISSED_AVOID"",""MISSED_ADDITIONAL""]",MULTIPLE_ERRORS
UQ0155,딥티크 탐다오랑 오르페옹 중에 출근용으로 뭐가 더 나아?,[],[],True,"{""season"":[],""daypart"":[],""gender"":[]}","{""season"":[],""daypart"":[],""gender"":[]}",True,"{""intensity"":"""",""longevity"":""""}","{""intensity"":"""",""longevity"":""""}",True,[],[],True,"[""딥티크 탐다오랑 오르페옹 중에 출근용""]",[],False,False,,"[""MISSED_ADDITIONAL""]",MISSED_ADDITIONAL
UQ0156,블루 드 샤넬보다 덜 흔한 느낌으로 추천해줘.,[],[],True,"{""season"":[],""daypart"":[],""gender"":[]}","{""season"":[],""daypart"":[],""gender"":[]}",True,"{""intensity"":"""",""longevity"":""""}","{""intensity"":"""",""longevity"":""""}",True,[],[],True,"[""블루 드 샤넬보다 덜 흔한 느낌""]",[],False,False,,"[""MISSED_ADDITIONAL""]",MISSED_ADDITIONAL
UQ0157,지금 쓰는 향수보가 조말론인데 조금 더 성숙한 느낌으로 바꾸고 싶어.,[],[],True,"{""season"":[],""daypart"":[],""gender"":[]}","{""season"":[],""daypart"":[],""gender"":[]}",True,"{""intensity"":"""",""longevity"":""""}","{""intensity"":"""",""longevity"":""""}",True,[],[],True,"[""조말론인데 조금 더 성숙한 느낌으로 바꾸고 싶어.""]",[],False,False,,"[""MISSED_ADDITIONAL""]",MISSED_ADDITIONAL
UQ0158,새벽 바닷가 같은 느낌인데 소금 냄새가 너무 강하진 않았으면 좋겠어.,[],[],True,"{""season"":[],""daypart"":[],""gender"":[]}","{""season"":[],""daypart"":[],""gender"":[]}",True,"{""intensity"":"""",""longevity"":""""}","{""intensity"":"""",""longevity"":""""}",True,[],[],True,"[""새벽 바닷가"",""소금 냄새가 너무 강하진 않았으면""]",[],False,False,,"[""MISSED_ADDITIONAL""]",MISSED_ADDITIONAL
UQ0159,비 오는 숲 같은데 흙냄새보다는 젖은 나무 냄새가 강했으면 좋겠어.,[],[],True,"{""season"":[],""daypart"":[],""gender"":[]}","{""season"":[],""daypart"":[],""gender"":[]}",True,"{""intensity"":"""",""longevity"":""""}","{""intensity"":"""",""longevity"":""""}",True,[],[],True,"[""비 오는 숲"",""흙냄새보다는 젖은 나무 냄새""]",[],False,False,,"[""MISSED_ADDITIONAL""]",MISSED_ADDITIONAL
UQ0160,차가운 금속같은 이미지인데 향 자체는 너무 날카롭지 않았으면 좋겠어.,[],[],True,"{""season"":[],""daypart"":[],""gender"":[]}","{""season"":[],""daypart"":[],""gender"":[]}",True,"{""intensity"":"""",""longevity"":""""}","{""intensity"":"""",""longevity"":""""}",True,[],[],True,"[""차가운 금속같은 이미지"",""너무 날카롭지 않았으면""]",[],False,False,,"[""MISSED_ADDITIONAL""]",MISSED_ADDITIONAL
UQ0161,햇빛 받은 흰 셔츠 같은 느낌하고 싶은데 시트러스는 싫어.,[],"[""citrus""]",False,"{""season"":[],""daypart"":[],""gender"":[]}","{""season"":[],""daypart"":[],""gender"":[]}",True,"{""intensity"":"""",""longevity"":""""}","{""intensity"":"""",""longevity"":""""}",True,"[""시트러스""]",[],False,"[""햇빛 받은 흰 셔츠""]",[],False,False,,"[""EXTRA_SCENT"",""MISSED_AVOID"",""MISSED_ADDITIONAL""]",MULTIPLE_ERRORS
UQ0162,호텔 침구 같은 깨끗함! 근데 세제 냄새처럼 인위적이면 싫어.,[],[],True,"{""season"":[],""daypart"":[],""gender"":[]}","{""season"":[],""daypart"":[],""gender"":[]}",True,"{""intensity"":"""",""longevity"":""""}","{""intensity"":"""",""longevity"":""""}",True,"[""세제 냄새""]",[],False,"[""호텔 침구"",""깨끗함""]",[],False,False,,"[""MISSED_AVOID"",""MISSED_ADDITIONAL""]",MULTIPLE_ERRORS
UQ0163,"나 꿀 같은 향은 좋아하는데, 너무 냄새가 강하지는 않았으면 좋겠어. 그런 향수 있을까?",[],[],True,"{""season"":[],""daypart"":[],""gender"":[]}","{""season"":[],""daypart"":[],""gender"":[]}",True,"{""intensity"":""LOW"",""longevity"":""""}","{""intensity"":"""",""longevity"":""""}",False,[],[],True,"[""꿀 같은 향""]",[],False,False,,"[""MISSED_INTENSITY"",""MISSED_ADDITIONAL""]",MULTIPLE_ERRORS
UQ0164,장미 꽃 향기는 좋은데 인위적인 향기는 아니었으면 좋겠음. 추천 좀,[],[],True,"{""season"":[],""daypart"":[],""gender"":[]}","{""season"":[],""daypart"":[],""gender"":[]}",True,"{""intensity"":"""",""longevity"":""""}","{""intensity"":"""",""longevity"":""""}",True,"[""인위적인""]",[],False,"[""장미 꽃 향기""]",[],False,False,,"[""MISSED_AVOID"",""MISSED_ADDITIONAL""]",MULTIPLE_ERRORS
UQ0165,사과랑 자스민 냄새 같이 나는 향수 없나? 있으면 좋겠는데.,"[""Rose"",""Jasmine""]",[],False,"{""season"":[],""daypart"":[],""gender"":[]}","{""season"":[],""daypart"":[],""gender"":[]}",True,"{""intensity"":"""",""longevity"":""""}","{""intensity"":"""",""longevity"":""""}",True,[],[],True,[],[],True,False,,"[""MISSED_SCENT""]",MISSED_SCENT
UQ0166,카라멜 향기 달달하게 났으면 좋겠어. 초코 향이면 안돼!!,"[""Caramel""]",[],False,"{""season"":[],""daypart"":[],""gender"":[]}","{""season"":[],""daypart"":[],""gender"":[]}",True,"{""intensity"":"""",""longevity"":""""}","{""intensity"":"""",""longevity"":""""}",True,"[""초코 향""]",[],False,[],[],True,False,,"[""MISSED_SCENT"",""MISSED_AVOID""]",MULTIPLE_ERRORS
UQ0167,머스크말고 화이트 머스크 향이 나는 향수로 추천해줘.,"[""White Musk""]",[],False,"{""season"":[],""daypart"":[],""gender"":[]}","{""season"":[],""daypart"":[],""gender"":[]}",True,"{""intensity"":"""",""longevity"":""""}","{""intensity"":"""",""longevity"":""""}",True,"[""머스크""]",[],False,[],[],True,False,,"[""MISSED_SCENT"",""MISSED_AVOID""]",MULTIPLE_ERRORS
UQ0168,바질 냄새 싫어. 바질 냄새 안나는 그린 계열 향수 추천 해줘.,"[""green""]",[],False,"{""season"":[],""daypart"":[],""gender"":[]}","{""season"":[],""daypart"":[],""gender"":[]}",True,"{""intensity"":"""",""longevity"":""""}","{""intensity"":"""",""longevity"":""""}",True,"[""바질 냄새 ""]",[],False,"[""그린 계열""]",[],False,False,,"[""MISSED_SCENT"",""MISSED_AVOID"",""MISSED_ADDITIONAL""]",MULTIPLE_ERRORS
UQ0169,"딸기 향기가 났으면 좋겠어. 달달한 거 말고, 진짜 싱싱한 딸기 향기 나는 향수 추천해줘.","[""Strawberry""]",[],False,"{""season"":[],""daypart"":[],""gender"":[]}","{""season"":[],""daypart"":[],""gender"":[]}",True,"{""intensity"":"""",""longevity"":""""}","{""intensity"":"""",""longevity"":""""}",True,"[""달달한 거""]",[],False,"[""싱싱한 딸기 향기""]",[],False,False,,"[""MISSED_SCENT"",""MISSED_AVOID"",""MISSED_ADDITIONAL""]",MULTIPLE_ERRORS
UQ0170,청량한데 남자 향수 냄새는 안났으면 좋겠음. 뭔말인지 알지?,[],[],True,"{""season"":[],""daypart"":[],""gender"":[]}","{""season"":[],""daypart"":[],""gender"":[]}",True,"{""intensity"":"""",""longevity"":""""}","{""intensity"":"""",""longevity"":""""}",True,"[""남자 향수 냄새""]",[],False,"[""청량""]",[],False,False,,"[""MISSED_AVOID"",""MISSED_ADDITIONAL""]",MULTIPLE_ERRORS
UQ0171,처음에는 상쾌한데 시간이 지나면 포근하게 남는 향수 추천해줘.,[],[],True,"{""season"":[],""daypart"":[],""gender"":[]}","{""season"":[],""daypart"":[],""gender"":[]}",True,"{""intensity"":"""",""longevity"":""""}","{""intensity"":"""",""longevity"":""""}",True,[],[],True,"[""처음에는 상쾌"",""시간이 지나면 포근""]",[],False,False,,"[""MISSED_ADDITIONAL""]",MISSED_ADDITIONAL
UQ0172,오래된 목조 도서관에 들어갔을 때 나는 냄새 같은 향수가 있을까?,[],[],True,"{""season"":[],""daypart"":[],""gender"":[]}","{""season"":[],""daypart"":[],""gender"":[]}",True,"{""intensity"":"""",""longevity"":""""}","{""intensity"":"""",""longevity"":""""}",True,[],[],True,"[""오래된 목조 도서관""]",[],False,False,,"[""MISSED_ADDITIONAL""]",MISSED_ADDITIONAL
UQ0173,평소에는 조용한데 은근히 개성 있어 보이는 사람이 쓸 것 같은 향수 추천해줘.,[],[],True,"{""season"":[],""daypart"":[],""gender"":[]}","{""season"":[],""daypart"":[],""gender"":[]}",True,"{""intensity"":"""",""longevity"":""""}","{""intensity"":"""",""longevity"":""""}",True,[],[],True,"[""평소에는 조용한데"",""은근히 개성 있어 보이는 사람""]",[],False,False,,"[""MISSED_ADDITIONAL""]",MISSED_ADDITIONAL
UQ0174,상대방 취향을 전혀 모르는데 선물하기 실패 확률 낮은 향수 추천해줘.,[],[],True,"{""season"":[],""daypart"":[],""gender"":[]}","{""season"":[],""daypart"":[""day""],""gender"":[]}",False,"{""intensity"":"""",""longevity"":""""}","{""intensity"":"""",""longevity"":""""}",True,[],[],True,"[""상대방 취향을 전혀 모르는데"",""선물하기 실패 확률 낮은 향수""]",[],False,False,,"[""EXTRA_DAYPART"",""MISSED_ADDITIONAL""]",MULTIPLE_ERRORS
UQ0175,미니멀하게 옷 입는 사람한테 어울리는 담백한 향수 추천해줘.,[],[],True,"{""season"":[],""daypart"":[],""gender"":[]}","{""season"":[],""daypart"":[],""gender"":[]}",True,"{""intensity"":"""",""longevity"":""""}","{""intensity"":"""",""longevity"":""""}",True,[],[],True,"[""미니멀하게 옷 입는 사람"",""담백한 향수""]",[],False,False,,"[""MISSED_ADDITIONAL""]",MISSED_ADDITIONAL
UQ0176,실내에서만 있는 직업인데 답답하지 않은 향 추천해줘.,[],[],True,"{""season"":[],""daypart"":[],""gender"":[]}","{""season"":[],""daypart"":[],""gender"":[]}",True,"{""intensity"":"""",""longevity"":""""}","{""intensity"":"""",""longevity"":""""}",True,[],[],True,"[""실내에서만 있는 직업"",""답답하지 않은 향""]",[],False,False,,"[""MISSED_ADDITIONAL""]",MISSED_ADDITIONAL
UQ0177,파우더리하고 장미느낌이 나는 옛날 향수는 어떤 있어?,"[""powdery"",""Rose""]","[""powdery""]",False,"{""season"":[],""daypart"":[],""gender"":[]}","{""season"":[],""daypart"":[],""gender"":[]}",True,"{""intensity"":"""",""longevity"":""""}","{""intensity"":"""",""longevity"":""""}",True,[],[],True,"[""옛날 향수""]",[],False,False,,"[""WRONG_SCENT"",""MISSED_ADDITIONAL""]",MULTIPLE_ERRORS
UQ0178,30대 남자의 정장차림에 어울리는 지속력 좋은 향수 추천해줘,[],[],True,"{""season"":[],""daypart"":[],""gender"":[""male""]}","{""season"":[],""daypart"":[],""gender"":[]}",False,"{""intensity"":"""",""longevity"":""HIGH""}","{""intensity"":"""",""longevity"":""""}",False,[],[],True,"[""30대"",""정장차림""]",[],False,False,,"[""MISSED_GENDER"",""MISSED_LONGEVITY"",""MISSED_ADDITIONAL""]",MULTIPLE_ERRORS
UQ0179,이솝 휠이랑 레이어링하면 좋은 향수 가르쳐줘,[],[],True,"{""season"":[],""daypart"":[],""gender"":[]}","{""season"":[],""daypart"":[],""gender"":[]}",True,"{""intensity"":"""",""longevity"":""""}","{""intensity"":"""",""longevity"":""""}",True,[],[],True,"[""이솝 휠이랑 레이어링""]",[],False,False,,"[""MISSED_ADDITIONAL""]",MISSED_ADDITIONAL
UQ0180,플로럴인데 파우더리하지 않고 잔향 오래가는 거 추천해줘,"[""floral""]","[""floral"",""powdery""]",False,"{""season"":[],""daypart"":[],""gender"":[]}","{""season"":[],""daypart"":[],""gender"":[]}",True,"{""intensity"":"""",""longevity"":""HIGH""}","{""intensity"":"""",""longevity"":""""}",False,"[""파우더리""]",[],False,[],[],True,False,,"[""WRONG_SCENT"",""MISSED_LONGEVITY"",""MISSED_AVOID""]",MULTIPLE_ERRORS
UQ0181,커피 노트가 들어간 향수 추천해줘,"[""Coffee""]",[],False,"{""season"":[],""daypart"":[],""gender"":[]}","{""season"":[],""daypart"":[],""gender"":[]}",True,"{""intensity"":"""",""longevity"":""""}","{""intensity"":"""",""longevity"":""""}",True,[],[],True,[],[],True,False,,"[""MISSED_SCENT""]",MISSED_SCENT
UQ0182,겨울용 무거운 향인데 사무실에서도 부담없이 사용할 수 있는 향수 알려줘,[],[],True,"{""season"":[""winter""],""daypart"":[],""gender"":[]}","{""season"":[""winter""],""daypart"":[],""gender"":[]}",True,"{""intensity"":"""",""longevity"":""""}","{""intensity"":"""",""longevity"":""""}",True,[],[],True,"[""무거운 향"",""사무실"",""부담없이 사용""]",[],False,False,,"[""MISSED_ADDITIONAL""]",MISSED_ADDITIONAL
UQ0183,갓 깎은 잔디밭에 누워 있는 느낌이 날 수 있는 향수가 있을까?,[],[],True,"{""season"":[],""daypart"":[],""gender"":[]}","{""season"":[],""daypart"":[],""gender"":[]}",True,"{""intensity"":"""",""longevity"":""""}","{""intensity"":"""",""longevity"":""""}",True,[],[],True,"[""갓 깎은 잔디밭에 누워 있는""]",[],False,False,,"[""MISSED_ADDITIONAL""]",MISSED_ADDITIONAL
UQ0184,시프레 계열이 뭔지 모르겠는데 대표적인 거 몇 개만 알려주겠니?,[],[],True,"{""season"":[],""daypart"":[],""gender"":[]}","{""season"":[],""daypart"":[],""gender"":[]}",True,"{""intensity"":"""",""longevity"":""""}","{""intensity"":"""",""longevity"":""""}",True,[],[],True,"[""시프레 계열"",""대표적인 거 몇 개""]",[],False,False,,"[""MISSED_ADDITIONAL""]",MISSED_ADDITIONAL
UQ0185,산타마리아노벨라 시향했는데 너무 올드하더라. 젊은 느낌으로 추천해줄래?,[],[],True,"{""season"":[],""daypart"":[],""gender"":[]}","{""season"":[],""daypart"":[],""gender"":[]}",True,"{""intensity"":"""",""longevity"":""""}","{""intensity"":"""",""longevity"":""""}",True,"[""올드""]",[],False,"[""산타마리아노벨라 시향했는데 너무 올드"",""젊은 느낌""]",[],False,False,,"[""MISSED_AVOID"",""MISSED_ADDITIONAL""]",MULTIPLE_ERRORS
UQ0186,오래된 헌책방 냄새 같은 향수 있어?,[],[],True,"{""season"":[],""daypart"":[],""gender"":[]}","{""season"":[],""daypart"":[],""gender"":[]}",True,"{""intensity"":"""",""longevity"":""""}","{""intensity"":"""",""longevity"":""""}",True,[],[],True,"[""오래된 헌책방 냄새""]",[],False,False,,"[""MISSED_ADDITIONAL""]",MISSED_ADDITIONAL
UQ0187,아이리스가 세련됐다던데 입문용으로 괜찮은 거 있어?,[],[],True,"{""season"":[],""daypart"":[],""gender"":[]}","{""season"":[],""daypart"":[],""gender"":[]}",True,"{""intensity"":"""",""longevity"":""""}","{""intensity"":"""",""longevity"":""""}",True,[],[],True,"[""아이리스"",""입문용""]",[],False,False,,"[""MISSED_ADDITIONAL""]",MISSED_ADDITIONAL
UQ0188,크리드 실버마운틴워터 사고 싶은데 너무 비싸. 비슷한데 더 저렴한거 추천해줘.,[],[],True,"{""season"":[],""daypart"":[],""gender"":[]}","{""season"":[],""daypart"":[],""gender"":[]}",True,"{""intensity"":"""",""longevity"":""""}","{""intensity"":"""",""longevity"":""""}",True,[],[],True,"[""크리드 실버마운틴워터"",""더 저렴한거""]",[],False,False,,"[""MISSED_ADDITIONAL""]",MISSED_ADDITIONAL
UQ0189,무화과 노트 좋아하는데 그중에 제일 유명한 거 뭐야,"[""Fig""]",[],False,"{""season"":[],""daypart"":[],""gender"":[]}","{""season"":[],""daypart"":[],""gender"":[]}",True,"{""intensity"":"""",""longevity"":""""}","{""intensity"":"""",""longevity"":""""}",True,[],[],True,"[""제일 유명""]",[],False,False,,"[""MISSED_SCENT"",""MISSED_ADDITIONAL""]",MULTIPLE_ERRORS
UQ0190,단종된 향수랑 비슷한 걸 찾고 싶어. 파우더리하고 비누향이었어,"[""powdery"",""Soap""]","[""powdery""]",False,"{""season"":[],""daypart"":[],""gender"":[]}","{""season"":[],""daypart"":[],""gender"":[]}",True,"{""intensity"":"""",""longevity"":""""}","{""intensity"":"""",""longevity"":""""}",True,[],[],True,"[""단종된 향수랑 비슷한 걸""]",[],False,False,,"[""WRONG_SCENT"",""MISSED_ADDITIONAL""]",MULTIPLE_ERRORS
UQ0191,베티버가 뭔지 궁금한데 베티버 들어간 향수 추천해줘,"[""Vetiver""]",[],False,"{""season"":[],""daypart"":[],""gender"":[]}","{""season"":[],""daypart"":[],""gender"":[]}",True,"{""intensity"":"""",""longevity"":""""}","{""intensity"":"""",""longevity"":""""}",True,[],[],True,[],[],True,False,,"[""MISSED_SCENT""]",MISSED_SCENT
UQ0192,지금 우디 향수만 여러 개 가지고 있어서 완전히 다른 계열 하나 사고 싶어.,[],"[""woody""]",False,"{""season"":[],""daypart"":[],""gender"":[]}","{""season"":[],""daypart"":[],""gender"":[]}",True,"{""intensity"":"""",""longevity"":""""}","{""intensity"":"""",""longevity"":""""}",True,"[""우디""]",[],False,"[""완전히 다른 계열""]",[],False,False,,"[""EXTRA_SCENT"",""MISSED_AVOID"",""MISSED_ADDITIONAL""]",MULTIPLE_ERRORS
UQ0193,뭔가 깨끗하고 세련된 느낌이면 좋겠는데 정확히 어떤 향인지는 모르겠어.,[],[],True,"{""season"":[],""daypart"":[],""gender"":[]}","{""season"":[],""daypart"":[],""gender"":[]}",True,"{""intensity"":"""",""longevity"":""""}","{""intensity"":"""",""longevity"":""""}",True,[],[],True,"[""깨끗하고"",""세련된""]",[],False,False,,"[""MISSED_ADDITIONAL""]",MISSED_ADDITIONAL
UQ0194,포근한 니트 같은 느낌인데 달달하지 않은 향수 있을까?,[],[],True,"{""season"":[],""daypart"":[],""gender"":[]}","{""season"":[],""daypart"":[],""gender"":[]}",True,"{""intensity"":"""",""longevity"":""""}","{""intensity"":"""",""longevity"":""""}",True,"[""달달""]",[],False,"[""포근한 니트""]",[],False,False,,"[""MISSED_AVOID"",""MISSED_ADDITIONAL""]",MULTIPLE_ERRORS
UQ0195,따뜻한 차 한 잔 마시면서 창밖에 비 오는 걸 보는 느낌의 향수 추천해줘.,[],[],True,"{""season"":[],""daypart"":[],""gender"":[]}","{""season"":[],""daypart"":[],""gender"":[]}",True,"{""intensity"":"""",""longevity"":""""}","{""intensity"":"""",""longevity"":""""}",True,[],[],True,"[""따뜻한 차 한 잔"",""창밖에 비 오는 걸 보는""]",[],False,False,,"[""MISSED_ADDITIONAL""]",MISSED_ADDITIONAL
UQ0196,우디 향 좋아하는데 너무 무겁거나 아저씨 같은 느낌은 싫어.,"[""woody""]","[""woody""]",True,"{""season"":[],""daypart"":[],""gender"":[]}","{""season"":[],""daypart"":[],""gender"":[]}",True,"{""intensity"":"""",""longevity"":""""}","{""intensity"":"""",""longevity"":""""}",True,"[""너무 무겁거나"",""아저씨 같은 느낌""]",[],False,[],[],True,False,,"[""MISSED_AVOID""]",MISSED_AVOID
UQ0197,강의실에서 뿌려도 민폐 아닌 강도의 가벼운 향수 추천해줘.,[],[],True,"{""season"":[],""daypart"":[],""gender"":[]}","{""season"":[],""daypart"":[],""gender"":[]}",True,"{""intensity"":""LOW"",""longevity"":""""}","{""intensity"":"""",""longevity"":""""}",False,[],[],True,"[""강의실"",""가벼운""]",[],False,False,,"[""MISSED_INTENSITY"",""MISSED_ADDITIONAL""]",MULTIPLE_ERRORS
UQ0198,헬스장용인데 땀이랑 안 겹치고 저렴한 향수를 추천받고 싶어.,[],[],True,"{""season"":[],""daypart"":[],""gender"":[]}","{""season"":[],""daypart"":[],""gender"":[]}",True,"{""intensity"":"""",""longevity"":""""}","{""intensity"":"""",""longevity"":""""}",True,[],[],True,"[""헬스장용"",""땀이랑 안 겹치고"",""저렴한""]",[],False,False,,"[""MISSED_ADDITIONAL""]",MISSED_ADDITIONAL
UQ0199,오렌지 블로썸 위주인 향수는 어떤게 있을까?,"[""Orange Blossom""]",[],False,"{""season"":[],""daypart"":[],""gender"":[]}","{""season"":[],""daypart"":[],""gender"":[]}",True,"{""intensity"":"""",""longevity"":""""}","{""intensity"":"""",""longevity"":""""}",True,[],[],True,[],[],True,False,,"[""MISSED_SCENT""]",MISSED_SCENT
UQ0200,탬버린즈 계열 좋아하는데 다른 국내 브랜드 추천해줘.,[],[],True,"{""season"":[],""daypart"":[],""gender"":[]}","{""season"":[],""daypart"":[],""gender"":[]}",True,"{""intensity"":"""",""longevity"":""""}","{""intensity"":"""",""longevity"":""""}",True,[],[],True,"[""탬버린즈 계열"",""다른 국내 브랜드""]",[],False,False,,"[""MISSED_ADDITIONAL""]",MISSED_ADDITIONAL
