secondary_descriptor,primary_descriptor,count,share
Acidic,Sulfurous,2,0.6666666666666666
Acidic,Gourmand,1,0.3333333333333333
Aldehydic,Green,20,0.37735849056603776
Aldehydic,Floral,13,0.24528301886792453
Aldehydic,Citrus,9,0.16981132075471697
Aldehydic,Marine,3,0.05660377358490566
Aldehydic,Fruity,2,0.03773584905660377
Aldehydic,Ozonic,2,0.03773584905660377
Aldehydic,Acidic,1,0.018867924528301886
Aldehydic,Camphoraceous,1,0.018867924528301886
Aldehydic,Herbal,1,0.018867924528301886
Aldehydic,Minty,1,0.018867924528301886
Almond,Fruity,4,0.21052631578947367
Almond,Floral,3,0.15789473684210525
Almond,Gourmand,3,0.15789473684210525
Almond,Green,2,0.10526315789473684
Almond,Powdery,2,0.10526315789473684
Almond,Spicy,2,0.10526315789473684
Almond,Anisic,1,0.05263157894736842
Almond,Food Like,1,0.05263157894736842
Almond,Woody,1,0.05263157894736842
Amber,Woody,63,0.7159090909090909
Amber,Balsamic,16,0.18181818181818182
Amber,Animal Like,4,0.045454545454545456
Amber,Musk Like,3,0.03409090909090909
Amber,Fruity,1,0.011363636363636364
Amber,Spicy,1,0.011363636363636364
Animal Like,Musk Like,8,0.2857142857142857
Animal Like,Floral,6,0.21428571428571427
Animal Like,Woody,6,0.21428571428571427
Animal Like,Acidic,2,0.07142857142857142
Animal Like,Amber,2,0.07142857142857142
Animal Like,Balsamic,1,0.03571428571428571
Animal Like,Herbal,1,0.03571428571428571
Animal Like,Smoky,1,0.03571428571428571
Animal Like,Spicy,1,0.03571428571428571
Anisic,Herbal,7,0.25925925925925924
Anisic,Floral,6,0.2222222222222222
Anisic,Fruity,4,0.14814814814814814
Anisic,Spicy,3,0.1111111111111111
Anisic,Balsamic,2,0.07407407407407407
Anisic,Gourmand,2,0.07407407407407407
Anisic,Powdery,2,0.07407407407407407
Anisic,Green,1,0.037037037037037035
Apple,Fruity,74,0.7708333333333334
Apple,Green,16,0.16666666666666666
Apple,Floral,2,0.020833333333333332
Apple,Woody,2,0.020833333333333332
Apple,Herbal,1,0.010416666666666666
Apple,Musk Like,1,0.010416666666666666
Apricot,Fruity,9,0.9
Apricot,Floral,1,0.1
Aromatic,Herbal,35,0.5645161290322581
Aromatic,Spicy,15,0.24193548387096775
Aromatic,Floral,4,0.06451612903225806
Aromatic,Minty,3,0.04838709677419355
Aromatic,Fruity,2,0.03225806451612903
Aromatic,Amber,1,0.016129032258064516
Aromatic,Green,1,0.016129032258064516
Aromatic,Woody,1,0.016129032258064516
Artemisia,Camphoraceous,2,0.5
Artemisia,Herbal,2,0.5
Balsamic,Spicy,34,0.2556390977443609
Balsamic,Woody,32,0.24060150375939848
Balsamic,Floral,29,0.21804511278195488
Balsamic,Fruity,10,0.07518796992481203
Balsamic,Amber,7,0.05263157894736842
Balsamic,Herbal,6,0.045112781954887216
Balsamic,Musk Like,5,0.03759398496240601
Balsamic,Animal Like,2,0.015037593984962405
Balsamic,Aldehydic,1,0.007518796992481203
Balsamic,Anisic,1,0.007518796992481203
Balsamic,Citrus,1,0.007518796992481203
Balsamic,Earthy,1,0.007518796992481203
Balsamic,Green,1,0.007518796992481203
Balsamic,Minty,1,0.007518796992481203
Balsamic,Powdery,1,0.007518796992481203
Balsamic,Smoky,1,0.007518796992481203
Banana,Fruity,19,0.8636363636363636
Banana,Green,2,0.09090909090909091
Banana,Floral,1,0.045454545454545456
Basil,Herbal,2,1.0
Bayleaf,Spicy,1,1.0
Bell Pepper,Green,1,0.5
Bell Pepper,Herbal,1,0.5
Bergamot,Citrus,5,0.5
Bergamot,Floral,2,0.2
Bergamot,Fruity,2,0.2
Bergamot,Herbal,1,0.1
Berry,Fruity,24,0.8275862068965517
Berry,Musk Like,2,0.06896551724137931
Berry,Floral,1,0.034482758620689655
Berry,Gourmand,1,0.034482758620689655
Berry,Herbal,1,0.034482758620689655
Bitter,Citrus,1,1.0
Blackcurrant,Fruity,18,0.9
Blackcurrant,Herbal,1,0.05
Blackcurrant,Sulfurous,1,0.05
Blueberry,Fruity,2,1.0
Brandy,Fruity,2,1.0
Bread,Food Like,1,1.0
Burnt,Woody,3,0.42857142857142855
Burnt,Acidic,1,0.14285714285714285
Burnt,Fruity,1,0.14285714285714285
Burnt,Gourmand,1,0.14285714285714285
Burnt,Smoky,1,0.14285714285714285
Butterscotch,Gourmand,2,1.0
Buttery,Gourmand,7,0.4375
Buttery,Food Like,3,0.1875
Buttery,Fruity,3,0.1875
Buttery,Acidic,2,0.125
Buttery,Floral,1,0.0625
Cabbage,Food Like,1,0.3333333333333333
Cabbage,Green,1,0.3333333333333333
Cabbage,Sulfurous,1,0.3333333333333333
Camphoraceous,Herbal,43,0.581081081081081
Camphoraceous,Minty,9,0.12162162162162163
Camphoraceous,Woody,9,0.12162162162162163
Camphoraceous,Aromatic,5,0.06756756756756757
Camphoraceous,Spicy,4,0.05405405405405406
Camphoraceous,Earthy,2,0.02702702702702703
Camphoraceous,Citrus,1,0.013513513513513514
Camphoraceous,Green,1,0.013513513513513514
Caramel,Gourmand,27,0.7941176470588235
Caramel,Fruity,6,0.17647058823529413
Caramel,Spicy,1,0.029411764705882353
Caraway,Minty,1,1.0
Carnation,Floral,2,0.6666666666666666
Carnation,Spicy,1,0.3333333333333333
Carrot,Woody,2,0.5
Carrot,Green,1,0.25
Carrot,Spicy,1,0.25
Cassis,Fruity,3,0.75
Cassis,Floral,1,0.25
Cedarwood,Woody,45,0.9375
Cedarwood,Amber,1,0.020833333333333332
Cedarwood,Floral,1,0.020833333333333332
Cedarwood,Herbal,1,0.020833333333333332
Celery,Herbal,5,0.7142857142857143
Celery,Floral,1,0.14285714285714285
Celery,Woody,1,0.14285714285714285
Chamomile,Floral,4,0.5
Chamomile,Herbal,4,0.5
Cheesy,Acidic,9,0.75
Cheesy,Food Like,3,0.25
Cherry,Fruity,5,0.5555555555555556
Cherry,Gourmand,2,0.2222222222222222
Cherry,Anisic,1,0.1111111111111111
Cherry,Floral,1,0.1111111111111111
Cherry Blossom,Floral,2,1.0
Chilli Pepper,Spicy,1,1.0
Chocolate,Gourmand,10,0.7142857142857143
Chocolate,Fruity,3,0.21428571428571427
Chocolate,Aldehydic,1,0.07142857142857142
Cinnamon,Spicy,27,0.8709677419354839
Cinnamon,Balsamic,3,0.0967741935483871
Cinnamon,Citrus,1,0.03225806451612903
Citronella,Citrus,1,1.0
Citrus,Floral,43,0.31851851851851853
Citrus,Herbal,22,0.16296296296296298
Citrus,Fruity,19,0.14074074074074075
Citrus,Green,18,0.13333333333333333
Citrus,Aldehydic,11,0.08148148148148149
Citrus,Spicy,10,0.07407407407407407
Citrus,Aromatic,7,0.05185185185185185
Citrus,Ozonic,2,0.014814814814814815
Citrus,Citrus,1,0.007407407407407408
Citrus,Marine,1,0.007407407407407408
Citrus,Minty,1,0.007407407407407408
Clean,Aldehydic,3,0.2727272727272727
Clean,Citrus,2,0.18181818181818182
Clean,Ozonic,2,0.18181818181818182
Clean,Floral,1,0.09090909090909091
Clean,Marine,1,0.09090909090909091
Clean,Musk Like,1,0.09090909090909091
Clean,Woody,1,0.09090909090909091
Clove,Spicy,12,0.8571428571428571
Clove,Smoky,1,0.07142857142857142
Clove,Woody,1,0.07142857142857142
Cocoa,Gourmand,4,0.5714285714285714
Cocoa,Fruity,2,0.2857142857142857
Cocoa,Food Like,1,0.14285714285714285
Coconut,Fruity,13,0.52
Coconut,Gourmand,8,0.32
Coconut,Tobacco Like,3,0.12
Coconut,Aldehydic,1,0.04
Coffee,Food Like,10,0.47619047619047616
Coffee,Gourmand,7,0.3333333333333333
Coffee,Sulfurous,3,0.14285714285714285
Coffee,Smoky,1,0.047619047619047616
Cooling,Minty,12,0.7058823529411765
Cooling,Herbal,4,0.23529411764705882
Cooling,Marine,1,0.058823529411764705
Coriander,Aldehydic,3,0.42857142857142855
Coriander,Floral,2,0.2857142857142857
Coriander,Green,1,0.14285714285714285
Coriander,Spicy,1,0.14285714285714285
Corn,Food Like,2,1.0
Coumarin,Powdery,4,0.6666666666666666
Coumarin,Floral,1,0.16666666666666666
Coumarin,Tobacco Like,1,0.16666666666666666
Creamy,Gourmand,15,0.3191489361702128
Creamy,Woody,12,0.2553191489361702
Creamy,Fruity,7,0.14893617021276595
Creamy,Amber,4,0.0851063829787234
Creamy,Floral,2,0.0425531914893617
Creamy,Powdery,2,0.0425531914893617
Creamy,Acidic,1,0.02127659574468085
Creamy,Animal Like,1,0.02127659574468085
Creamy,Food Like,1,0.02127659574468085
Creamy,Green,1,0.02127659574468085
Creamy,Musk Like,1,0.02127659574468085
Cucumber,Green,19,0.9047619047619048
Cucumber,Aldehydic,1,0.047619047619047616
Cucumber,Floral,1,0.047619047619047616
Cumin,Floral,2,0.5
Cumin,Herbal,1,0.25
Cumin,Spicy,1,0.25
Cyclamen,Floral,6,1.0
Dairy,Green,1,1.0
Dried Fruit,Floral,5,1.0
Dry,Woody,51,0.4594594594594595
Dry,Amber,22,0.1981981981981982
Dry,Spicy,12,0.10810810810810811
Dry,Powdery,5,0.04504504504504504
Dry,Acidic,3,0.02702702702702703
Dry,Citrus,3,0.02702702702702703
Dry,Floral,3,0.02702702702702703
Dry,Animal Like,2,0.018018018018018018
Dry,Aromatic,2,0.018018018018018018
Dry,Fruity,2,0.018018018018018018
Dry,Green,2,0.018018018018018018
Dry,Minty,2,0.018018018018018018
Dry,Musk Like,1,0.009009009009009009
Dry,Sulfurous,1,0.009009009009009009
Dusty,Woody,1,1.0
Earthy,Woody,34,0.4857142857142857
Earthy,Green,9,0.12857142857142856
Earthy,Herbal,5,0.07142857142857142
Earthy,Floral,4,0.05714285714285714
Earthy,Fruity,4,0.05714285714285714
Earthy,Food Like,3,0.04285714285714286
Earthy,Minty,2,0.02857142857142857
Earthy,Musk Like,2,0.02857142857142857
Earthy,Smoky,2,0.02857142857142857
Earthy,Aldehydic,1,0.014285714285714285
Earthy,Aromatic,1,0.014285714285714285
Earthy,Balsamic,1,0.014285714285714285
Earthy,Camphoraceous,1,0.014285714285714285
Earthy,Spicy,1,0.014285714285714285
Ethereal,Fruity,4,0.5714285714285714
Ethereal,Gourmand,2,0.2857142857142857
Ethereal,Acidic,1,0.14285714285714285
Eucalyptus,Herbal,3,0.6
Eucalyptus,Aromatic,1,0.2
Eucalyptus,Citrus,1,0.2
Fatty,Green,4,0.2857142857142857
Fatty,Acidic,2,0.14285714285714285
Fatty,Aldehydic,2,0.14285714285714285
Fatty,Floral,2,0.14285714285714285
Fatty,Gourmand,2,0.14285714285714285
Fatty,Food Like,1,0.07142857142857142
Fatty,Fruity,1,0.07142857142857142
Fenugreek,Fruity,1,1.0
Fermented,Fruity,16,0.8421052631578947
Fermented,Floral,1,0.05263157894736842
Fermented,Food Like,1,0.05263157894736842
Fermented,Gourmand,1,0.05263157894736842
Floral,Green,76,0.23100303951367782
Floral,Fruity,61,0.18541033434650456
Floral,Herbal,32,0.0972644376899696
Floral,Woody,26,0.0790273556231003
Floral,Balsamic,25,0.07598784194528875
Floral,Citrus,24,0.0729483282674772
Floral,Musk Like,20,0.060790273556231005
Floral,Spicy,18,0.0547112462006079
Floral,Aldehydic,15,0.04559270516717325
Floral,Powdery,10,0.030395136778115502
Floral,Animal Like,4,0.0121580547112462
Floral,Tobacco Like,4,0.0121580547112462
Floral,Anisic,3,0.00911854103343465
Floral,Honey,3,0.00911854103343465
Floral,Aromatic,2,0.0060790273556231
Floral,Marine,2,0.0060790273556231
Floral,Minty,2,0.0060790273556231
Floral,Earthy,1,0.00303951367781155
Floral,Ozonic,1,0.00303951367781155
Foliage,Green,1,1.0
Food Like,Sulfurous,2,0.4
Food Like,Acidic,1,0.2
Food Like,Fruity,1,0.2
Food Like,Green,1,0.2
Frangipani,Floral,1,1.0
Fresh,Citrus,63,0.20723684210526316
Fresh,Floral,50,0.16447368421052633
Fresh,Herbal,45,0.14802631578947367
Fresh,Fruity,34,0.1118421052631579
Fresh,Green,27,0.08881578947368421
Fresh,Minty,24,0.07894736842105263
Fresh,Woody,21,0.06907894736842106
Fresh,Spicy,13,0.04276315789473684
Fresh,Marine,7,0.023026315789473683
Fresh,Aldehydic,6,0.019736842105263157
Fresh,Aromatic,5,0.01644736842105263
Fresh,Camphoraceous,3,0.009868421052631578
Fresh,Ozonic,3,0.009868421052631578
Fresh,Balsamic,2,0.006578947368421052
Fresh,Musk Like,1,0.003289473684210526
Fruity,Floral,83,0.3007246376811594
Fruity,Green,47,0.17028985507246377
Fruity,Citrus,41,0.14855072463768115
Fruity,Herbal,27,0.09782608695652174
Fruity,Balsamic,14,0.050724637681159424
Fruity,Musk Like,14,0.050724637681159424
Fruity,Woody,12,0.043478260869565216
Fruity,Gourmand,8,0.028985507246376812
Fruity,Spicy,7,0.025362318840579712
Fruity,Powdery,6,0.021739130434782608
Fruity,Acidic,4,0.014492753623188406
Fruity,Aldehydic,4,0.014492753623188406
Fruity,Aromatic,3,0.010869565217391304
Fruity,Minty,2,0.007246376811594203
Fruity,Anisic,1,0.0036231884057971015
Fruity,Earthy,1,0.0036231884057971015
Fruity,Food Like,1,0.0036231884057971015
Fruity,Marine,1,0.0036231884057971015
Fungal,Earthy,1,0.25
Fungal,Food Like,1,0.25
Fungal,Fruity,1,0.25
Fungal,Woody,1,0.25
Galbanum,Green,10,0.8333333333333334
Galbanum,Herbal,2,0.16666666666666666
Gardenia,Floral,3,1.0
Garlic,Sulfurous,10,0.9090909090909091
Garlic,Food Like,1,0.09090909090909091
Geranium,Floral,24,0.8
Geranium,Green,3,0.1
Geranium,Citrus,1,0.03333333333333333
Geranium,Fruity,1,0.03333333333333333
Geranium,Herbal,1,0.03333333333333333
Ginger,Spicy,10,1.0
Gourmand,Acidic,2,0.5
Gourmand,Floral,1,0.25
Gourmand,Powdery,1,0.25
Grape,Fruity,7,0.5
Grape,Floral,4,0.2857142857142857
Grape,Green,2,0.14285714285714285
Grape,Gourmand,1,0.07142857142857142
Grapefruit,Citrus,24,0.5714285714285714
Grapefruit,Fruity,8,0.19047619047619047
Grapefruit,Woody,5,0.11904761904761904
Grapefruit,Aromatic,2,0.047619047619047616
Grapefruit,Sulfurous,2,0.047619047619047616
Grapefruit,Green,1,0.023809523809523808
Grassy,Green,14,1.0
Green,Floral,144,0.3317972350230415
Green,Fruity,114,0.2626728110599078
Green,Herbal,63,0.14516129032258066
Green,Citrus,31,0.07142857142857142
Green,Aldehydic,23,0.052995391705069124
Green,Minty,16,0.03686635944700461
Green,Spicy,11,0.02534562211981567
Green,Woody,9,0.020737327188940093
Green,Camphoraceous,4,0.009216589861751152
Green,Food Like,4,0.009216589861751152
Green,Balsamic,3,0.0069124423963133645
Green,Sulfurous,3,0.0069124423963133645
Green,Anisic,2,0.004608294930875576
Green,Marine,2,0.004608294930875576
Green,Acidic,1,0.002304147465437788
Green,Animal Like,1,0.002304147465437788
Green,Aromatic,1,0.002304147465437788
Green,Gourmand,1,0.002304147465437788
Green,Ozonic,1,0.002304147465437788
Guaicwood,Woody,1,1.0
Hawthorn,Floral,3,0.75
Hawthorn,Balsamic,1,0.25
Hay,Floral,7,0.22580645161290322
Hay,Powdery,5,0.16129032258064516
Hay,Herbal,4,0.12903225806451613
Hay,Tobacco Like,4,0.12903225806451613
Hay,Honey,3,0.0967741935483871
Hay,Fruity,2,0.06451612903225806
Hay,Green,2,0.06451612903225806
Hay,Balsamic,1,0.03225806451612903
Hay,Gourmand,1,0.03225806451612903
Hay,Spicy,1,0.03225806451612903
Hay,Woody,1,0.03225806451612903
Heliotrope,Floral,1,1.0
Herbal,Floral,40,0.2
Herbal,Minty,35,0.175
Herbal,Green,30,0.15
Herbal,Citrus,29,0.145
Herbal,Spicy,14,0.07
Herbal,Anisic,9,0.045
Herbal,Camphoraceous,8,0.04
Herbal,Woody,8,0.04
Herbal,Fruity,7,0.035
Herbal,Aromatic,6,0.03
Herbal,Aldehydic,4,0.02
Herbal,Earthy,2,0.01
Herbal,Gourmand,2,0.01
Herbal,Ozonic,2,0.01
Herbal,Amber,1,0.005
Herbal,Balsamic,1,0.005
Herbal,Marine,1,0.005
Herbal,Tobacco Like,1,0.005
Honey,Floral,21,0.4772727272727273
Honey,Fruity,11,0.25
Honey,Balsamic,3,0.06818181818181818
Honey,Gourmand,3,0.06818181818181818
Honey,Green,3,0.06818181818181818
Honey,Amber,1,0.022727272727272728
Honey,Citrus,1,0.022727272727272728
Honey,Spicy,1,0.022727272727272728
Honeydew,Fruity,1,1.0
Honeysuckle,Floral,2,1.0
Horseradish,Spicy,1,1.0
Hyacinth,Floral,14,0.6363636363636364
Hyacinth,Green,6,0.2727272727272727
Hyacinth,Aldehydic,1,0.045454545454545456
Hyacinth,Fruity,1,0.045454545454545456
Incense,Woody,2,1.0
Indolic,Animal Like,6,0.8571428571428571
Indolic,Floral,1,0.14285714285714285
Iris,Floral,1,1.0
Jasmin,Floral,68,0.8292682926829268
Jasmin,Fruity,10,0.12195121951219512
Jasmin,Animal Like,3,0.036585365853658534
Jasmin,Balsamic,1,0.012195121951219513
Juicy,Fruity,5,1.0
Juniper,Herbal,1,1.0
Kiwi,Fruity,1,1.0
Labdanum,Citrus,1,1.0
Lactonic,Floral,1,0.5
Lactonic,Gourmand,1,0.5
Lavender,Floral,22,0.44
Lavender,Herbal,22,0.44
Lavender,Citrus,3,0.06
Lavender,Earthy,1,0.02
Lavender,Green,1,0.02
Lavender,Minty,1,0.02
Leafy,Green,16,0.8421052631578947
Leafy,Fruity,1,0.05263157894736842
Leafy,Herbal,1,0.05263157894736842
Leafy,Minty,1,0.05263157894736842
Leathery,Animal Like,12,0.35294117647058826
Leathery,Smoky,6,0.17647058823529413
Leathery,Woody,5,0.14705882352941177
Leathery,Balsamic,2,0.058823529411764705
Leathery,Floral,2,0.058823529411764705
Leathery,Herbal,2,0.058823529411764705
Leathery,Spicy,2,0.058823529411764705
Leathery,Food Like,1,0.029411764705882353
Leathery,Fruity,1,0.029411764705882353
Leathery,Green,1,0.029411764705882353
Lemon,Citrus,51,0.9444444444444444
Lemon,Aldehydic,1,0.018518518518518517
Lemon,Floral,1,0.018518518518518517
Lemon,Fruity,1,0.018518518518518517
Lemongrass,Citrus,2,0.5
Lemongrass,Herbal,2,0.5
Licorice,Anisic,3,0.375
Licorice,Gourmand,3,0.375
Licorice,Fruity,1,0.125
Licorice,Herbal,1,0.125
Light,Fruity,4,0.6666666666666666
Light,Balsamic,1,0.16666666666666666
Light,Floral,1,0.16666666666666666
Lily,Floral,5,0.8333333333333334
Lily,Citrus,1,0.16666666666666666
Lime,Citrus,20,0.9090909090909091
Lime,Herbal,2,0.09090909090909091
Linden,Floral,1,1.0
Liquorice,Anisic,2,0.5
Liquorice,Herbal,1,0.25
Liquorice,Woody,1,0.25
Lovage,Tobacco Like,1,1.0
Magnolia,Floral,5,1.0
Malty,Gourmand,1,1.0
Mandarin,Citrus,12,0.6666666666666666
Mandarin,Aldehydic,6,0.3333333333333333
Mango,Fruity,5,1.0
Maple,Gourmand,1,1.0
Marigold,Floral,1,1.0
Marine,Floral,4,0.36363636363636365
Marine,Aldehydic,3,0.2727272727272727
Marine,Ozonic,2,0.18181818181818182
Marine,Citrus,1,0.09090909090909091
Marine,Herbal,1,0.09090909090909091
Meadow,Floral,1,1.0
Medicinal,Herbal,5,0.2777777777777778
Medicinal,Floral,3,0.16666666666666666
Medicinal,Spicy,3,0.16666666666666666
Medicinal,Animal Like,2,0.1111111111111111
Medicinal,Aromatic,1,0.05555555555555555
Medicinal,Gourmand,1,0.05555555555555555
Medicinal,Green,1,0.05555555555555555
Medicinal,Smoky,1,0.05555555555555555
Medicinal,Woody,1,0.05555555555555555
Melon,Fruity,9,0.5
Melon,Green,8,0.4444444444444444
Melon,Floral,1,0.05555555555555555
Menthol,Minty,2,1.0
Metallic,Spicy,7,0.7
Metallic,Green,1,0.1
Metallic,Herbal,1,0.1
Metallic,Ozonic,1,0.1
Milky,Gourmand,7,0.3181818181818182
Milky,Woody,5,0.22727272727272727
Milky,Balsamic,4,0.18181818181818182
Milky,Floral,3,0.13636363636363635
Milky,Fruity,2,0.09090909090909091
Milky,Food Like,1,0.045454545454545456
Mimosa,Floral,2,0.6666666666666666
Mimosa,Powdery,1,0.3333333333333333
Minty,Herbal,33,0.5689655172413793
Minty,Fruity,8,0.13793103448275862
Minty,Floral,6,0.10344827586206896
Minty,Aromatic,3,0.05172413793103448
Minty,Green,3,0.05172413793103448
Minty,Citrus,2,0.034482758620689655
Minty,Woody,2,0.034482758620689655
Minty,Camphoraceous,1,0.017241379310344827
Mossy,Woody,17,0.7727272727272727
Mossy,Aldehydic,1,0.045454545454545456
Mossy,Amber,1,0.045454545454545456
Mossy,Earthy,1,0.045454545454545456
Mossy,Green,1,0.045454545454545456
Mossy,Marine,1,0.045454545454545456
Muguet,Floral,44,0.8627450980392157
Muguet,Aldehydic,4,0.0784313725490196
Muguet,Green,3,0.058823529411764705
Mushroom,Earthy,7,0.4666666666666667
Mushroom,Amber,5,0.3333333333333333
Mushroom,Green,2,0.13333333333333333
Mushroom,Herbal,1,0.06666666666666667
Musk Like,Floral,2,0.2857142857142857
Musk Like,Woody,2,0.2857142857142857
Musk Like,Amber,1,0.14285714285714285
Musk Like,Animal Like,1,0.14285714285714285
Musk Like,Powdery,1,0.14285714285714285
Musty,Earthy,3,0.3333333333333333
Musty,Animal Like,1,0.1111111111111111
Musty,Floral,1,0.1111111111111111
Musty,Fruity,1,0.1111111111111111
Musty,Gourmand,1,0.1111111111111111
Musty,Herbal,1,0.1111111111111111
Musty,Woody,1,0.1111111111111111
Myrrh,Floral,1,0.5
Myrrh,Fruity,1,0.5
Narcissus,Floral,4,1.0
Nasturtium,Green,2,1.0
Neroli,Floral,44,0.9166666666666666
Neroli,Citrus,2,0.041666666666666664
Neroli,Fruity,1,0.020833333333333332
Neroli,Green,1,0.020833333333333332
Neutral,Acidic,2,0.5
Neutral,Floral,1,0.25
Neutral,Smoky,1,0.25
Nutmeg,Spicy,3,1.0
Nutty,Gourmand,22,0.3492063492063492
Nutty,Food Like,21,0.3333333333333333
Nutty,Woody,7,0.1111111111111111
Nutty,Sulfurous,4,0.06349206349206349
Nutty,Earthy,3,0.047619047619047616
Nutty,Fruity,3,0.047619047619047616
Nutty,Aldehydic,1,0.015873015873015872
Nutty,Green,1,0.015873015873015872
Nutty,Smoky,1,0.015873015873015872
Oak,Herbal,1,1.0
Oily,Fruity,20,0.2777777777777778
Oily,Green,20,0.2777777777777778
Oily,Floral,11,0.1527777777777778
Oily,Woody,6,0.08333333333333333
Oily,Aldehydic,5,0.06944444444444445
Oily,Gourmand,3,0.041666666666666664
Oily,Balsamic,2,0.027777777777777776
Oily,Acidic,1,0.013888888888888888
Oily,Citrus,1,0.013888888888888888
Oily,Food Like,1,0.013888888888888888
Oily,Herbal,1,0.013888888888888888
Oily,Minty,1,0.013888888888888888
Onion,Sulfurous,16,0.8888888888888888
Onion,Green,2,0.1111111111111111
Orange,Citrus,38,0.7307692307692307
Orange,Aldehydic,7,0.1346153846153846
Orange,Green,4,0.07692307692307693
Orange,Fruity,3,0.057692307692307696
Oriental,Floral,1,1.0
Orris,Floral,3,0.375
Orris,Woody,3,0.375
Orris,Earthy,1,0.125
Orris,Green,1,0.125
Osmanthus,Floral,1,1.0
Ozonic,Floral,6,0.35294117647058826
Ozonic,Green,3,0.17647058823529413
Ozonic,Herbal,3,0.17647058823529413
Ozonic,Citrus,2,0.11764705882352941
Ozonic,Marine,2,0.11764705882352941
Ozonic,Aldehydic,1,0.058823529411764705
Parsley,Herbal,3,1.0
Passionfruit,Fruity,3,1.0
Patchouli,Woody,22,0.9166666666666666
Patchouli,Earthy,2,0.08333333333333333
Pea,Green,2,1.0
Peach,Fruity,29,0.8285714285714286
Peach,Floral,3,0.08571428571428572
Peach,Herbal,2,0.05714285714285714
Peach,Aldehydic,1,0.02857142857142857
Peanut,Food Like,2,0.6666666666666666
Peanut,Green,1,0.3333333333333333
Pear,Fruity,43,0.7049180327868853
Pear,Green,11,0.18032786885245902
Pear,Floral,3,0.04918032786885246
Pear,Musk Like,3,0.04918032786885246
Pear,Herbal,1,0.01639344262295082
Peony,Floral,2,1.0
Peppermint,Minty,4,1.0
Peppery,Spicy,29,0.5178571428571429
Peppery,Woody,19,0.3392857142857143
Peppery,Citrus,4,0.07142857142857142
Peppery,Aromatic,2,0.03571428571428571
Peppery,Balsamic,1,0.017857142857142856
Peppery,Floral,1,0.017857142857142856
Petitgrain,Citrus,1,0.5
Petitgrain,Floral,1,0.5
Phenolic,Animal Like,8,0.2962962962962963
Phenolic,Smoky,7,0.25925925925925924
Phenolic,Aromatic,2,0.07407407407407407
Phenolic,Floral,2,0.07407407407407407
Phenolic,Food Like,2,0.07407407407407407
Phenolic,Green,2,0.07407407407407407
Phenolic,Balsamic,1,0.037037037037037035
Phenolic,Earthy,1,0.037037037037037035
Phenolic,Gourmand,1,0.037037037037037035
Phenolic,Spicy,1,0.037037037037037035
Pine,Herbal,40,0.47058823529411764
Pine,Aromatic,24,0.2823529411764706
Pine,Woody,13,0.15294117647058825
Pine,Citrus,2,0.023529411764705882
Pine,Floral,2,0.023529411764705882
Pine,Green,2,0.023529411764705882
Pine,Balsamic,1,0.011764705882352941
Pine,Camphoraceous,1,0.011764705882352941
Pineapple,Fruity,55,0.9166666666666666
Pineapple,Green,3,0.05
Pineapple,Gourmand,1,0.016666666666666666
Pineapple,Herbal,1,0.016666666666666666
Plastic,Green,2,1.0
Plum,Fruity,16,0.64
Plum,Floral,8,0.32
Plum,Tobacco Like,1,0.04
Popcorn,Food Like,2,0.4
Popcorn,Gourmand,2,0.4
Popcorn,Earthy,1,0.2
Potato,Food Like,1,0.5
Potato,Green,1,0.5
Powdery,Musk Like,33,0.3626373626373626
Powdery,Floral,23,0.25274725274725274
Powdery,Woody,15,0.16483516483516483
Powdery,Gourmand,5,0.054945054945054944
Powdery,Fruity,3,0.03296703296703297
Powdery,Honey,3,0.03296703296703297
Powdery,Anisic,2,0.02197802197802198
Powdery,Herbal,2,0.02197802197802198
Powdery,Spicy,2,0.02197802197802198
Powdery,Balsamic,1,0.01098901098901099
Powdery,Minty,1,0.01098901098901099
Powdery,Tobacco Like,1,0.01098901098901099
Powerful,Herbal,1,1.0
Privet,Green,1,1.0
Pungent,Acidic,4,0.2857142857142857
Pungent,Spicy,3,0.21428571428571427
Pungent,Green,2,0.14285714285714285
Pungent,Herbal,2,0.14285714285714285
Pungent,Animal Like,1,0.07142857142857142
Pungent,Fruity,1,0.07142857142857142
Pungent,Woody,1,0.07142857142857142
Radish,Green,1,1.0
Raspberry,Fruity,17,0.9444444444444444
Raspberry,Powdery,1,0.05555555555555555
Resinous,Woody,10,1.0
Rhubarb,Fruity,7,0.4666666666666667
Rhubarb,Citrus,5,0.3333333333333333
Rhubarb,Green,2,0.13333333333333333
Rhubarb,Woody,1,0.06666666666666667
Rice,Food Like,1,1.0
Roasted,Food Like,16,0.6153846153846154
Roasted,Gourmand,5,0.19230769230769232
Roasted,Smoky,3,0.11538461538461539
Roasted,Sulfurous,2,0.07692307692307693
Rooty,Woody,2,0.6666666666666666
Rooty,Earthy,1,0.3333333333333333
Rose,Floral,145,0.8055555555555556
Rose,Fruity,14,0.07777777777777778
Rose,Green,10,0.05555555555555555
Rose,Citrus,3,0.016666666666666666
Rose,Woody,3,0.016666666666666666
Rose,Aldehydic,2,0.011111111111111112
Rose,Animal Like,1,0.005555555555555556
Rose,Gourmand,1,0.005555555555555556
Rose,Herbal,1,0.005555555555555556
Rosemary,Herbal,2,0.5
Rosemary,Aromatic,1,0.25
Rosemary,Camphoraceous,1,0.25
Rubbery,Balsamic,1,1.0
Rum,Fruity,9,0.9
Rum,Gourmand,1,0.1
Saffron,Spicy,4,0.6666666666666666
Saffron,Green,1,0.16666666666666666
Saffron,Herbal,1,0.16666666666666666
Sage,Herbal,10,0.8333333333333334
Sage,Amber,1,0.08333333333333333
Sage,Balsamic,1,0.08333333333333333
Sandalwood,Woody,36,1.0
Savoury,Food Like,3,0.6
Savoury,Sulfurous,2,0.4
Seaweed,Green,1,0.5
Seaweed,Marine,1,0.5
Sesame,Food Like,4,1.0
Sharp,Citrus,9,0.5294117647058824
Sharp,Acidic,3,0.17647058823529413
Sharp,Green,2,0.11764705882352941
Sharp,Herbal,2,0.11764705882352941
Sharp,Fruity,1,0.058823529411764705
Smoky,Woody,26,0.6046511627906976
Smoky,Herbal,4,0.09302325581395349
Smoky,Spicy,4,0.09302325581395349
Smoky,Tobacco Like,4,0.09302325581395349
Smoky,Food Like,2,0.046511627906976744
Smoky,Amber,1,0.023255813953488372
Smoky,Anisic,1,0.023255813953488372
Smoky,Gourmand,1,0.023255813953488372
Soapy,Fruity,1,1.0
Soft,Floral,9,0.42857142857142855
Soft,Woody,5,0.23809523809523808
Soft,Musk Like,4,0.19047619047619047
Soft,Fruity,2,0.09523809523809523
Soft,Powdery,1,0.047619047619047616
Sour,Acidic,1,1.0
Spearmint,Minty,8,0.8888888888888888
Spearmint,Aromatic,1,0.1111111111111111
Spicy,Herbal,25,0.21551724137931033
Spicy,Floral,23,0.19827586206896552
Spicy,Woody,16,0.13793103448275862
Spicy,Balsamic,10,0.08620689655172414
Spicy,Anisic,9,0.07758620689655173
Spicy,Citrus,9,0.07758620689655173
Spicy,Fruity,6,0.05172413793103448
Spicy,Green,5,0.04310344827586207
Spicy,Tobacco Like,5,0.04310344827586207
Spicy,Camphoraceous,3,0.02586206896551724
Spicy,Gourmand,3,0.02586206896551724
Spicy,Amber,1,0.008620689655172414
Spicy,Smoky,1,0.008620689655172414
Strawberry,Fruity,11,0.7857142857142857
Strawberry,Gourmand,2,0.14285714285714285
Strawberry,Green,1,0.07142857142857142
Sulfurous,Fruity,5,0.4166666666666667
Sulfurous,Green,3,0.25
Sulfurous,Citrus,1,0.08333333333333333
Sulfurous,Floral,1,0.08333333333333333
Sulfurous,Food Like,1,0.08333333333333333
Sulfurous,Gourmand,1,0.08333333333333333
Sweet,Fruity,91,0.2585227272727273
Sweet,Floral,82,0.23295454545454544
Sweet,Gourmand,32,0.09090909090909091
Sweet,Spicy,27,0.07670454545454546
Sweet,Woody,18,0.05113636363636364
Sweet,Balsamic,16,0.045454545454545456
Sweet,Amber,13,0.036931818181818184
Sweet,Citrus,12,0.03409090909090909
Sweet,Herbal,10,0.028409090909090908
Sweet,Anisic,9,0.02556818181818182
Sweet,Minty,8,0.022727272727272728
Sweet,Musk Like,7,0.019886363636363636
Sweet,Earthy,6,0.017045454545454544
Sweet,Green,6,0.017045454545454544
Sweet,Powdery,6,0.017045454545454544
Sweet,Honey,3,0.008522727272727272
Sweet,Aldehydic,1,0.002840909090909091
Sweet,Aromatic,1,0.002840909090909091
Sweet,Camphoraceous,1,0.002840909090909091
Sweet,Food Like,1,0.002840909090909091
Sweet,Smoky,1,0.002840909090909091
Sweet,Sulfurous,1,0.002840909090909091
Sweet Pea,Floral,1,1.0
Tagetes,Fruity,1,1.0
Tangerine,Citrus,5,1.0
Tarragon,Herbal,1,1.0
Tea,Floral,5,0.38461538461538464
Tea,Herbal,3,0.23076923076923078
Tea,Fruity,2,0.15384615384615385
Tea,Green,1,0.07692307692307693
Tea,Spicy,1,0.07692307692307693
Tea,Woody,1,0.07692307692307693
Terpenic,Woody,3,0.3333333333333333
Terpenic,Aromatic,2,0.2222222222222222
Terpenic,Herbal,2,0.2222222222222222
Terpenic,Animal Like,1,0.1111111111111111
Terpenic,Floral,1,0.1111111111111111
Thyme,Herbal,6,0.8571428571428571
Thyme,Aromatic,1,0.14285714285714285
Toasted,Food Like,4,0.8
Toasted,Gourmand,1,0.2
Tobacco,Herbal,6,0.23076923076923078
Tobacco,Powdery,5,0.19230769230769232
Tobacco,Spicy,4,0.15384615384615385
Tobacco,Animal Like,3,0.11538461538461539
Tobacco,Fruity,3,0.11538461538461539
Tobacco,Woody,3,0.11538461538461539
Tobacco,Gourmand,1,0.038461538461538464
Tobacco,Green,1,0.038461538461538464
Toffee,Gourmand,1,1.0
Tonka,Gourmand,1,0.3333333333333333
Tonka,Spicy,1,0.3333333333333333
Tonka,Woody,1,0.3333333333333333
Tropical Fruit,Fruity,28,0.8235294117647058
Tropical Fruit,Floral,2,0.058823529411764705
Tropical Fruit,Green,2,0.058823529411764705
Tropical Fruit,Citrus,1,0.029411764705882353
Tropical Fruit,Gourmand,1,0.029411764705882353
Truffle,Sulfurous,1,1.0
Tuberose,Floral,3,1.0
Valerian,Fruity,1,1.0
Vanilla,Balsamic,16,0.35555555555555557
Vanilla,Gourmand,12,0.26666666666666666
Vanilla,Woody,8,0.17777777777777778
Vanilla,Amber,5,0.1111111111111111
Vanilla,Spicy,2,0.044444444444444446
Vanilla,Fruity,1,0.022222222222222223
Vanilla,Powdery,1,0.022222222222222223
Vegetable,Green,13,0.52
Vegetable,Sulfurous,5,0.2
Vegetable,Food Like,3,0.12
Vegetable,Herbal,2,0.08
Vegetable,Fruity,1,0.04
Vegetable,Woody,1,0.04
Verbena,Citrus,5,0.8333333333333334
Verbena,Green,1,0.16666666666666666
Vetiver,Woody,23,0.8846153846153846
Vetiver,Earthy,2,0.07692307692307693
Vetiver,Citrus,1,0.038461538461538464
Violet,Floral,33,0.5076923076923077
Violet,Green,11,0.16923076923076924
Violet,Woody,10,0.15384615384615385
Violet,Powdery,7,0.1076923076923077
Violet,Fruity,2,0.03076923076923077
Violet,Herbal,2,0.03076923076923077
Warm,Spicy,38,0.3275862068965517
Warm,Woody,22,0.1896551724137931
Warm,Floral,15,0.12931034482758622
Warm,Musk Like,11,0.09482758620689655
Warm,Herbal,6,0.05172413793103448
Warm,Tobacco Like,6,0.05172413793103448
Warm,Amber,5,0.04310344827586207
Warm,Balsamic,4,0.034482758620689655
Warm,Animal Like,3,0.02586206896551724
Warm,Powdery,2,0.017241379310344827
Warm,Camphoraceous,1,0.008620689655172414
Warm,Fruity,1,0.008620689655172414
Warm,Minty,1,0.008620689655172414
Warm,Smoky,1,0.008620689655172414
Watermelon,Fruity,1,1.0
Watery,Green,3,0.375
Watery,Floral,2,0.25
Watery,Fruity,1,0.125
Watery,Herbal,1,0.125
Watery,Marine,1,0.125
Waxy,Aldehydic,9,0.21951219512195122
Waxy,Floral,8,0.1951219512195122
Waxy,Fruity,8,0.1951219512195122
Waxy,Citrus,3,0.07317073170731707
Waxy,Food Like,3,0.07317073170731707
Waxy,Gourmand,3,0.07317073170731707
Waxy,Acidic,2,0.04878048780487805
Waxy,Green,2,0.04878048780487805
Waxy,Aromatic,1,0.024390243902439025
Waxy,Balsamic,1,0.024390243902439025
Waxy,Herbal,1,0.024390243902439025
Wine,Fruity,1,1.0
Wine Lees*,Fruity,1,1.0
Woody,Floral,33,0.16751269035532995
Woody,Amber,30,0.15228426395939088
Woody,Spicy,30,0.15228426395939088
Woody,Herbal,28,0.14213197969543148
Woody,Fruity,21,0.1065989847715736
Woody,Aromatic,20,0.10152284263959391
Woody,Green,7,0.03553299492385787
Woody,Musk Like,7,0.03553299492385787
Woody,Balsamic,5,0.025380710659898477
Woody,Citrus,3,0.015228426395939087
Woody,Earthy,3,0.015228426395939087
Woody,Animal Like,2,0.01015228426395939
Woody,Smoky,2,0.01015228426395939
Woody,Acidic,1,0.005076142131979695
Woody,Aldehydic,1,0.005076142131979695
Woody,Camphoraceous,1,0.005076142131979695
Woody,Food Like,1,0.005076142131979695
Woody,Powdery,1,0.005076142131979695
Woody,Tobacco Like,1,0.005076142131979695
Yeast,Food Like,1,1.0
Ylang,Floral,18,0.782608695652174
Ylang,Herbal,3,0.13043478260869565
Ylang,Balsamic,1,0.043478260869565216
Ylang,Smoky,1,0.043478260869565216
Zesty,Citrus,4,1.0
