secondary_descriptor,count,percentage,ingredient_count,descriptor_2_count,descriptor_3_count
Green,434,0.06957358127605001,434,177,257
Sweet,352,0.05642834241744149,352,224,128
Floral,329,0.05274126322539276,329,156,173
Fresh,304,0.04873356845142674,304,178,126
Fruity,276,0.0442449503045848,276,135,141
Herbal,200,0.032061558191728116,200,88,112
Woody,197,0.0315806348188522,197,88,109
Rose,180,0.028855402372555305,180,130,50
Citrus,135,0.02164155177941648,135,49,86
Balsamic,133,0.0213209361974992,133,67,66
Spicy,116,0.018595703751202307,116,51,65
Warm,116,0.018595703751202307,116,55,61
Dry,111,0.017794164796409107,111,23,88
Apple,96,0.015389547932029497,96,52,44
Powdery,91,0.014588008977236293,91,26,65
Amber,88,0.014107085604360373,88,54,34
Pine,85,0.01362616223148445,85,53,32
Jasmin,82,0.013145238858608528,82,40,42
Camphoraceous,74,0.011862776530939404,74,37,37
Oily,72,0.011542160949022122,72,25,47
Earthy,70,0.01122154536710484,70,42,28
Violet,65,0.010420006412311639,65,36,29
Nutty,63,0.010099390830394357,62,37,26
Aromatic,62,0.009939083039435716,62,39,23
Pear,61,0.009778775248477076,60,17,44
Pineapple,60,0.009618467457518435,60,25,35
Minty,58,0.009297851875601153,58,25,33
Peppery,56,0.008977236293683874,56,39,17
Lemon,54,0.008656620711766592,54,37,17
Aldehydic,53,0.008496312920807951,53,18,35
Orange,52,0.00833600512984931,52,31,21
Muguet,51,0.00817569733889067,51,32,19
Lavender,50,0.008015389547932029,50,32,18
Cedarwood,48,0.0076947739660147485,48,33,15
Neroli,48,0.0076947739660147485,48,36,12
Creamy,47,0.007534466175056108,47,19,28
Vanilla,45,0.007213850593138826,45,21,24
Honey,44,0.007053542802180186,44,13,31
Smoky,43,0.0068932350112215456,43,18,25
Grapefruit,42,0.006732927220262905,42,22,20
Waxy,41,0.006572619429304264,41,21,20
Sandalwood,36,0.005771080474511061,36,27,9
Peach,35,0.00561077268355242,35,16,19
Caramel,34,0.0054504648925937805,34,18,16
Leathery,34,0.0054504648925937805,34,15,19
Tropical Fruit,34,0.0054504648925937805,34,15,19
Cinnamon,31,0.004969541519717858,31,14,17
Hay,31,0.004969541519717858,31,20,11
Geranium,30,0.0048092337287592175,30,10,20
Berry,29,0.004648925937800577,29,15,14
Animal Like,28,0.004488618146841937,28,17,11
Anisic,27,0.004328310355883296,27,14,13
Phenolic,27,0.004328310355883296,27,17,10
Roasted,26,0.004168002564924655,26,10,16
Tobacco,26,0.004168002564924655,26,4,22
Vetiver,26,0.004168002564924655,26,15,11
Coconut,25,0.0040076947739660146,25,11,14
Plum,25,0.0040076947739660146,25,9,16
Vegetable,25,0.0040076947739660146,25,10,15
Patchouli,24,0.0038473869830073742,24,9,15
Ylang,23,0.0036870791920487335,23,10,13
Banana,22,0.003526771401090093,22,9,13
Hyacinth,22,0.003526771401090093,22,11,11
Lime,22,0.003526771401090093,22,15,7
Milky,22,0.003526771401090093,22,5,17
Mossy,22,0.003526771401090093,22,19,3
Coffee,21,0.0033664636101314524,21,13,8
Cucumber,21,0.0033664636101314524,21,12,9
Soft,21,0.0033664636101314524,21,12,9
Blackcurrant,20,0.0032061558191728116,20,15,5
Almond,19,0.0030458480282141713,19,8,11
Fermented,19,0.0030458480282141713,19,7,12
Leafy,19,0.0030458480282141713,19,8,11
Mandarin,18,0.0028855402372555306,18,13,5
Medicinal,18,0.0028855402372555306,18,9,9
Melon,18,0.0028855402372555306,18,7,11
Onion,18,0.0028855402372555306,18,11,7
Raspberry,18,0.0028855402372555306,18,10,8
Cooling,17,0.0027252324462968902,17,7,10
Ozonic,17,0.0027252324462968902,17,6,11
Sharp,17,0.0027252324462968902,17,7,10
Buttery,16,0.0025649246553382495,16,11,5
Mushroom,15,0.0024046168643796087,15,9,6
Rhubarb,15,0.0024046168643796087,15,9,6
Chocolate,14,0.0022443090734209684,14,9,5
Clove,14,0.0022443090734209684,14,10,4
Fatty,14,0.0022443090734209684,14,7,7
Grape,14,0.0022443090734209684,14,5,9
Grassy,14,0.0022443090734209684,14,13,1
Pungent,14,0.0022443090734209684,14,7,7
Strawberry,14,0.0022443090734209684,14,6,8
Tea,13,0.0020840012824623277,13,5,8
Cheesy,12,0.0019236934915036871,12,6,6
Galbanum,12,0.0019236934915036871,12,7,5
Sage,12,0.0019236934915036871,12,9,3
Sulfurous,12,0.0019236934915036871,12,7,5
Clean,11,0.0017633857005450466,11,0,11
Garlic,11,0.0017633857005450466,11,6,5
Marine,11,0.0017633857005450466,11,5,6
Apricot,10,0.0016030779095864058,10,3,7
Bergamot,10,0.0016030779095864058,10,9,1
Ginger,10,0.0016030779095864058,10,10,0
Metallic,10,0.0016030779095864058,10,2,8
Resinous,10,0.0016030779095864058,10,2,8
Rum,10,0.0016030779095864058,10,9,1
Cherry,9,0.0014427701186277653,9,5,4
Musty,9,0.0014427701186277653,9,3,6
Spearmint,9,0.0014427701186277653,9,7,2
Terpenic,9,0.0014427701186277653,9,3,6
Chamomile,8,0.0012824623276691247,8,5,3
Licorice,8,0.0012824623276691247,8,5,3
Orris,8,0.0012824623276691247,8,8,0
Watery,8,0.0012824623276691247,8,4,4
Burnt,7,0.0011221545367104842,7,0,7
Celery,7,0.0011221545367104842,7,3,4
Cocoa,7,0.0011221545367104842,7,2,5
Coriander,7,0.0011221545367104842,7,4,3
Ethereal,7,0.0011221545367104842,7,1,6
Indolic,7,0.0011221545367104842,7,5,2
Musk Like,7,0.0011221545367104842,7,3,4
Thyme,7,0.0011221545367104842,7,6,1
Coumarin,6,0.0009618467457518436,6,5,1
Cyclamen,6,0.0009618467457518436,6,2,4
Light,6,0.0009618467457518436,6,0,6
Lily,6,0.0009618467457518436,6,2,4
Saffron,6,0.0009618467457518436,6,5,1
Verbena,6,0.0009618467457518436,6,3,3
Dried Fruit,5,0.0008015389547932029,5,0,5
Eucalyptus,5,0.0008015389547932029,5,3,2
Food Like,5,0.0008015389547932029,5,1,4
Juicy,5,0.0008015389547932029,5,2,3
Magnolia,5,0.0008015389547932029,5,2,3
Mango,5,0.0008015389547932029,5,2,3
Popcorn,5,0.0008015389547932029,5,3,2
Savoury,5,0.0008015389547932029,5,1,4
Tangerine,5,0.0008015389547932029,5,2,3
Toasted,5,0.0008015389547932029,5,1,4
Artemisia,4,0.0006412311638345624,4,0,4
Carrot,4,0.0006412311638345624,4,2,2
Cassis,4,0.0006412311638345624,4,2,2
Cumin,4,0.0006412311638345624,4,1,3
Fungal,4,0.0006412311638345624,4,2,2
Gourmand,4,0.0006412311638345624,4,2,2
Hawthorn,4,0.0006412311638345624,4,3,1
Lemongrass,4,0.0006412311638345624,4,1,3
Liquorice,4,0.0006412311638345624,4,0,4
Narcissus,4,0.0006412311638345624,4,3,1
Neutral,4,0.0006412311638345624,4,2,2
Peppermint,4,0.0006412311638345624,4,3,1
Rosemary,4,0.0006412311638345624,4,2,2
Sesame,4,0.0006412311638345624,4,4,0
Zesty,4,0.0006412311638345624,4,2,2
Acidic,3,0.0004809233728759218,3,1,2
Cabbage,3,0.0004809233728759218,3,0,3
Carnation,3,0.0004809233728759218,3,1,2
Gardenia,3,0.0004809233728759218,3,1,2
Mimosa,3,0.0004809233728759218,3,0,3
Nutmeg,3,0.0004809233728759218,3,3,0
Parsley,3,0.0004809233728759218,3,2,1
Passionfruit,3,0.0004809233728759218,3,2,1
Peanut,3,0.0004809233728759218,3,2,1
Rooty,3,0.0004809233728759218,3,1,2
Tonka,3,0.0004809233728759218,3,1,2
Tuberose,3,0.0004809233728759218,3,1,2
Basil,2,0.0003206155819172812,2,1,1
Bell Pepper,2,0.0003206155819172812,2,0,2
Blueberry,2,0.0003206155819172812,2,1,1
Brandy,2,0.0003206155819172812,2,0,2
Butterscotch,2,0.0003206155819172812,2,0,2
Cherry Blossom,2,0.0003206155819172812,2,0,2
Corn,2,0.0003206155819172812,2,0,2
Honeysuckle,2,0.0003206155819172812,2,1,1
Incense,2,0.0003206155819172812,2,1,1
Lactonic,2,0.0003206155819172812,2,2,0
Menthol,2,0.0003206155819172812,2,0,2
Myrrh,2,0.0003206155819172812,2,0,2
Nasturtium,2,0.0003206155819172812,2,1,1
Pea,2,0.0003206155819172812,2,0,2
Peony,2,0.0003206155819172812,2,1,1
Petitgrain,2,0.0003206155819172812,2,1,1
Plastic,2,0.0003206155819172812,2,2,0
Potato,2,0.0003206155819172812,2,0,2
Seaweed,2,0.0003206155819172812,2,1,1
Bayleaf,1,0.0001603077909586406,1,0,1
Bitter,1,0.0001603077909586406,1,0,1
Bread,1,0.0001603077909586406,1,1,0
Caraway,1,0.0001603077909586406,1,1,0
Chilli Pepper,1,0.0001603077909586406,1,0,1
Citronella,1,0.0001603077909586406,1,0,1
Dairy,1,0.0001603077909586406,1,0,1
Dusty,1,0.0001603077909586406,1,0,1
Fenugreek,1,0.0001603077909586406,1,1,0
Foliage,1,0.0001603077909586406,1,0,1
Frangipani,1,0.0001603077909586406,1,1,0
Guaicwood,1,0.0001603077909586406,1,0,1
Heliotrope,1,0.0001603077909586406,1,0,1
Honeydew,1,0.0001603077909586406,1,0,1
Horseradish,1,0.0001603077909586406,1,0,1
Iris,1,0.0001603077909586406,1,1,0
Juniper,1,0.0001603077909586406,1,0,1
Kiwi,1,0.0001603077909586406,1,1,0
Labdanum,1,0.0001603077909586406,1,0,1
Linden,1,0.0001603077909586406,1,0,1
Lovage,1,0.0001603077909586406,1,0,1
Malty,1,0.0001603077909586406,1,0,1
Maple,1,0.0001603077909586406,1,0,1
Marigold,1,0.0001603077909586406,1,0,1
Meadow,1,0.0001603077909586406,1,1,0
Oak,1,0.0001603077909586406,1,0,1
Oriental,1,0.0001603077909586406,1,0,1
Osmanthus,1,0.0001603077909586406,1,0,1
Powerful,1,0.0001603077909586406,1,1,0
Privet,1,0.0001603077909586406,1,1,0
Radish,1,0.0001603077909586406,1,0,1
Rice,1,0.0001603077909586406,1,1,0
Rubbery,1,0.0001603077909586406,1,0,1
Soapy,1,0.0001603077909586406,1,0,1
Sour,1,0.0001603077909586406,1,1,0
Sweet Pea,1,0.0001603077909586406,1,0,1
Tagetes,1,0.0001603077909586406,1,1,0
Tarragon,1,0.0001603077909586406,1,0,1
Toffee,1,0.0001603077909586406,1,1,0
Truffle,1,0.0001603077909586406,1,1,0
Valerian,1,0.0001603077909586406,1,1,0
Watermelon,1,0.0001603077909586406,1,1,0
Wine,1,0.0001603077909586406,1,0,1
Wine Lees*,1,0.0001603077909586406,1,1,0
Yeast,1,0.0001603077909586406,1,1,0
